show_id,type,title,director,cast,country,date_added,release_year,rating,duration,listed_in,description,popularity_score
s0,Movie,Show Title 0,Director 0,"Actor 0, Actor 1, Actor 2",United States,"January 22, 2009",2007,TV-PG,111 min,Comedy,A generic description of the show content.,91.5
s1,Movie,Show Title 1,Director 1,"Actor 0, Actor 1, Actor 2, Actor 3, Actor 4, Actor 5, Actor 6, Actor 7, Actor 8, Actor 9",India,"January 20, 1991",1991,TV-PG,91 min,Comedy,A generic description of the show content.,75.1
s2,Movie,Show Title 2,Director 2,"Actor 0, Actor 1, Actor 2, Actor 3, Actor 4, Actor 5",United Kingdom,"January 26, 2024",2024,TV-MA,133 min,Thriller,A generic description of the show content.,100.0
s3,Movie,Show Title 3,Director 3,"Actor 0, Actor 1, Actor 2, Actor 3, Actor 4, Actor 5, Actor 6, Actor 7",United States,"January 4, 2000",1999,TV-14,107 min,"Drama, Sci-Fi",A generic description of the show content.,100.0
s4,Movie,Show Title 4,Director 4,"Actor 0, Actor 1, Actor 2",Japan,"January 18, 2020",2019,TV-PG,148 min,Thriller,A generic description of the show content.,100.0
s5,TV Show,Show Title 5,Director 5,"Actor 0, Actor 1, Actor 2, Actor 3, Actor 4",United States,"January 25, 2003",2002,PG-13,2 Season,Romance,A generic description of the show content.,80.7
s6,TV Show,Show Title 6,Director 6,"Actor 0, Actor 1, Actor 2, Actor 3",Japan,"January 12, 2015",2014,TV-MA,5 Season,"Romance, Action",A generic description of the show content.,100.0
s7,Movie,Show Title 7,Director 7,"Actor 0, Actor 1, Actor 2, Actor 3",United Kingdom,"January 15, 1995",1994,TV-14,157 min,"Comedy, Documentary, Sci-Fi",A generic description of the show content.,76.7
s8,TV Show,Show Title 8,Director 8,"Actor 0, Actor 1",United Kingdom,"January 26, 2005",2004,R,6 Season,Comedy,A generic description of the show content.,75.3
s9,Movie,Show Title 9,Director 9,"Actor 0, Actor 1, Actor 2, Actor 3",United States,"January 9, 2010",2010,TV-MA,107 min,"Thriller, Sci-Fi, Romance",A generic description of the show content.,98.4
s10,TV Show,Show Title 10,Director 10,"Actor 0, Actor 1, Actor 2, Actor 3",India,"January 17, 2018",2017,PG-13,10 Season,"Action, Comedy",A generic description of the show content.,100.0
s11,TV Show,Show Title 11,Director 11,"Actor 0, Actor 1, Actor 2, Actor 3, Actor 4, Actor 5, Actor 6, Actor 7",Japan,"January 13, 2001",1999,R,3 Season,"Thriller, Documentary, Drama",A generic description of the show content.,84.8
s12,Movie,Show Title 12,Director 12,"Actor 0, Actor 1, Actor 2, Actor 3, Actor 4, Actor 5",South Korea,"January 25, 1992",1990,TV-14,167 min,"Drama, Romance, Documentary",A generic description of the show content.,74.4
s13,Movie,Show Title 13,Director 13,"Actor 0, Actor 1, Actor 2, Actor 3",India,"January 17, 2019",2019,TV-14,80 min,"Romance, Action, Documentary",A generic description of the show content.,92.4
s14,TV Show,Show Title 14,Director 14,"Actor 0, Actor 1, Actor 2, Actor 3, Actor 4, Actor 5, Actor 6, Actor 7, Actor 8, Actor 9",India,"January 25, 2004",2002,PG-13,3 Season,"Sci-Fi, Comedy",A generic description of the show content.,75.8
s15,Movie,Show Title 15,Director 15,"Actor 0, Actor 1, Actor 2, Actor 3, Actor 4",India,"January 19, 1997",1997,PG-13,126 min,"Comedy, Drama",A generic description of the show content.,74.9
s16,TV Show,Show Title 16,Director 16,"Actor 0, Actor 1, Actor 2, Actor 3, Actor 4, Actor 5, Actor 6, Actor 7, Actor 8",Japan,"January 18, 2024",2024,TV-14,3 Season,Romance,A generic description of the show content.,100.0
s17,Movie,Show Title 17,Director 17,"Actor 0, Actor 1, Actor 2, Actor 3, Actor 4, Actor 5, Actor 6, Actor 7",United Kingdom,"January 22, 2005",2003,TV-14,149 min,"Romance, Comedy, Action",A generic description of the show content.,98.6
s18,Movie,Show Title 18,Director 18,"Actor 0, Actor 1, Actor 2, Actor 3, Actor 4, Actor 5, Actor 6",India,"January 1, 1999",1997,TV-PG,111 min,Drama,A generic description of the show content.,75.4
s19,Movie,Show Title 19,Director 19,"Actor 0, Actor 1",United States,"January 28, 1995",1994,PG-13,170 min,"Drama, Comedy, Sci-Fi",A generic description of the show content.,55.9
s20,Movie,Show Title 20,Director 20,"Actor 0, Actor 1, Actor 2, Actor 3, Actor 4, Actor 5, Actor 6, Actor 7, Actor 8",United States,"January 8, 2022",2021,R,107 min,"Comedy, Romance, Documentary",A generic description of the show content.,100.0
s21,Movie,Show Title 21,Director 21,"Actor 0, Actor 1",United States,"January 22, 2019",2017,PG-13,125 min,"Thriller, Sci-Fi",A generic description of the show content.,97.2
s22,Movie,Show Title 22,Director 22,"Actor 0, Actor 1, Actor 2, Actor 3, Actor 4, Actor 5, Actor 6, Actor 7, Actor 8, Actor 9",United Kingdom,"January 15, 1996",1996,R,111 min,Comedy,A generic description of the show content.,84.7
s23,Movie,Show Title 23,Director 23,"Actor 0, Actor 1",India,"January 3, 1994",1994,TV-MA,136 min,"Drama, Sci-Fi, Documentary",A generic description of the show content.,55.8
s24,Movie,Show Title 24,Director 24,"Actor 0, Actor 1",India,"January 13, 2016",2015,R,87 min,Thriller,A generic description of the show content.,91.1
s25,Movie,Show Title 25,Director 25,"Actor 0, Actor 1, Actor 2, Actor 3, Actor 4",United Kingdom,"January 2, 2023",2021,TV-PG,99 min,Action,A generic description of the show content.,100.0
s26,Movie,Show Title 26,Director 26,"Actor 0, Actor 1, Actor 2, Actor 3",United States,"January 2, 1995",1993,PG-13,154 min,"Documentary, Sci-Fi",A generic description of the show content.,56.0
s27,TV Show,Show Title 27,Director 27,"Actor 0, Actor 1, Actor 2, Actor 3, Actor 4",United States,"January 19, 1996",1994,PG-13,4 Season,"Drama, Documentary",A generic description of the show content.,79.8
s28,Movie,Show Title 28,Director 28,"Actor 0, Actor 1, Actor 2, Actor 3, Actor 4, Actor 5, Actor 6",India,"January 8, 2024",2023,R,120 min,"Comedy, Romance",A generic description of the show content.,100.0
s29,Movie,Show Title 29,Director 29,"Actor 0, Actor 1, Actor 2, Actor 3, Actor 4, Actor 5, Actor 6, Actor 7, Actor 8",United Kingdom,"January 20, 2021",2019,PG-13,120 min,Drama,A generic description of the show content.,100.0
s30,Movie,Show Title 30,Director 30,"Actor 0, Actor 1, Actor 2, Actor 3, Actor 4, Actor 5, Actor 6",United States,"January 10, 2006",2006,R,96 min,"Drama, Comedy",A generic description of the show content.,92.0
s31,TV Show,Show Title 31,Director 31,"Actor 0, Actor 1, Actor 2",United Kingdom,"January 5, 2024",2023,PG-13,1 Season,"Sci-Fi, Documentary, Action",A generic description of the show content.,100.0
s32,TV Show,Show Title 32,Director 32,"Actor 0, Actor 1, Actor 2, Actor 3, Actor 4, Actor 5, Actor 6",United Kingdom,"January 7, 2001",1999,TV-14,5 Season,"Documentary, Comedy",A generic description of the show content.,82.4
s33,Movie,Show Title 33,Director 33,"Actor 0, Actor 1",United States,"January 11, 1993",1993,TV-14,91 min,"Thriller, Action, Drama",A generic description of the show content.,57.9
s34,Movie,Show Title 34,Director 34,"Actor 0, Actor 1, Actor 2",India,"January 23, 2017",2017,TV-PG,151 min,Drama,A generic description of the show content.,100.0
s35,Movie,Show Title 35,Director 35,"Actor 0, Actor 1, Actor 2, Actor 3, Actor 4, Actor 5",United States,"January 12, 1999",1999,TV-14,135 min,Drama,A generic description of the show content.,73.3
s36,Movie,Show Title 36,Director 36,"Actor 0, Actor 1, Actor 2, Actor 3",United States,"January 8, 1996",1996,TV-MA,125 min,"Sci-Fi, Thriller, Documentary",A generic description of the show content.,74.1
s37,TV Show,Show Title 37,Director 37,"Actor 0, Actor 1, Actor 2, Actor 3, Actor 4, Actor 5",United States,"January 6, 2013",2011,PG-13,7 Season,"Sci-Fi, Romance, Comedy",A generic description of the show content.,78.9
s38,Movie,Show Title 38,Director 38,"Actor 0, Actor 1, Actor 2, Actor 3, Actor 4, Actor 5, Actor 6, Actor 7, Actor 8",United States,"January 12, 2021",2020,TV-MA,108 min,Sci-Fi,A generic description of the show content.,100.0
s39,Movie,Show Title 39,Director 39,"Actor 0, Actor 1, Actor 2, Actor 3, Actor 4, Actor 5",United Kingdom,"January 12, 2017",2015,TV-PG,122 min,"Sci-Fi, Drama",A generic description of the show content.,100.0
s40,Movie,Show Title 40,Director 40,"Actor 0, Actor 1, Actor 2, Actor 3, Actor 4, Actor 5",South Korea,"January 6, 2026",2024,TV-14,122 min,Drama,A generic description of the show content.,100.0
s41,Movie,Show Title 41,Director 41,"Actor 0, Actor 1, Actor 2, Actor 3, Actor 4, Actor 5, Actor 6, Actor 7, Actor 8, Actor 9",India,"January 4, 2013",2012,TV-PG,173 min,"Thriller, Documentary",A generic description of the show content.,100.0
s42,Movie,Show Title 42,Director 42,"Actor 0, Actor 1, Actor 2, Actor 3, Actor 4, Actor 5, Actor 6",United States,"January 14, 2017",2017,TV-14,80 min,"Sci-Fi, Documentary, Comedy",A generic description of the show content.,100.0
s43,Movie,Show Title 43,Director 43,"Actor 0, Actor 1, Actor 2, Actor 3, Actor 4, Actor 5, Actor 6, Actor 7",United Kingdom,"January 11, 1998",1997,TV-14,172 min,"Documentary, Action",A generic description of the show content.,83.5
s44,Movie,Show Title 44,Director 44,"Actor 0, Actor 1, Actor 2, Actor 3, Actor 4, Actor 5",United States,"January 13, 2016",2014,PG-13,166 min,"Comedy, Documentary, Romance",A generic description of the show content.,88.2
s45,Movie,Show Title 45,Director 45,"Actor 0, Actor 1, Actor 2, Actor 3, Actor 4",United States,"January 17, 2011",2010,TV-MA,139 min,"Thriller, Romance",A generic description of the show content.,87.8
s46,Movie,Show Title 46,Director 46,"Actor 0, Actor 1, Actor 2, Actor 3, Actor 4, Actor 5",United States,"January 8, 2011",2011,TV-MA,91 min,Romance,A generic description of the show content.,93.9
s47,Movie,Show Title 47,Director 47,"Actor 0, Actor 1, Actor 2, Actor 3, Actor 4, Actor 5, Actor 6, Actor 7",United States,"January 21, 2022",2020,TV-MA,158 min,Thriller,A generic description of the show content.,100.0
s48,TV Show,Show Title 48,Director 48,"Actor 0, Actor 1",United States,"January 25, 2015",2015,R,4 Season,Romance,A generic description of the show content.,99.9
s49,Movie,Show Title 49,Director 49,"Actor 0, Actor 1, Actor 2, Actor 3, Actor 4",Japan,"January 28, 2023",2023,R,139 min,Documentary,A generic description of the show content.,96.9
s50,Movie,Show Title 50,Director 50,"Actor 0, Actor 1, Actor 2, Actor 3, Actor 4, Actor 5, Actor 6, Actor 7, Actor 8, Actor 9",India,"January 14, 2025",2023,R,151 min,"Action, Thriller, Documentary",A generic description of the show content.,100.0
s51,TV Show,Show Title 51,Director 51,"Actor 0, Actor 1, Actor 2, Actor 3, Actor 4, Actor 5",United Kingdom,"January 25, 2022",2020,R,8 Season,"Sci-Fi, Comedy",A generic description of the show content.,100.0
s52,Movie,Show Title 52,Director 52,"Actor 0, Actor 1, Actor 2, Actor 3, Actor 4, Actor 5, Actor 6",United States,"January 11, 1996",1994,PG-13,171 min,"Comedy, Action",A generic description of the show content.,73.2
s53,Movie,Show Title 53,Director 53,"Actor 0, Actor 1, Actor 2, Actor 3, Actor 4, Actor 5, Actor 6, Actor 7",United States,"January 14, 2000",1999,TV-PG,170 min,Drama,A generic description of the show content.,95.6
s54,Movie,Show Title 54,Director 54,"Actor 0, Actor 1, Actor 2, Actor 3, Actor 4, Actor 5, Actor 6, Actor 7",United States,"January 16, 2016",2016,TV-14,129 min,"Romance, Drama, Documentary",A generic description of the show content.,100.0
s55,Movie,Show Title 55,Director 55,"Actor 0, Actor 1, Actor 2, Actor 3, Actor 4",United States,"January 16, 2016",2016,TV-14,148 min,"Romance, Documentary, Sci-Fi",A generic description of the show content.,100.0
s56,Movie,Show Title 56,Director 56,"Actor 0, Actor 1, Actor 2, Actor 3, Actor 4, Actor 5, Actor 6, Actor 7, Actor 8",United States,"January 5, 2013",2011,TV-PG,165 min,"Sci-Fi, Thriller, Comedy",A generic description of the show content.,96.1
s57,Movie,Show Title 57,Director 57,"Actor 0, Actor 1, Actor 2, Actor 3",United States,"January 2, 1992",1991,R,90 min,"Thriller, Comedy, Sci-Fi",A generic description of the show content.,61.4
s58,Movie,Show Title 58,Director 58,"Actor 0, Actor 1, Actor 2, Actor 3, Actor 4, Actor 5",India,"January 27, 2011",2011,R,177 min,"Action, Thriller",A generic description of the show content.,100.0
s59,Movie,Show Title 59,Director 59,"Actor 0, Actor 1",India,"January 8, 2012",2012,PG-13,108 min,"Drama, Romance, Sci-Fi",A generic description of the show content.,100.0
s60,Movie,Show Title 60,Director 60,"Actor 0, Actor 1, Actor 2, Actor 3, Actor 4",United States,"January 15, 2022",2020,TV-14,165 min,Documentary,A generic description of the show content.,100.0
s61,TV Show,Show Title 61,Director 61,"Actor 0, Actor 1",United States,"January 10, 1999",1997,R,3 Season,"Drama, Documentary",A generic description of the show content.,72.6
s62,Movie,Show Title 62,Director 62,"Actor 0, Actor 1, Actor 2",United Kingdom,"January 23, 1995",1994,TV-PG,155 min,"Sci-Fi, Romance, Comedy",A generic description of the show content.,55.9
s63,TV Show,Show Title 63,Director 63,"Actor 0, Actor 1, Actor 2",United Kingdom,"January 17, 1994",1992,TV-14,6 Season,"Thriller, Romance, Action",A generic description of the show content.,57.0
s64,Movie,Show Title 64,Director 64,"Actor 0, Actor 1, Actor 2, Actor 3, Actor 4, Actor 5, Actor 6, Actor 7, Actor 8",India,"January 23, 2021",2021,R,93 min,"Action, Romance",A generic description of the show content.,100.0
s65,Movie,Show Title 65,Director 65,"Actor 0, Actor 1, Actor 2, Actor 3, Actor 4, Actor 5, Actor 6, Actor 7",India,"January 27, 2009",2007,TV-PG,158 min,"Sci-Fi, Thriller, Romance",A generic description of the show content.,100.0
s66,Movie,Show Title 66,Director 66,"Actor 0, Actor 1, Actor 2, Actor 3, Actor 4, Actor 5, Actor 6, Actor 7",Japan,"January 11, 1995",1995,R,115 min,"Comedy, Thriller",A generic description of the show content.,77.8
s67,TV Show,Show Title 67,Director 67,"Actor 0, Actor 1, Actor 2, Actor 3, Actor 4, Actor 5",United States,"January 18, 2003",2003,TV-PG,6 Season,"Action, Sci-Fi",A generic description of the show content.,100.0
s68,TV Show,Show Title 68,Director 68,"Actor 0, Actor 1, Actor 2, Actor 3, Actor 4, Actor 5, Actor 6, Actor 7, Actor 8",United States,"January 15, 2016",2016,PG-13,8 Season,"Sci-Fi, Comedy, Thriller",A generic description of the show content.,100.0
s69,Movie,Show Title 69,Director 69,"Actor 0, Actor 1, Actor 2, Actor 3, Actor 4, Actor 5, Actor 6, Actor 7, Actor 8, Actor 9",India,"January 17, 2006",2005,R,119 min,"Documentary, Action, Thriller",A generic description of the show content.,96.0
s70,TV Show,Show Title 70,Director 70,"Actor 0, Actor 1, Actor 2, Actor 3, Actor 4",India,"January 4, 2014",2012,TV-MA,8 Season,"Action, Sci-Fi",A generic description of the show content.,100.0
s71,Movie,Show Title 71,Director 71,"Actor 0, Actor 1, Actor 2, Actor 3, Actor 4, Actor 5, Actor 6, Actor 7, Actor 8",United Kingdom,"January 9, 2003",2001,TV-PG,104 min,Romance,A generic description of the show content.,100.0
s72,TV Show,Show Title 72,Director 72,"Actor 0, Actor 1, Actor 2, Actor 3, Actor 4",India,"January 12, 2008",2008,TV-14,2 Season,Action,A generic description of the show content.,96.6
s73,Movie,Show Title 73,Director 73,"Actor 0, Actor 1, Actor 2, Actor 3, Actor 4, Actor 5",India,"January 23, 2007",2007,R,85 min,Documentary,A generic description of the show content.,100.0
s74,Movie,Show Title 74,Director 74,"Actor 0, Actor 1, Actor 2, Actor 3",United States,"January 2, 2009",2008,R,140 min,"Thriller, Action",A generic description of the show content.,68.8
s75,Movie,Show Title 75,Director 75,"Actor 0, Actor 1, Actor 2, Actor 3",United States,"January 5, 2023",2021,TV-14,89 min,"Romance, Sci-Fi, Drama",A generic description of the show content.,100.0
s76,Movie,Show Title 76,Director 76,"Actor 0, Actor 1, Actor 2, Actor 3, Actor 4, Actor 5, Actor 6, Actor 7, Actor 8, Actor 9",United States,"January 13, 2017",2016,R,157 min,"Sci-Fi, Documentary, Comedy",A generic description of the show content.,100.0
s77,Movie,Show Title 77,Director 77,"Actor 0, Actor 1, Actor 2",India,"January 25, 2017",2017,TV-MA,119 min,"Documentary, Drama, Sci-Fi",A generic description of the show content.,100.0
s78,Movie,Show Title 78,Director 78,"Actor 0, Actor 1, Actor 2, Actor 3, Actor 4, Actor 5, Actor 6, Actor 7",United States,"January 15, 2007",2005,TV-PG,102 min,"Drama, Comedy, Sci-Fi",A generic description of the show content.,99.4
s79,Movie,Show Title 79,Director 79,"Actor 0, Actor 1, Actor 2",United States,"January 22, 2008",2008,TV-14,170 min,"Romance, Thriller",A generic description of the show content.,68.1
s80,TV Show,Show Title 80,Director 80,"Actor 0, Actor 1, Actor 2, Actor 3, Actor 4",United Kingdom,"January 21, 2002",2002,TV-14,7 Season,Documentary,A generic description of the show content.,80.8
s81,TV Show,Show Title 81,Director 81,"Actor 0, Actor 1, Actor 2, Actor 3, Actor 4, Actor 5, Actor 6, Actor 7, Actor 8",United States,"January 4, 2001",2000,TV-14,5 Season,"Romance, Documentary, Action",A generic description of the show content.,96.6
s82,Movie,Show Title 82,Director 82,"Actor 0, Actor 1",South Korea,"January 14, 2024",2022,TV-14,149 min,"Thriller, Drama",A generic description of the show content.,100.0
s83,Movie,Show Title 83,Director 83,"Actor 0, Actor 1",United States,"January 25, 2004",2004,R,166 min,"Documentary, Drama, Action",A generic description of the show content.,79.8
s84,Movie,Show Title 84,Director 84,"Actor 0, Actor 1, Actor 2",India,"January 16, 2008",2007,R,103 min,"Thriller, Romance, Sci-Fi",A generic description of the show content.,78.4
s85,Movie,Show Title 85,Director 85,"Actor 0, Actor 1, Actor 2, Actor 3, Actor 4, Actor 5",United Kingdom,"January 22, 2001",2000,TV-PG,122 min,"Romance, Thriller",A generic description of the show content.,77.0
s86,Movie,Show Title 86,Director 86,"Actor 0, Actor 1, Actor 2, Actor 3, Actor 4, Actor 5, Actor 6, Actor 7",United States,"January 28, 2008",2006,PG-13,121 min,Sci-Fi,A generic description of the show content.,100.0
s87,Movie,Show Title 87,Director 87,"Actor 0, Actor 1, Actor 2, Actor 3, Actor 4, Actor 5, Actor 6",India,"January 20, 2017",2016,R,86 min,Documentary,A generic description of the show content.,100.0
s88,TV Show,Show Title 88,Director 88,"Actor 0, Actor 1, Actor 2",United States,"January 1, 2000",1998,TV-PG,5 Season,"Romance, Thriller",A generic description of the show content.,67.7
s89,TV Show,Show Title 89,Director 89,"Actor 0, Actor 1, Actor 2, Actor 3, Actor 4, Actor 5, Actor 6, Actor 7",United Kingdom,"January 3, 2009",2009,PG-13,9 Season,Documentary,A generic description of the show content.,100.0
s90,Movie,Show Title 90,Director 90,"Actor 0, Actor 1, Actor 2, Actor 3, Actor 4, Actor 5, Actor 6, Actor 7",United States,"January 27, 2000",1999,R,143 min,"Action, Documentary, Sci-Fi",A generic description of the show content.,90.5
s91,Movie,Show Title 91,Director 91,"Actor 0, Actor 1, Actor 2",India,"January 9, 2015",2014,TV-14,104 min,"Documentary, Romance, Comedy",A generic description of the show content.,100.0
s92,TV Show,Show Title 92,Director 92,"Actor 0, Actor 1, Actor 2, Actor 3, Actor 4, Actor 5, Actor 6, Actor 7, Actor 8",India,"January 28, 1990",1990,R,5 Season,"Action, Documentary, Romance",A generic description of the show content.,71.0
s93,Movie,Show Title 93,Director 93,"Actor 0, Actor 1, Actor 2, Actor 3, Actor 4",United States,"January 19, 2025",2024,TV-MA,128 min,"Action, Comedy",A generic description of the show content.,100.0
s94,TV Show,Show Title 94,Director 94,"Actor 0, Actor 1, Actor 2, Actor 3",India,"January 16, 2010",2010,TV-MA,8 Season,"Sci-Fi, Thriller, Romance",A generic description of the show content.,89.1
s95,Movie,Show Title 95,Director 95,"Actor 0, Actor 1, Actor 2, Actor 3, Actor 4, Actor 5, Actor 6, Actor 7, Actor 8",India,"January 1, 1998",1996,TV-MA,136 min,Documentary,A generic description of the show content.,67.4
s96,Movie,Show Title 96,Director 96,"Actor 0, Actor 1, Actor 2, Actor 3, Actor 4, Actor 5, Actor 6",United Kingdom,"January 20, 2001",1999,R,89 min,"Sci-Fi, Action",A generic description of the show content.,90.5
s97,Movie,Show Title 97,Director 97,"Actor 0, Actor 1, Actor 2, Actor 3, Actor 4, Actor 5, Actor 6, Actor 7, Actor 8",Japan,"January 28, 2026",2024,PG-13,128 min,"Romance, Sci-Fi",A generic description of the show content.,100.0
s98,Movie,Show Title 98,Director 98,"Actor 0, Actor 1, Actor 2",United States,"January 15, 2008",2008,TV-14,109 min,"Drama, Thriller, Sci-Fi",A generic description of the show content.,93.1
s99,TV Show,Show Title 99,Director 99,"Actor 0, Actor 1, Actor 2, Actor 3",United States,"January 8, 1995",1993,R,5 Season,"Action, Thriller",A generic description of the show content.,70.2
s100,Movie,Show Title 100,Director 0,"Actor 0, Actor 1, Actor 2, Actor 3, Actor 4, Actor 5, Actor 6, Actor 7",United Kingdom,"January 20, 2002",2000,TV-MA,102 min,Documentary,A generic description of the show content.,71.8
s101,Movie,Show Title 101,Director 1,"Actor 0, Actor 1",India,"January 26, 2005",2004,TV-14,139 min,"Action, Thriller, Sci-Fi",A generic description of the show content.,80.8
s102,Movie,Show Title 102,Director 2,"Actor 0, Actor 1, Actor 2, Actor 3, Actor 4, Actor 5",United States,"January 15, 2019",2018,TV-MA,124 min,"Action, Romance, Thriller",A generic description of the show content.,100.0
s103,TV Show,Show Title 103,Director 3,"Actor 0, Actor 1, Actor 2, Actor 3, Actor 4, Actor 5",Japan,"January 23, 1997",1996,PG-13,4 Season,"Documentary, Action",A generic description of the show content.,73.0
s104,TV Show,Show Title 104,Director 4,"Actor 0, Actor 1, Actor 2, Actor 3, Actor 4, Actor 5, Actor 6, Actor 7, Actor 8",United Kingdom,"January 27, 2008",2007,TV-MA,1 Season,"Sci-Fi, Romance, Drama",A generic description of the show content.,100.0
s105,Movie,Show Title 105,Director 5,"Actor 0, Actor 1, Actor 2, Actor 3",United States,"January 21, 2002",2002,PG-13,159 min,"Romance, Sci-Fi",A generic description of the show content.,85.0
s106,Movie,Show Title 106,Director 6,"Actor 0, Actor 1, Actor 2, Actor 3, Actor 4, Actor 5",India,"January 11, 2015",2013,R,173 min,Drama,A generic description of the show content.,100.0
s107,Movie,Show Title 107,Director 7,"Actor 0, Actor 1, Actor 2, Actor 3, Actor 4, Actor 5",United States,"January 27, 2025",2024,TV-14,126 min,"Documentary, Action, Comedy",A generic description of the show content.,100.0
s108,TV Show,Show Title 108,Director 8,"Actor 0, Actor 1, Actor 2, Actor 3, Actor 4",United States,"January 28, 1999",1997,R,8 Season,Comedy,A generic description of the show content.,78.1
s109,TV Show,Show Title 109,Director 9,"Actor 0, Actor 1, Actor 2, Actor 3, Actor 4, Actor 5, Actor 6, Actor 7, Actor 8, Actor 9",Japan,"January 4, 2014",2013,TV-14,2 Season,"Drama, Action",A generic description of the show content.,100.0
s110,Movie,Show Title 110,Director 10,"Actor 0, Actor 1, Actor 2, Actor 3, Actor 4",United Kingdom,"January 16, 2014",2014,TV-PG,161 min,"Drama, Romance",A generic description of the show content.,86.8
s111,TV Show,Show Title 111,Director 11,"Actor 0, Actor 1, Actor 2, Actor 3, Actor 4, Actor 5, Actor 6, Actor 7",India,"January 4, 2004",2004,PG-13,2 Season,"Sci-Fi, Thriller, Action",A generic description of the show content.,96.7
s112,TV Show,Show Title 112,Director 12,"Actor 0, Actor 1, Actor 2, Actor 3, Actor 4, Actor 5, Actor 6, Actor 7, Actor 8, Actor 9",United States,"January 5, 2022",2021,R,2 Season,Comedy,A generic description of the show content.,100.0
s113,Movie,Show Title 113,Director 13,"Actor 0, Actor 1, Actor 2, Actor 3, Actor 4, Actor 5, Actor 6, Actor 7",South Korea,"January 21, 2024",2024,R,133 min,"Romance, Sci-Fi, Comedy",A generic description of the show content.,100.0
s114,Movie,Show Title 114,Director 14,"Actor 0, Actor 1, Actor 2, Actor 3, Actor 4, Actor 5, Actor 6, Actor 7, Actor 8",South Korea,"January 8, 2008",2007,PG-13,84 min,"Action, Comedy, Thriller",A generic description of the show content.,100.0
s115,TV Show,Show Title 115,Director 15,"Actor 0, Actor 1, Actor 2",United States,"January 28, 2013",2012,PG-13,1 Season,"Action, Comedy",A generic description of the show content.,100.0
s116,Movie,Show Title 116,Director 16,"Actor 0, Actor 1, Actor 2, Actor 3, Actor 4",United Kingdom,"January 3, 1993",1991,TV-MA,86 min,"Comedy, Sci-Fi",A generic description of the show content.,66.2
s117,Movie,Show Title 117,Director 17,"Actor 0, Actor 1",Japan,"January 9, 2004",2004,TV-MA,122 min,Sci-Fi,A generic description of the show content.,68.3
s118,Movie,Show Title 118,Director 18,"Actor 0, Actor 1",United Kingdom,"January 12, 1997",1997,TV-PG,164 min,Comedy,A generic description of the show content.,80.9
s119,Movie,Show Title 119,Director 19,"Actor 0, Actor 1, Actor 2",United States,"January 16, 1994",1993,TV-14,96 min,"Thriller, Documentary, Drama",A generic description of the show content.,78.0
s120,Movie,Show Title 120,Director 20,"Actor 0, Actor 1, Actor 2, Actor 3, Actor 4, Actor 5",United States,"January 15, 2024",2022,PG-13,108 min,"Drama, Romance, Documentary",A generic description of the show content.,100.0
s121,Movie,Show Title 121,Director 21,"Actor 0, Actor 1, Actor 2",India,"January 3, 2016",2015,TV-PG,134 min,"Drama, Thriller, Romance",A generic description of the show content.,94.4
s122,Movie,Show Title 122,Director 22,"Actor 0, Actor 1, Actor 2, Actor 3, Actor 4, Actor 5, Actor 6, Actor 7, Actor 8, Actor 9",United States,"January 20, 2011",2010,PG-13,128 min,"Documentary, Action, Thriller",A generic description of the show content.,100.0
s123,TV Show,Show Title 123,Director 23,"Actor 0, Actor 1, Actor 2, Actor 3, Actor 4, Actor 5, Actor 6",United States,"January 27, 2004",2003,R,7 Season,"Comedy, Thriller",A generic description of the show content.,74.5
s124,Movie,Show Title 124,Director 24,"Actor 0, Actor 1, Actor 2, Actor 3, Actor 4, Actor 5, Actor 6, Actor 7, Actor 8",United States,"January 3, 2017",2017,PG-13,120 min,"Action, Sci-Fi, Comedy",A generic description of the show content.,100.0
s125,Movie,Show Title 125,Director 25,"Actor 0, Actor 1, Actor 2, Actor 3, Actor 4, Actor 5, Actor 6, Actor 7, Actor 8, Actor 9",United States,"January 11, 2015",2013,PG-13,96 min,"Drama, Documentary, Romance",A generic description of the show content.,100.0
s126,Movie,Show Title 126,Director 26,"Actor 0, Actor 1, Actor 2, Actor 3, Actor 4, Actor 5",Japan,"January 12, 2017",2017,TV-PG,172 min,Action,A generic description of the show content.,100.0
s127,Movie,Show Title 127,Director 27,"Actor 0, Actor 1, Actor 2, Actor 3, Actor 4, Actor 5, Actor 6, Actor 7, Actor 8, Actor 9",United States,"January 12, 2020",2020,TV-14,108 min,Action,A generic description of the show content.,100.0
s128,Movie,Show Title 128,Director 28,"Actor 0, Actor 1",Japan,"January 6, 1992",1991,TV-14,157 min,"Sci-Fi, Romance, Action",A generic description of the show content.,66.5
s129,TV Show,Show Title 129,Director 29,"Actor 0, Actor 1, Actor 2, Actor 3",United States,"January 24, 2003",2001,PG-13,3 Season,"Romance, Thriller, Drama",A generic description of the show content.,79.5
s130,Movie,Show Title 130,Director 30,"Actor 0, Actor 1, Actor 2, Actor 3, Actor 4, Actor 5, Actor 6",India,"January 10, 2016",2014,TV-14,133 min,"Action, Comedy",A generic description of the show content.,94.5
s131,TV Show,Show Title 131,Director 31,"Actor 0, Actor 1",India,"January 22, 1995",1995,TV-14,1 Season,Comedy,A generic description of the show content.,67.2
s132,Movie,Show Title 132,Director 32,"Actor 0, Actor 1, Actor 2",India,"January 12, 2019",2018,PG-13,133 min,"Comedy, Documentary",A generic description of the show content.,92.4
s133,Movie,Show Title 133,Director 33,"Actor 0, Actor 1, Actor 2, Actor 3, Actor 4, Actor 5, Actor 6, Actor 7",United Kingdom,"January 20, 2021",2021,PG-13,147 min,"Action, Drama, Comedy",A generic description of the show content.,100.0
s134,Movie,Show Title 134,Director 34,"Actor 0, Actor 1, Actor 2",South Korea,"January 1, 1999",1998,R,177 min,"Action, Sci-Fi",A generic description of the show content.,68.8
s135,Movie,Show Title 135,Director 35,"Actor 0, Actor 1, Actor 2",United States,"January 13, 2006",2004,PG-13,144 min,"Sci-Fi, Romance, Action",A generic description of the show content.,100.0
s136,Movie,Show Title 136,Director 36,"Actor 0, Actor 1, Actor 2, Actor 3, Actor 4, Actor 5, Actor 6, Actor 7",India,"January 10, 1994",1994,R,120 min,"Thriller, Documentary, Sci-Fi",A generic description of the show content.,69.2
s137,Movie,Show Title 137,Director 37,"Actor 0, Actor 1, Actor 2",United States,"January 8, 2020",2019,TV-PG,168 min,"Drama, Thriller",A generic description of the show content.,100.0
s138,Movie,Show Title 138,Director 38,"Actor 0, Actor 1, Actor 2, Actor 3",United States,"January 3, 2011",2009,PG-13,175 min,"Comedy, Action",A generic description of the show content.,100.0
s139,Movie,Show Title 139,Director 39,"Actor 0, Actor 1, Actor 2, Actor 3, Actor 4",United States,"January 4, 2012",2012,TV-14,124 min,"Sci-Fi, Romance, Comedy",A generic description of the show content.,85.7
s140,Movie,Show Title 140,Director 40,"Actor 0, Actor 1, Actor 2, Actor 3, Actor 4, Actor 5, Actor 6, Actor 7, Actor 8",United Kingdom,"January 22, 1996",1994,TV-PG,102 min,"Thriller, Sci-Fi, Documentary",A generic description of the show content.,81.3
s141,Movie,Show Title 141,Director 41,"Actor 0, Actor 1, Actor 2, Actor 3, Actor 4, Actor 5, Actor 6, Actor 7, Actor 8",South Korea,"January 21, 2011",2010,TV-14,99 min,"Drama, Thriller",A generic description of the show content.,100.0
s142,Movie,Show Title 142,Director 42,"Actor 0, Actor 1",United States,"January 12, 1995",1994,PG-13,119 min,"Thriller, Drama",A generic description of the show content.,53.9
s143,Movie,Show Title 143,Director 43,"Actor 0, Actor 1, Actor 2, Actor 3, Actor 4, Actor 5, Actor 6, Actor 7, Actor 8, Actor 9",South Korea,"January 26, 1997",1995,PG-13,158 min,"Documentary, Thriller, Romance",A generic description of the show content.,84.3
s144,Movie,Show Title 144,Director 44,"Actor 0, Actor 1",Japan,"January 15, 2002",2002,TV-14,121 min,"Thriller, Documentary, Comedy",A generic description of the show content.,79.6
s145,TV Show,Show Title 145,Director 45,"Actor 0, Actor 1, Actor 2, Actor 3, Actor 4, Actor 5, Actor 6, Actor 7, Actor 8",United States,"January 15, 2003",2001,TV-PG,1 Season,Romance,A generic description of the show content.,97.3
s146,Movie,Show Title 146,Director 46,"Actor 0, Actor 1",United States,"January 26, 2010",2008,TV-14,129 min,"Sci-Fi, Action",A generic description of the show content.,78.6
s147,Movie,Show Title 147,Director 47,"Actor 0, Actor 1, Actor 2, Actor 3",United States,"January 11, 2014",2014,TV-PG,116 min,"Romance, Sci-Fi",A generic description of the show content.,85.8
s148,Movie,Show Title 148,Director 48,"Actor 0, Actor 1, Actor 2",South Korea,"January 10, 2011",2009,R,163 min,"Romance, Thriller, Comedy",A generic description of the show content.,94.7
s149,Movie,Show Title 149,Director 49,"Actor 0, Actor 1, Actor 2",United States,"January 21, 2000",1998,R,165 min,"Sci-Fi, Romance, Documentary",A generic description of the show content.,76.0
s150,Movie,Show Title 150,Director 50,"Actor 0, Actor 1, Actor 2, Actor 3, Actor 4, Actor 5, Actor 6, Actor 7, Actor 8",United States,"January 7, 2009",2009,TV-MA,103 min,Action,A generic description of the show content.,100.0
s151,Movie,Show Title 151,Director 51,"Actor 0, Actor 1",United States,"January 22, 1997",1996,TV-PG,144 min,"Sci-Fi, Romance, Documentary",A generic description of the show content.,71.5
s152,Movie,Show Title 152,Director 52,"Actor 0, Actor 1, Actor 2, Actor 3, Actor 4, Actor 5, Actor 6, Actor 7, Actor 8",United States,"January 2, 2001",2000,TV-14,103 min,"Sci-Fi, Documentary, Comedy",A generic description of the show content.,81.2
s153,Movie,Show Title 153,Director 53,"Actor 0, Actor 1, Actor 2, Actor 3, Actor 4, Actor 5, Actor 6, Actor 7, Actor 8",United States,"January 8, 2020",2018,TV-MA,158 min,"Sci-Fi, Romance",A generic description of the show content.,100.0
s154,Movie,Show Title 154,Director 54,"Actor 0, Actor 1, Actor 2, Actor 3, Actor 4, Actor 5, Actor 6, Actor 7, Actor 8",Japan,"January 15, 2021",2020,R,104 min,"Romance, Documentary",A generic description of the show content.,100.0
s155,Movie,Show Title 155,Director 55,"Actor 0, Actor 1, Actor 2, Actor 3, Actor 4, Actor 5, Actor 6, Actor 7, Actor 8",India,"January 28, 2001",2000,TV-PG,105 min,"Comedy, Action, Drama",A generic description of the show content.,85.9
s156,TV Show,Show Title 156,Director 56,"Actor 0, Actor 1, Actor 2, Actor 3, Actor 4, Actor 5",United Kingdom,"January 15, 2025",2023,TV-MA,2 Season,"Drama, Comedy",A generic description of the show content.,100.0
s157,TV Show,Show Title 157,Director 57,"Actor 0, Actor 1",United States,"January 13, 2006",2004,TV-14,8 Season,"Drama, Thriller",A generic description of the show content.,89.7
s158,Movie,Show Title 158,Director 58,"Actor 0, Actor 1, Actor 2",South Korea,"January 27, 2015",2013,TV-14,108 min,Action,A generic description of the show content.,88.6
s159,TV Show,Show Title 159,Director 59,"Actor 0, Actor 1, Actor 2, Actor 3, Actor 4, Actor 5, Actor 6, Actor 7, Actor 8",United States,"January 20, 2008",2008,PG-13,8 Season,"Sci-Fi, Comedy, Thriller",A generic description of the show content.,100.0
s160,Movie,Show Title 160,Director 60,"Actor 0, Actor 1, Actor 2",United States,"January 25, 2000",1999,TV-MA,150 min,"Documentary, Sci-Fi, Thriller",A generic description of the show content.,64.8
s161,Movie,Show Title 161,Director 61,"Actor 0, Actor 1, Actor 2, Actor 3, Actor 4, Actor 5, Actor 6, Actor 7, Actor 8",United States,"January 20, 2018",2016,PG-13,161 min,"Thriller, Drama, Romance",A generic description of the show content.,100.0
s162,Movie,Show Title 162,Director 62,"Actor 0, Actor 1, Actor 2, Actor 3, Actor 4, Actor 5, Actor 6",India,"January 8, 2001",1999,R,117 min,"Drama, Documentary",A generic description of the show content.,99.1
s163,Movie,Show Title 163,Director 63,"Actor 0, Actor 1, Actor 2, Actor 3, Actor 4, Actor 5, Actor 6, Actor 7, Actor 8, Actor 9",United Kingdom,"January 17, 2025",2023,TV-PG,126 min,Documentary,A generic description of the show content.,100.0
s164,Movie,Show Title 164,Director 64,"Actor 0, Actor 1",Japan,"January 12, 1992",1992,TV-14,161 min,"Action, Sci-Fi",A generic description of the show content.,76.6
s165,Movie,Show Title 165,Director 65,"Actor 0, Actor 1",United Kingdom,"January 12, 1998",1996,TV-14,178 min,"Romance, Action, Comedy",A generic description of the show content.,77.1
s166,TV Show,Show Title 166,Director 66,"Actor 0, Actor 1, Actor 2, Actor 3, Actor 4, Actor 5, Actor 6, Actor 7, Actor 8",United States,"January 2, 2020",2019,TV-MA,8 Season,"Comedy, Sci-Fi, Drama",A generic description of the show content.,100.0
s167,Movie,Show Title 167,Director 67,"Actor 0, Actor 1, Actor 2, Actor 3, Actor 4, Actor 5, Actor 6, Actor 7, Actor 8, Actor 9",United States,"January 16, 1993",1992,PG-13,120 min,"Documentary, Thriller",A generic description of the show content.,97.0
s168,TV Show,Show Title 168,Director 68,"Actor 0, Actor 1, Actor 2, Actor 3, Actor 4, Actor 5, Actor 6",United States,"January 14, 2013",2012,R,1 Season,"Action, Sci-Fi, Drama",A generic description of the show content.,100.0
s169,TV Show,Show Title 169,Director 69,"Actor 0, Actor 1, Actor 2, Actor 3, Actor 4, Actor 5",United States,"January 26, 2001",2001,R,8 Season,"Thriller, Action, Documentary",A generic description of the show content.,81.0
s170,Movie,Show Title 170,Director 70,"Actor 0, Actor 1, Actor 2",United Kingdom,"January 11, 2003",2001,TV-14,149 min,"Action, Drama",A generic description of the show content.,73.6
s171,Movie,Show Title 171,Director 71,"Actor 0, Actor 1",United Kingdom,"January 24, 2018",2017,TV-PG,101 min,"Thriller, Action, Sci-Fi",A generic description of the show content.,96.3
s172,TV Show,Show Title 172,Director 72,"Actor 0, Actor 1, Actor 2, Actor 3, Actor 4, Actor 5, Actor 6, Actor 7, Actor 8, Actor 9",United States,"January 26, 1995",1993,TV-MA,2 Season,"Romance, Thriller, Action",A generic description of the show content.,83.7
s173,TV Show,Show Title 173,Director 73,"Actor 0, Actor 1, Actor 2, Actor 3, Actor 4",United States,"January 25, 2020",2018,TV-14,1 Season,Drama,A generic description of the show content.,100.0
s174,Movie,Show Title 174,Director 74,"Actor 0, Actor 1, Actor 2, Actor 3, Actor 4, Actor 5, Actor 6, Actor 7, Actor 8",South Korea,"January 12, 1993",1992,R,157 min,Romance,A generic description of the show content.,78.8
s175,TV Show,Show Title 175,Director 75,"Actor 0, Actor 1, Actor 2, Actor 3, Actor 4, Actor 5",India,"January 8, 2023",2023,PG-13,6 Season,"Action, Romance",A generic description of the show content.,100.0
s176,TV Show,Show Title 176,Director 76,"Actor 0, Actor 1, Actor 2, Actor 3, Actor 4, Actor 5",India,"January 23, 2015",2014,TV-MA,9 Season,Action,A generic description of the show content.,100.0
s177,TV Show,Show Title 177,Director 77,"Actor 0, Actor 1, Actor 2",United States,"January 15, 2021",2021,R,4 Season,Comedy,A generic description of the show content.,100.0
s178,TV Show,Show Title 178,Director 78,"Actor 0, Actor 1, Actor 2, Actor 3, Actor 4, Actor 5",Japan,"January 10, 2010",2010,TV-MA,6 Season,"Drama, Documentary, Romance",A generic description of the show content.,99.4
s179,TV Show,Show Title 179,Director 79,"Actor 0, Actor 1, Actor 2, Actor 3, Actor 4, Actor 5, Actor 6, Actor 7, Actor 8",India,"January 1, 1998",1997,TV-PG,4 Season,Comedy,A generic description of the show content.,100.0
s180,Movie,Show Title 180,Director 80,"Actor 0, Actor 1, Actor 2, Actor 3, Actor 4, Actor 5",India,"January 13, 2000",1998,R,158 min,Drama,A generic description of the show content.,90.3
s181,Movie,Show Title 181,Director 81,"Actor 0, Actor 1, Actor 2, Actor 3, Actor 4, Actor 5, Actor 6, Actor 7, Actor 8",United Kingdom,"January 15, 1996",1994,TV-PG,96 min,"Romance, Drama",A generic description of the show content.,75.4
s182,Movie,Show Title 182,Director 82,"Actor 0, Actor 1, Actor 2, Actor 3, Actor 4, Actor 5, Actor 6, Actor 7, Actor 8, Actor 9",Japan,"January 28, 2001",2001,PG-13,178 min,Thriller,A generic description of the show content.,80.8
s183,Movie,Show Title 183,Director 83,"Actor 0, Actor 1, Actor 2, Actor 3, Actor 4, Actor 5",United States,"January 28, 2000",2000,TV-14,121 min,"Comedy, Action, Documentary",A generic description of the show content.,91.8
s184,Movie,Show Title 184,Director 84,"Actor 0, Actor 1, Actor 2",South Korea,"January 17, 2009",2007,TV-MA,96 min,"Action, Documentary, Romance",A generic description of the show content.,89.3
s185,Movie,Show Title 185,Director 85,"Actor 0, Actor 1",India,"January 27, 2000",2000,PG-13,164 min,"Romance, Documentary, Action",A generic description of the show content.,86.1
s186,Movie,Show Title 186,Director 86,"Actor 0, Actor 1, Actor 2, Actor 3, Actor 4, Actor 5, Actor 6, Actor 7",United Kingdom,"January 20, 2008",2006,PG-13,163 min,Sci-Fi,A generic description of the show content.,99.7
s187,Movie,Show Title 187,Director 87,"Actor 0, Actor 1, Actor 2, Actor 3, Actor 4, Actor 5, Actor 6, Actor 7",United Kingdom,"January 10, 2009",2008,PG-13,162 min,"Thriller, Comedy",A generic description of the show content.,97.3
s188,Movie,Show Title 188,Director 88,"Actor 0, Actor 1, Actor 2, Actor 3",United States,"January 11, 2018",2016,TV-14,141 min,"Comedy, Action",A generic description of the show content.,98.5
s189,TV Show,Show Title 189,Director 89,"Actor 0, Actor 1, Actor 2",Japan,"January 11, 2015",2015,R,3 Season,"Documentary, Sci-Fi",A generic description of the show content.,83.4
s190,Movie,Show Title 190,Director 90,"Actor 0, Actor 1, Actor 2, Actor 3, Actor 4, Actor 5, Actor 6, Actor 7",India,"January 28, 2001",1999,R,92 min,Action,A generic description of the show content.,85.0
s191,Movie,Show Title 191,Director 91,"Actor 0, Actor 1, Actor 2, Actor 3",Japan,"January 16, 2002",2000,R,121 min,"Romance, Action, Comedy",A generic description of the show content.,91.6
s192,Movie,Show Title 192,Director 92,"Actor 0, Actor 1, Actor 2, Actor 3, Actor 4",United States,"January 7, 1993",1991,TV-14,91 min,"Documentary, Thriller",A generic description of the show content.,68.6
s193,Movie,Show Title 193,Director 93,"Actor 0, Actor 1, Actor 2, Actor 3",United States,"January 9, 2022",2020,TV-14,116 min,"Drama, Sci-Fi, Thriller",A generic description of the show content.,100.0
s194,TV Show,Show Title 194,Director 94,"Actor 0, Actor 1, Actor 2, Actor 3, Actor 4, Actor 5, Actor 6, Actor 7, Actor 8, Actor 9",United States,"January 10, 2015",2015,R,1 Season,"Documentary, Comedy, Action",A generic description of the show content.,100.0
s195,Movie,Show Title 195,Director 95,"Actor 0, Actor 1, Actor 2",United Kingdom,"January 13, 2008",2007,TV-14,159 min,"Documentary, Drama, Comedy",A generic description of the show content.,95.4
s196,Movie,Show Title 196,Director 96,"Actor 0, Actor 1",United States,"January 2, 1999",1999,TV-MA,105 min,"Documentary, Thriller, Sci-Fi",A generic description of the show content.,63.7
s197,TV Show,Show Title 197,Director 97,"Actor 0, Actor 1, Actor 2, Actor 3, Actor 4, Actor 5, Actor 6, Actor 7, Actor 8, Actor 9",Japan,"January 5, 2024",2023,TV-PG,8 Season,Documentary,A generic description of the show content.,100.0
s198,Movie,Show Title 198,Director 98,"Actor 0, Actor 1, Actor 2, Actor 3, Actor 4, Actor 5, Actor 6, Actor 7, Actor 8, Actor 9",United States,"January 16, 2011",2009,TV-PG,155 min,"Documentary, Sci-Fi",A generic description of the show content.,100.0
s199,Movie,Show Title 199,Director 99,"Actor 0, Actor 1, Actor 2, Actor 3, Actor 4, Actor 5",Japan,"January 26, 2015",2013,PG-13,122 min,"Drama, Thriller, Documentary",A generic description of the show content.,95.1
s200,Movie,Show Title 200,Director 0,"Actor 0, Actor 1, Actor 2, Actor 3, Actor 4, Actor 5, Actor 6, Actor 7, Actor 8",United States,"January 6, 2006",2004,TV-PG,172 min,Documentary,A generic description of the show content.,97.6
s201,TV Show,Show Title 201,Director 1,"Actor 0, Actor 1",United States,"January 15, 2006",2005,R,1 Season,"Romance, Drama, Comedy",A generic description of the show content.,92.1
s202,Movie,Show Title 202,Director 2,"Actor 0, Actor 1, Actor 2, Actor 3",United Kingdom,"January 17, 2016",2016,TV-PG,144 min,"Thriller, Romance, Drama",A generic description of the show content.,100.0
s203,Movie,Show Title 203,Director 3,"Actor 0, Actor 1, Actor 2, Actor 3, Actor 4, Actor 5, Actor 6, Actor 7, Actor 8, Actor 9",United Kingdom,"January 11, 2025",2023,TV-14,128 min,"Comedy, Thriller",A generic description of the show content.,100.0
s204,Movie,Show Title 204,Director 4,"Actor 0, Actor 1, Actor 2, Actor 3, Actor 4, Actor 5",Japan,"January 18, 2007",2006,TV-MA,158 min,"Comedy, Sci-Fi",A generic description of the show content.,77.2
s205,TV Show,Show Title 205,Director 5,"Actor 0, Actor 1, Actor 2, Actor 3, Actor 4, Actor 5, Actor 6, Actor 7, Actor 8",South Korea,"January 12, 2010",2008,TV-14,4 Season,"Romance, Thriller, Action",A generic description of the show content.,95.6
s206,Movie,Show Title 206,Director 6,"Actor 0, Actor 1, Actor 2, Actor 3",India,"January 10, 2024",2024,TV-14,128 min,"Sci-Fi, Action",A generic description of the show content.,100.0
s207,TV Show,Show Title 207,Director 7,"Actor 0, Actor 1, Actor 2, Actor 3, Actor 4, Actor 5, Actor 6, Actor 7, Actor 8, Actor 9",United States,"January 9, 2020",2018,TV-14,5 Season,"Thriller, Comedy, Romance",A generic description of the show content.,100.0
s208,Movie,Show Title 208,Director 8,"Actor 0, Actor 1, Actor 2, Actor 3, Actor 4, Actor 5, Actor 6, Actor 7, Actor 8, Actor 9",United Kingdom,"January 8, 2007",2005,TV-MA,111 min,Romance,A generic description of the show content.,100.0
s209,Movie,Show Title 209,Director 9,"Actor 0, Actor 1, Actor 2, Actor 3, Actor 4, Actor 5, Actor 6, Actor 7, Actor 8, Actor 9",India,"January 6, 2021",2020,R,92 min,"Sci-Fi, Comedy, Drama",A generic description of the show content.,100.0
s210,Movie,Show Title 210,Director 10,"Actor 0, Actor 1, Actor 2",United States,"January 21, 2010",2008,TV-MA,121 min,"Romance, Drama",A generic description of the show content.,98.7
s211,Movie,Show Title 211,Director 11,"Actor 0, Actor 1",United Kingdom,"January 27, 1993",1992,R,102 min,"Sci-Fi, Comedy",A generic description of the show content.,73.4
s212,Movie,Show Title 212,Director 12,"Actor 0, Actor 1, Actor 2",United Kingdom,"January 11, 2009",2008,R,84 min,Action,A generic description of the show content.,100.0
s213,TV Show,Show Title 213,Director 13,"Actor 0, Actor 1, Actor 2",India,"January 11, 2021",2021,R,3 Season,"Thriller, Action, Comedy",A generic description of the show content.,100.0
s214,Movie,Show Title 214,Director 14,"Actor 0, Actor 1, Actor 2, Actor 3, Actor 4",United Kingdom,"January 6, 1992",1990,R,174 min,"Sci-Fi, Action",A generic description of the show content.,66.8
s215,TV Show,Show Title 215,Director 15,"Actor 0, Actor 1, Actor 2, Actor 3, Actor 4, Actor 5, Actor 6, Actor 7, Actor 8",India,"January 11, 1995",1995,PG-13,7 Season,"Drama, Comedy, Romance",A generic description of the show content.,93.1
s216,Movie,Show Title 216,Director 16,"Actor 0, Actor 1",United States,"January 9, 2009",2007,TV-14,122 min,"Documentary, Romance",A generic description of the show content.,76.8
s217,Movie,Show Title 217,Director 17,"Actor 0, Actor 1, Actor 2, Actor 3, Actor 4, Actor 5, Actor 6, Actor 7, Actor 8, Actor 9",United States,"January 23, 1998",1997,PG-13,139 min,"Comedy, Thriller",A generic description of the show content.,83.1
s218,Movie,Show Title 218,Director 18,"Actor 0, Actor 1, Actor 2, Actor 3",South Korea,"January 16, 2013",2013,R,158 min,Comedy,A generic description of the show content.,92.6
s219,TV Show,Show Title 219,Director 19,"Actor 0, Actor 1, Actor 2, Actor 3, Actor 4",United Kingdom,"January 25, 2016",2016,TV-PG,9 Season,"Sci-Fi, Documentary",A generic description of the show content.,100.0
s220,TV Show,Show Title 220,Director 20,"Actor 0, Actor 1, Actor 2",United States,"January 2, 2020",2018,TV-PG,9 Season,"Action, Drama, Documentary",A generic description of the show content.,100.0
s221,Movie,Show Title 221,Director 21,"Actor 0, Actor 1, Actor 2, Actor 3, Actor 4, Actor 5, Actor 6, Actor 7, Actor 8",India,"January 3, 2002",2000,R,121 min,"Thriller, Drama, Comedy",A generic description of the show content.,74.3
s222,TV Show,Show Title 222,Director 22,"Actor 0, Actor 1, Actor 2, Actor 3, Actor 4, Actor 5, Actor 6, Actor 7, Actor 8, Actor 9",India,"January 15, 2024",2022,TV-14,7 Season,"Documentary, Drama",A generic description of the show content.,100.0
s223,TV Show,Show Title 223,Director 23,"Actor 0, Actor 1, Actor 2, Actor 3, Actor 4, Actor 5, Actor 6",United States,"January 23, 1990",1990,TV-PG,4 Season,"Drama, Sci-Fi, Thriller",A generic description of the show content.,57.9
s224,TV Show,Show Title 224,Director 24,"Actor 0, Actor 1, Actor 2, Actor 3, Actor 4, Actor 5, Actor 6, Actor 7",South Korea,"January 6, 1994",1994,R,8 Season,Action,A generic description of the show content.,77.3
s225,Movie,Show Title 225,Director 25,"Actor 0, Actor 1, Actor 2, Actor 3, Actor 4, Actor 5, Actor 6, Actor 7, Actor 8, Actor 9",Japan,"January 5, 2020",2018,TV-14,128 min,"Drama, Romance",A generic description of the show content.,100.0
s226,Movie,Show Title 226,Director 26,"Actor 0, Actor 1, Actor 2, Actor 3, Actor 4",South Korea,"January 27, 2015",2015,PG-13,147 min,Romance,A generic description of the show content.,100.0
s227,TV Show,Show Title 227,Director 27,"Actor 0, Actor 1, Actor 2, Actor 3, Actor 4, Actor 5, Actor 6, Actor 7, Actor 8",India,"January 12, 2024",2024,TV-14,7 Season,"Thriller, Comedy, Romance",A generic description of the show content.,100.0
s228,Movie,Show Title 228,Director 28,"Actor 0, Actor 1, Actor 2, Actor 3, Actor 4",Japan,"January 7, 1997",1997,PG-13,84 min,"Thriller, Documentary, Drama",A generic description of the show content.,73.3
s229,Movie,Show Title 229,Director 29,"Actor 0, Actor 1, Actor 2, Actor 3, Actor 4",India,"January 18, 1993",1993,PG-13,111 min,"Drama, Thriller, Romance",A generic description of the show content.,81.3
s230,Movie,Show Title 230,Director 30,"Actor 0, Actor 1, Actor 2, Actor 3, Actor 4, Actor 5, Actor 6",South Korea,"January 8, 2005",2004,TV-MA,173 min,"Action, Documentary, Romance",A generic description of the show content.,87.7
s231,TV Show,Show Title 231,Director 31,"Actor 0, Actor 1, Actor 2, Actor 3",India,"January 21, 2018",2016,R,5 Season,"Drama, Documentary",A generic description of the show content.,100.0
s232,Movie,Show Title 232,Director 32,"Actor 0, Actor 1, Actor 2, Actor 3, Actor 4, Actor 5, Actor 6, Actor 7",United States,"January 14, 2012",2012,TV-14,162 min,"Thriller, Documentary, Action",A generic description of the show content.,100.0
s233,Movie,Show Title 233,Director 33,"Actor 0, Actor 1, Actor 2, Actor 3",United Kingdom,"January 26, 2021",2020,PG-13,110 min,Action,A generic description of the show content.,100.0
s234,Movie,Show Title 234,Director 34,"Actor 0, Actor 1, Actor 2, Actor 3, Actor 4",South Korea,"January 11, 2025",2023,PG-13,97 min,"Comedy, Action",A generic description of the show content.,100.0
s235,TV Show,Show Title 235,Director 35,"Actor 0, Actor 1, Actor 2, Actor 3, Actor 4, Actor 5",Japan,"January 13, 1997",1995,TV-PG,9 Season,"Sci-Fi, Comedy, Drama",A generic description of the show content.,85.8
s236,Movie,Show Title 236,Director 36,"Actor 0, Actor 1, Actor 2, Actor 3, Actor 4",Japan,"January 16, 2002",2002,TV-14,177 min,"Romance, Sci-Fi, Documentary",A generic description of the show content.,62.7
s237,Movie,Show Title 237,Director 37,"Actor 0, Actor 1, Actor 2, Actor 3, Actor 4",South Korea,"January 23, 2005",2003,TV-MA,104 min,"Drama, Romance, Thriller",A generic description of the show content.,91.4
s238,Movie,Show Title 238,Director 38,"Actor 0, Actor 1, Actor 2, Actor 3, Actor 4, Actor 5, Actor 6, Actor 7, Actor 8, Actor 9",United States,"January 21, 2011",2010,TV-14,179 min,"Thriller, Sci-Fi",A generic description of the show content.,98.4
s239,Movie,Show Title 239,Director 39,"Actor 0, Actor 1, Actor 2, Actor 3, Actor 4, Actor 5, Actor 6, Actor 7, Actor 8",India,"January 25, 2022",2021,TV-MA,139 min,Sci-Fi,A generic description of the show content.,100.0
s240,Movie,Show Title 240,Director 40,"Actor 0, Actor 1, Actor 2, Actor 3, Actor 4, Actor 5",India,"January 18, 2006",2004,TV-PG,174 min,Drama,A generic description of the show content.,85.1
s241,TV Show,Show Title 241,Director 41,"Actor 0, Actor 1, Actor 2, Actor 3, Actor 4",United States,"January 16, 2004",2002,TV-14,6 Season,Thriller,A generic description of the show content.,81.9
s242,Movie,Show Title 242,Director 42,"Actor 0, Actor 1, Actor 2, Actor 3, Actor 4, Actor 5, Actor 6",Japan,"January 6, 2021",2021,TV-PG,138 min,Romance,A generic description of the show content.,100.0
s243,Movie,Show Title 243,Director 43,"Actor 0, Actor 1",South Korea,"January 27, 2024",2024,PG-13,162 min,Documentary,A generic description of the show content.,100.0
s244,TV Show,Show Title 244,Director 44,"Actor 0, Actor 1, Actor 2, Actor 3, Actor 4, Actor 5, Actor 6, Actor 7, Actor 8, Actor 9",India,"January 15, 2005",2004,PG-13,2 Season,"Comedy, Drama, Sci-Fi",A generic description of the show content.,89.0
s245,Movie,Show Title 245,Director 45,"Actor 0, Actor 1, Actor 2, Actor 3, Actor 4, Actor 5, Actor 6, Actor 7, Actor 8, Actor 9",United Kingdom,"January 18, 2021",2020,PG-13,164 min,"Drama, Sci-Fi",A generic description of the show content.,100.0
s246,Movie,Show Title 246,Director 46,"Actor 0, Actor 1, Actor 2, Actor 3, Actor 4, Actor 5, Actor 6, Actor 7",United Kingdom,"January 26, 2024",2024,PG-13,116 min,Documentary,A generic description of the show content.,100.0
s247,TV Show,Show Title 247,Director 47,"Actor 0, Actor 1, Actor 2, Actor 3, Actor 4, Actor 5",India,"January 26, 2006",2005,PG-13,4 Season,"Documentary, Action, Romance",A generic description of the show content.,88.0
s248,Movie,Show Title 248,Director 48,"Actor 0, Actor 1, Actor 2",India,"January 21, 2007",2005,PG-13,169 min,Action,A generic description of the show content.,100.0
s249,Movie,Show Title 249,Director 49,"Actor 0, Actor 1, Actor 2",United States,"January 16, 2021",2020,TV-14,87 min,"Drama, Romance, Comedy",A generic description of the show content.,100.0
s250,Movie,Show Title 250,Director 50,"Actor 0, Actor 1, Actor 2, Actor 3, Actor 4",Japan,"January 28, 1998",1996,TV-PG,147 min,Comedy,A generic description of the show content.,61.4
s251,Movie,Show Title 251,Director 51,"Actor 0, Actor 1",United States,"January 6, 1995",1994,PG-13,167 min,"Documentary, Sci-Fi",A generic description of the show content.,74.2
s252,TV Show,Show Title 252,Director 52,"Actor 0, Actor 1, Actor 2, Actor 3, Actor 4",India,"January 19, 2016",2015,TV-PG,2 Season,"Comedy, Documentary",A generic description of the show content.,100.0
s253,Movie,Show Title 253,Director 53,"Actor 0, Actor 1",United Kingdom,"January 4, 1999",1998,TV-MA,168 min,"Drama, Documentary, Action",A generic description of the show content.,86.3
s254,TV Show,Show Title 254,Director 54,"Actor 0, Actor 1, Actor 2, Actor 3, Actor 4, Actor 5",United States,"January 26, 2016",2015,R,6 Season,Romance,A generic description of the show content.,89.3
s255,Movie,Show Title 255,Director 55,"Actor 0, Actor 1, Actor 2, Actor 3, Actor 4, Actor 5, Actor 6, Actor 7",India,"January 3, 2016",2014,TV-14,135 min,Romance,A generic description of the show content.,100.0
s256,TV Show,Show Title 256,Director 56,"Actor 0, Actor 1, Actor 2, Actor 3",United Kingdom,"January 24, 1996",1995,TV-14,5 Season,Thriller,A generic description of the show content.,83.2
s257,Movie,Show Title 257,Director 57,"Actor 0, Actor 1, Actor 2",United States,"January 5, 2009",2009,TV-MA,136 min,"Sci-Fi, Action",A generic description of the show content.,87.4
s258,Movie,Show Title 258,Director 58,"Actor 0, Actor 1, Actor 2",India,"January 12, 2024",2022,PG-13,132 min,Drama,A generic description of the show content.,100.0
s259,Movie,Show Title 259,Director 59,"Actor 0, Actor 1, Actor 2",United Kingdom,"January 24, 2016",2014,TV-MA,81 min,"Thriller, Sci-Fi",A generic description of the show content.,100.0
s260,Movie,Show Title 260,Director 60,"Actor 0, Actor 1, Actor 2, Actor 3, Actor 4, Actor 5",United States,"January 9, 2015",2014,TV-MA,101 min,Action,A generic description of the show content.,98.7
s261,Movie,Show Title 261,Director 61,"Actor 0, Actor 1, Actor 2, Actor 3, Actor 4, Actor 5, Actor 6",India,"January 9, 2016",2016,R,118 min,"Sci-Fi, Drama",A generic description of the show content.,100.0
s262,Movie,Show Title 262,Director 62,"Actor 0, Actor 1, Actor 2, Actor 3, Actor 4, Actor 5, Actor 6",United States,"January 27, 1998",1996,R,97 min,"Drama, Thriller",A generic description of the show content.,50.6
s263,TV Show,Show Title 263,Director 63,"Actor 0, Actor 1, Actor 2, Actor 3, Actor 4, Actor 5, Actor 6",United States,"January 20, 2013",2011,TV-MA,7 Season,"Documentary, Comedy, Action",A generic description of the show content.,95.3
s264,Movie,Show Title 264,Director 64,"Actor 0, Actor 1, Actor 2, Actor 3, Actor 4, Actor 5, Actor 6, Actor 7, Actor 8",United States,"January 19, 2015",2015,TV-14,120 min,"Romance, Sci-Fi",A generic description of the show content.,100.0
s265,Movie,Show Title 265,Director 65,"Actor 0, Actor 1, Actor 2, Actor 3, Actor 4",Japan,"January 19, 2017",2015,TV-MA,126 min,Documentary,A generic description of the show content.,90.0
s266,Movie,Show Title 266,Director 66,"Actor 0, Actor 1, Actor 2, Actor 3, Actor 4, Actor 5",India,"January 27, 2021",2019,PG-13,170 min,Thriller,A generic description of the show content.,100.0
s267,TV Show,Show Title 267,Director 67,"Actor 0, Actor 1, Actor 2, Actor 3, Actor 4, Actor 5",United Kingdom,"January 8, 2017",2016,TV-MA,8 Season,Romance,A generic description of the show content.,91.7
s268,TV Show,Show Title 268,Director 68,"Actor 0, Actor 1, Actor 2, Actor 3, Actor 4, Actor 5, Actor 6, Actor 7, Actor 8, Actor 9",United Kingdom,"January 17, 1996",1994,R,8 Season,"Thriller, Documentary, Sci-Fi",A generic description of the show content.,76.6
s269,Movie,Show Title 269,Director 69,"Actor 0, Actor 1, Actor 2",United Kingdom,"January 25, 2013",2013,TV-14,169 min,"Documentary, Romance, Drama",A generic description of the show content.,100.0
s270,Movie,Show Title 270,Director 70,"Actor 0, Actor 1, Actor 2",United Kingdom,"January 1, 2015",2015,TV-14,176 min,"Sci-Fi, Thriller",A generic description of the show content.,100.0
s271,Movie,Show Title 271,Director 71,"Actor 0, Actor 1, Actor 2, Actor 3, Actor 4, Actor 5, Actor 6, Actor 7, Actor 8, Actor 9",United Kingdom,"January 5, 2005",2004,PG-13,137 min,"Thriller, Sci-Fi",A generic description of the show content.,81.6
s272,Movie,Show Title 272,Director 72,"Actor 0, Actor 1, Actor 2, Actor 3, Actor 4, Actor 5, Actor 6",United States,"January 15, 1995",1995,TV-PG,94 min,"Comedy, Action, Romance",A generic description of the show content.,93.1
s273,Movie,Show Title 273,Director 73,"Actor 0, Actor 1, Actor 2, Actor 3, Actor 4, Actor 5",India,"January 2, 2020",2018,PG-13,172 min,"Thriller, Action, Drama",A generic description of the show content.,100.0
s274,Movie,Show Title 274,Director 74,"Actor 0, Actor 1, Actor 2, Actor 3, Actor 4",United States,"January 17, 1996",1996,TV-PG,166 min,Romance,A generic description of the show content.,64.2
s275,Movie,Show Title 275,Director 75,"Actor 0, Actor 1, Actor 2, Actor 3",India,"January 21, 2021",2019,R,109 min,"Romance, Comedy",A generic description of the show content.,100.0
s276,Movie,Show Title 276,Director 76,"Actor 0, Actor 1, Actor 2, Actor 3, Actor 4",United Kingdom,"January 7, 2003",2002,PG-13,137 min,"Thriller, Sci-Fi, Drama",A generic description of the show content.,90.0
s277,Movie,Show Title 277,Director 77,"Actor 0, Actor 1, Actor 2, Actor 3, Actor 4, Actor 5, Actor 6, Actor 7, Actor 8",United Kingdom,"January 4, 2025",2024,R,103 min,"Action, Comedy",A generic description of the show content.,100.0
s278,Movie,Show Title 278,Director 78,"Actor 0, Actor 1, Actor 2, Actor 3, Actor 4, Actor 5, Actor 6",United Kingdom,"January 12, 2015",2014,TV-PG,158 min,"Documentary, Drama",A generic description of the show content.,100.0
s279,Movie,Show Title 279,Director 79,"Actor 0, Actor 1, Actor 2, Actor 3, Actor 4, Actor 5, Actor 6",United Kingdom,"January 4, 2009",2009,TV-14,158 min,"Drama, Romance, Comedy",A generic description of the show content.,98.6
s280,Movie,Show Title 280,Director 80,"Actor 0, Actor 1, Actor 2, Actor 3",United States,"January 19, 2000",1999,R,145 min,"Thriller, Documentary",A generic description of the show content.,77.6
s281,Movie,Show Title 281,Director 81,"Actor 0, Actor 1, Actor 2, Actor 3, Actor 4, Actor 5",United Kingdom,"January 5, 2001",2001,TV-14,151 min,Thriller,A generic description of the show content.,90.1
s282,TV Show,Show Title 282,Director 82,"Actor 0, Actor 1, Actor 2, Actor 3, Actor 4, Actor 5, Actor 6, Actor 7",United Kingdom,"January 18, 2014",2012,R,1 Season,"Comedy, Sci-Fi",A generic description of the show content.,100.0
s283,Movie,Show Title 283,Director 83,"Actor 0, Actor 1",India,"January 26, 2018",2018,TV-14,142 min,Drama,A generic description of the show content.,93.6
s284,Movie,Show Title 284,Director 84,"Actor 0, Actor 1, Actor 2, Actor 3, Actor 4, Actor 5, Actor 6, Actor 7, Actor 8",United States,"January 18, 2010",2008,PG-13,101 min,"Documentary, Romance",A generic description of the show content.,100.0
s285,Movie,Show Title 285,Director 85,"Actor 0, Actor 1, Actor 2, Actor 3, Actor 4, Actor 5, Actor 6, Actor 7, Actor 8, Actor 9",United States,"January 7, 2025",2024,PG-13,126 min,"Sci-Fi, Drama, Thriller",A generic description of the show content.,100.0
s286,TV Show,Show Title 286,Director 86,"Actor 0, Actor 1, Actor 2, Actor 3, Actor 4, Actor 5",United Kingdom,"January 12, 2005",2005,R,5 Season,Thriller,A generic description of the show content.,88.0
s287,TV Show,Show Title 287,Director 87,"Actor 0, Actor 1, Actor 2, Actor 3, Actor 4, Actor 5, Actor 6, Actor 7",United States,"January 6, 2007",2005,TV-MA,4 Season,"Documentary, Romance, Action",A generic description of the show content.,100.0
s288,TV Show,Show Title 288,Director 88,"Actor 0, Actor 1, Actor 2, Actor 3, Actor 4, Actor 5, Actor 6, Actor 7, Actor 8, Actor 9",Japan,"January 6, 1994",1993,TV-14,10 Season,"Documentary, Action",A generic description of the show content.,87.3
s289,Movie,Show Title 289,Director 89,"Actor 0, Actor 1, Actor 2, Actor 3, Actor 4, Actor 5, Actor 6, Actor 7",United States,"January 2, 2023",2022,TV-MA,166 min,Comedy,A generic description of the show content.,100.0
s290,TV Show,Show Title 290,Director 90,"Actor 0, Actor 1, Actor 2, Actor 3, Actor 4, Actor 5, Actor 6, Actor 7",United States,"January 16, 1999",1999,TV-PG,6 Season,Sci-Fi,A generic description of the show content.,82.4
s291,Movie,Show Title 291,Director 91,"Actor 0, Actor 1, Actor 2",United Kingdom,"January 13, 2016",2014,TV-14,137 min,Romance,A generic description of the show content.,92.1
s292,Movie,Show Title 292,Director 92,"Actor 0, Actor 1, Actor 2",Japan,"January 24, 2020",2019,TV-14,142 min,"Documentary, Drama",A generic description of the show content.,100.0
s293,TV Show,Show Title 293,Director 93,"Actor 0, Actor 1, Actor 2, Actor 3, Actor 4, Actor 5, Actor 6, Actor 7, Actor 8",United Kingdom,"January 9, 2016",2015,TV-14,4 Season,"Sci-Fi, Comedy",A generic description of the show content.,100.0
s294,Movie,Show Title 294,Director 94,"Actor 0, Actor 1",India,"January 4, 2023",2021,R,180 min,"Romance, Drama",A generic description of the show content.,100.0
s295,Movie,Show Title 295,Director 95,"Actor 0, Actor 1, Actor 2, Actor 3, Actor 4",South Korea,"January 23, 2000",2000,TV-14,136 min,"Drama, Thriller",A generic description of the show content.,78.1
s296,Movie,Show Title 296,Director 96,"Actor 0, Actor 1, Actor 2, Actor 3, Actor 4, Actor 5, Actor 6",South Korea,"January 22, 2009",2007,TV-MA,91 min,"Action, Sci-Fi, Drama",A generic description of the show content.,100.0
s297,Movie,Show Title 297,Director 97,"Actor 0, Actor 1",United Kingdom,"January 7, 2005",2004,PG-13,134 min,"Drama, Romance, Sci-Fi",A generic description of the show content.,88.1
s298,Movie,Show Title 298,Director 98,"Actor 0, Actor 1, Actor 2, Actor 3, Actor 4, Actor 5, Actor 6",United States,"January 27, 2018",2018,R,81 min,Romance,A generic description of the show content.,100.0
s299,Movie,Show Title 299,Director 99,"Actor 0, Actor 1, Actor 2",India,"January 4, 2005",2004,TV-14,129 min,Romance,A generic description of the show content.,88.3
s300,TV Show,Show Title 300,Director 0,"Actor 0, Actor 1",United States,"January 20, 2000",1998,TV-MA,3 Season,Documentary,A generic description of the show content.,62.7
s301,Movie,Show Title 301,Director 1,"Actor 0, Actor 1, Actor 2",United Kingdom,"January 4, 1999",1999,PG-13,132 min,"Romance, Thriller, Comedy",A generic description of the show content.,68.9
s302,Movie,Show Title 302,Director 2,"Actor 0, Actor 1, Actor 2, Actor 3, Actor 4, Actor 5",United States,"January 21, 2017",2017,TV-MA,120 min,Comedy,A generic description of the show content.,100.0
s303,Movie,Show Title 303,Director 3,"Actor 0, Actor 1, Actor 2, Actor 3, Actor 4",United Kingdom,"January 17, 2010",2008,TV-PG,179 min,"Drama, Romance, Action",A generic description of the show content.,100.0
s304,Movie,Show Title 304,Director 4,"Actor 0, Actor 1, Actor 2, Actor 3, Actor 4, Actor 5, Actor 6, Actor 7",United States,"January 4, 1993",1993,R,180 min,Thriller,A generic description of the show content.,75.3
s305,Movie,Show Title 305,Director 5,"Actor 0, Actor 1, Actor 2, Actor 3, Actor 4, Actor 5, Actor 6, Actor 7",United States,"January 12, 1992",1990,TV-MA,126 min,"Comedy, Thriller",A generic description of the show content.,72.2
s306,TV Show,Show Title 306,Director 6,"Actor 0, Actor 1, Actor 2, Actor 3, Actor 4",South Korea,"January 2, 1994",1994,R,1 Season,"Drama, Sci-Fi, Action",A generic description of the show content.,88.8
s307,Movie,Show Title 307,Director 7,"Actor 0, Actor 1, Actor 2, Actor 3, Actor 4, Actor 5, Actor 6, Actor 7",United Kingdom,"January 3, 2024",2022,TV-PG,178 min,"Thriller, Romance",A generic description of the show content.,100.0
s308,Movie,Show Title 308,Director 8,"Actor 0, Actor 1, Actor 2, Actor 3, Actor 4",United States,"January 26, 1995",1995,TV-PG,119 min,Documentary,A generic description of the show content.,78.0
s309,Movie,Show Title 309,Director 9,"Actor 0, Actor 1",India,"January 8, 1994",1994,R,119 min,"Thriller, Romance, Comedy",A generic description of the show content.,63.0
s310,Movie,Show Title 310,Director 10,"Actor 0, Actor 1, Actor 2",United Kingdom,"January 1, 1995",1993,TV-MA,119 min,"Romance, Sci-Fi, Comedy",A generic description of the show content.,63.3
s311,TV Show,Show Title 311,Director 11,"Actor 0, Actor 1, Actor 2, Actor 3",United States,"January 12, 2012",2012,TV-14,9 Season,"Sci-Fi, Romance, Action",A generic description of the show content.,100.0
s312,TV Show,Show Title 312,Director 12,"Actor 0, Actor 1, Actor 2",United States,"January 9, 1993",1991,TV-PG,6 Season,"Action, Documentary",A generic description of the show content.,75.8
s313,Movie,Show Title 313,Director 13,"Actor 0, Actor 1, Actor 2, Actor 3",India,"January 12, 2022",2022,TV-14,126 min,Thriller,A generic description of the show content.,100.0
s314,TV Show,Show Title 314,Director 14,"Actor 0, Actor 1",Japan,"January 8, 1997",1997,R,4 Season,"Documentary, Drama, Romance",A generic description of the show content.,87.6
s315,Movie,Show Title 315,Director 15,"Actor 0, Actor 1, Actor 2, Actor 3, Actor 4",South Korea,"January 11, 2001",2001,R,84 min,"Sci-Fi, Romance, Thriller",A generic description of the show content.,81.7
s316,TV Show,Show Title 316,Director 16,"Actor 0, Actor 1",United States,"January 6, 1994",1994,TV-PG,10 Season,"Drama, Documentary",A generic description of the show content.,76.8
s317,TV Show,Show Title 317,Director 17,"Actor 0, Actor 1, Actor 2, Actor 3, Actor 4, Actor 5, Actor 6",South Korea,"January 3, 1996",1994,R,8 Season,"Sci-Fi, Action",A generic description of the show content.,76.9
s318,Movie,Show Title 318,Director 18,"Actor 0, Actor 1, Actor 2, Actor 3, Actor 4, Actor 5, Actor 6, Actor 7, Actor 8",United States,"January 25, 2009",2009,TV-PG,174 min,"Comedy, Thriller, Action",A generic description of the show content.,100.0
s319,TV Show,Show Title 319,Director 19,"Actor 0, Actor 1, Actor 2, Actor 3, Actor 4, Actor 5, Actor 6, Actor 7, Actor 8, Actor 9",United States,"January 12, 1992",1990,PG-13,7 Season,Comedy,A generic description of the show content.,73.7
s320,TV Show,Show Title 320,Director 20,"Actor 0, Actor 1, Actor 2, Actor 3, Actor 4, Actor 5, Actor 6, Actor 7, Actor 8, Actor 9",United States,"January 8, 2015",2014,R,5 Season,Comedy,A generic description of the show content.,100.0
s321,TV Show,Show Title 321,Director 21,"Actor 0, Actor 1, Actor 2, Actor 3, Actor 4",South Korea,"January 28, 2001",1999,R,5 Season,Drama,A generic description of the show content.,89.5
s322,TV Show,Show Title 322,Director 22,"Actor 0, Actor 1, Actor 2, Actor 3",United States,"January 21, 1996",1995,PG-13,10 Season,Documentary,A generic description of the show content.,62.3
s323,Movie,Show Title 323,Director 23,"Actor 0, Actor 1, Actor 2, Actor 3, Actor 4, Actor 5, Actor 6, Actor 7",United States,"January 23, 2000",1998,TV-14,110 min,"Action, Sci-Fi",A generic description of the show content.,100.0
s324,Movie,Show Title 324,Director 24,"Actor 0, Actor 1, Actor 2",United States,"January 5, 1994",1994,TV-MA,105 min,Sci-Fi,A generic description of the show content.,56.9
s325,Movie,Show Title 325,Director 25,"Actor 0, Actor 1, Actor 2, Actor 3, Actor 4, Actor 5, Actor 6, Actor 7, Actor 8",United States,"January 10, 1998",1997,TV-14,148 min,"Sci-Fi, Comedy",A generic description of the show content.,71.4
s326,TV Show,Show Title 326,Director 26,"Actor 0, Actor 1, Actor 2, Actor 3, Actor 4, Actor 5, Actor 6",United States,"January 5, 2009",2009,TV-MA,10 Season,Comedy,A generic description of the show content.,100.0
s327,TV Show,Show Title 327,Director 27,"Actor 0, Actor 1",United States,"January 13, 1994",1993,TV-PG,5 Season,"Sci-Fi, Comedy",A generic description of the show content.,71.4
s328,TV Show,Show Title 328,Director 28,"Actor 0, Actor 1",United States,"January 2, 2019",2019,TV-MA,2 Season,Drama,A generic description of the show content.,100.0
s329,Movie,Show Title 329,Director 29,"Actor 0, Actor 1, Actor 2",India,"January 7, 1997",1995,R,154 min,"Action, Drama, Romance",A generic description of the show content.,79.8
s330,TV Show,Show Title 330,Director 30,"Actor 0, Actor 1",United States,"January 6, 2013",2011,R,2 Season,Thriller,A generic description of the show content.,90.4
s331,TV Show,Show Title 331,Director 31,"Actor 0, Actor 1, Actor 2, Actor 3, Actor 4",United States,"January 6, 1992",1991,TV-14,7 Season,"Thriller, Comedy, Action",A generic description of the show content.,62.5
s332,Movie,Show Title 332,Director 32,"Actor 0, Actor 1, Actor 2, Actor 3, Actor 4, Actor 5, Actor 6, Actor 7, Actor 8, Actor 9",United States,"January 16, 2005",2005,PG-13,162 min,"Thriller, Sci-Fi",A generic description of the show content.,98.3
s333,Movie,Show Title 333,Director 33,"Actor 0, Actor 1",United States,"January 13, 2004",2002,TV-14,162 min,"Comedy, Romance, Documentary",A generic description of the show content.,70.2
s334,Movie,Show Title 334,Director 34,"Actor 0, Actor 1, Actor 2, Actor 3",United Kingdom,"January 1, 2013",2012,TV-PG,152 min,"Action, Thriller, Sci-Fi",A generic description of the show content.,100.0
s335,Movie,Show Title 335,Director 35,"Actor 0, Actor 1, Actor 2, Actor 3, Actor 4",Japan,"January 6, 2007",2007,TV-MA,87 min,"Documentary, Action",A generic description of the show content.,94.0
s336,Movie,Show Title 336,Director 36,"Actor 0, Actor 1, Actor 2, Actor 3, Actor 4, Actor 5, Actor 6, Actor 7",United States,"January 12, 1993",1993,TV-MA,177 min,Documentary,A generic description of the show content.,67.2
s337,Movie,Show Title 337,Director 37,"Actor 0, Actor 1, Actor 2, Actor 3, Actor 4, Actor 5, Actor 6",United States,"January 19, 2014",2012,TV-MA,155 min,Romance,A generic description of the show content.,98.8
s338,Movie,Show Title 338,Director 38,"Actor 0, Actor 1",United States,"January 3, 2021",2021,TV-MA,149 min,"Comedy, Thriller",A generic description of the show content.,100.0
s339,Movie,Show Title 339,Director 39,"Actor 0, Actor 1, Actor 2, Actor 3",United States,"January 11, 2022",2020,TV-MA,80 min,"Documentary, Comedy",A generic description of the show content.,100.0
s340,TV Show,Show Title 340,Director 40,"Actor 0, Actor 1, Actor 2, Actor 3",Japan,"January 25, 2010",2010,TV-PG,1 Season,Comedy,A generic description of the show content.,84.8
s341,TV Show,Show Title 341,Director 41,"Actor 0, Actor 1, Actor 2, Actor 3, Actor 4, Actor 5, Actor 6",South Korea,"January 5, 2013",2013,R,7 Season,"Drama, Action, Romance",A generic description of the show content.,100.0
s342,TV Show,Show Title 342,Director 42,"Actor 0, Actor 1, Actor 2, Actor 3, Actor 4, Actor 5, Actor 6",South Korea,"January 8, 2012",2010,TV-PG,3 Season,"Documentary, Romance, Sci-Fi",A generic description of the show content.,100.0
s343,TV Show,Show Title 343,Director 43,"Actor 0, Actor 1",United States,"January 23, 2010",2008,R,3 Season,Romance,A generic description of the show content.,80.9
s344,TV Show,Show Title 344,Director 44,"Actor 0, Actor 1, Actor 2",United Kingdom,"January 16, 1992",1992,TV-14,3 Season,"Action, Documentary, Comedy",A generic description of the show content.,64.3
s345,TV Show,Show Title 345,Director 45,"Actor 0, Actor 1, Actor 2, Actor 3, Actor 4, Actor 5, Actor 6, Actor 7, Actor 8",United States,"January 1, 2011",2010,TV-MA,3 Season,"Drama, Romance, Action",A generic description of the show content.,100.0
s346,Movie,Show Title 346,Director 46,"Actor 0, Actor 1",United States,"January 2, 2007",2006,R,180 min,Romance,A generic description of the show content.,68.5
s347,TV Show,Show Title 347,Director 47,"Actor 0, Actor 1, Actor 2, Actor 3, Actor 4, Actor 5, Actor 6, Actor 7",South Korea,"January 4, 2017",2016,TV-PG,8 Season,"Action, Documentary",A generic description of the show content.,100.0
s348,Movie,Show Title 348,Director 48,"Actor 0, Actor 1",United Kingdom,"January 10, 2000",2000,TV-14,137 min,Sci-Fi,A generic description of the show content.,66.8
s349,Movie,Show Title 349,Director 49,"Actor 0, Actor 1, Actor 2",United States,"January 18, 2011",2011,TV-14,101 min,"Comedy, Romance",A generic description of the show content.,90.4
s350,Movie,Show Title 350,Director 50,"Actor 0, Actor 1, Actor 2, Actor 3",United Kingdom,"January 20, 2021",2020,TV-MA,170 min,Thriller,A generic description of the show content.,100.0
s351,Movie,Show Title 351,Director 51,"Actor 0, Actor 1, Actor 2, Actor 3, Actor 4, Actor 5",United States,"January 22, 2003",2002,TV-14,132 min,"Documentary, Romance, Sci-Fi",A generic description of the show content.,99.8
s352,Movie,Show Title 352,Director 52,"Actor 0, Actor 1",United States,"January 14, 2021",2021,TV-14,99 min,Action,A generic description of the show content.,100.0
s353,TV Show,Show Title 353,Director 53,"Actor 0, Actor 1, Actor 2, Actor 3, Actor 4",United Kingdom,"January 6, 2022",2020,TV-14,4 Season,Drama,A generic description of the show content.,100.0
s354,TV Show,Show Title 354,Director 54,"Actor 0, Actor 1, Actor 2, Actor 3, Actor 4, Actor 5",India,"January 3, 1999",1997,TV-PG,5 Season,"Thriller, Sci-Fi",A generic description of the show content.,77.3
s355,Movie,Show Title 355,Director 55,"Actor 0, Actor 1",United States,"January 9, 2015",2014,R,127 min,Thriller,A generic description of the show content.,85.0
s356,Movie,Show Title 356,Director 56,"Actor 0, Actor 1, Actor 2, Actor 3, Actor 4, Actor 5, Actor 6",Japan,"January 26, 1995",1993,R,99 min,"Romance, Drama, Sci-Fi",A generic description of the show content.,78.3
s357,TV Show,Show Title 357,Director 57,"Actor 0, Actor 1, Actor 2, Actor 3, Actor 4",India,"January 16, 1994",1993,PG-13,7 Season,"Thriller, Documentary, Sci-Fi",A generic description of the show content.,66.6
s358,Movie,Show Title 358,Director 58,"Actor 0, Actor 1, Actor 2, Actor 3",Japan,"January 4, 1993",1992,TV-MA,144 min,"Documentary, Sci-Fi, Romance",A generic description of the show content.,69.2
s359,TV Show,Show Title 359,Director 59,"Actor 0, Actor 1, Actor 2, Actor 3, Actor 4, Actor 5, Actor 6, Actor 7",United States,"January 3, 2005",2003,R,4 Season,Drama,A generic description of the show content.,87.2
s360,Movie,Show Title 360,Director 60,"Actor 0, Actor 1, Actor 2",Japan,"January 3, 2000",1999,TV-PG,156 min,"Action, Romance",A generic description of the show content.,84.7
s361,Movie,Show Title 361,Director 61,"Actor 0, Actor 1, Actor 2, Actor 3, Actor 4, Actor 5, Actor 6, Actor 7, Actor 8, Actor 9",United States,"January 26, 2008",2007,PG-13,146 min,"Sci-Fi, Drama",A generic description of the show content.,100.0
s362,Movie,Show Title 362,Director 62,"Actor 0, Actor 1, Actor 2, Actor 3, Actor 4, Actor 5, Actor 6, Actor 7, Actor 8, Actor 9",United States,"January 12, 1997",1996,TV-14,93 min,"Sci-Fi, Drama, Action",A generic description of the show content.,87.9
s363,Movie,Show Title 363,Director 63,"Actor 0, Actor 1, Actor 2, Actor 3, Actor 4, Actor 5, Actor 6, Actor 7",India,"January 5, 2022",2020,TV-PG,84 min,Action,A generic description of the show content.,100.0
s364,Movie,Show Title 364,Director 64,"Actor 0, Actor 1, Actor 2, Actor 3, Actor 4, Actor 5",India,"January 12, 2015",2015,TV-14,122 min,"Comedy, Drama, Thriller",A generic description of the show content.,100.0
s365,TV Show,Show Title 365,Director 65,"Actor 0, Actor 1, Actor 2, Actor 3",United States,"January 10, 2009",2007,R,8 Season,"Romance, Drama, Comedy",A generic description of the show content.,89.5
s366,TV Show,Show Title 366,Director 66,"Actor 0, Actor 1, Actor 2, Actor 3, Actor 4",United States,"January 27, 2017",2016,R,10 Season,"Drama, Comedy, Thriller",A generic description of the show content.,100.0
s367,TV Show,Show Title 367,Director 67,"Actor 0, Actor 1, Actor 2, Actor 3, Actor 4, Actor 5",Japan,"January 23, 1995",1993,R,9 Season,Drama,A generic description of the show content.,76.6
s368,Movie,Show Title 368,Director 68,"Actor 0, Actor 1, Actor 2, Actor 3, Actor 4",Japan,"January 27, 1991",1991,TV-MA,102 min,Sci-Fi,A generic description of the show content.,67.5
s369,Movie,Show Title 369,Director 69,"Actor 0, Actor 1, Actor 2, Actor 3, Actor 4, Actor 5, Actor 6",United States,"January 27, 2014",2013,TV-PG,170 min,Action,A generic description of the show content.,100.0
s370,Movie,Show Title 370,Director 70,"Actor 0, Actor 1, Actor 2, Actor 3, Actor 4, Actor 5, Actor 6, Actor 7, Actor 8",South Korea,"January 6, 1992",1991,TV-PG,110 min,"Thriller, Documentary",A generic description of the show content.,74.7
s371,Movie,Show Title 371,Director 71,"Actor 0, Actor 1, Actor 2, Actor 3, Actor 4, Actor 5, Actor 6, Actor 7",United States,"January 2, 2006",2006,TV-PG,175 min,"Drama, Action, Sci-Fi",A generic description of the show content.,100.0
s372,TV Show,Show Title 372,Director 72,"Actor 0, Actor 1, Actor 2, Actor 3, Actor 4, Actor 5, Actor 6, Actor 7, Actor 8, Actor 9",United States,"January 1, 2006",2004,PG-13,4 Season,"Comedy, Action, Thriller",A generic description of the show content.,100.0
s373,Movie,Show Title 373,Director 73,"Actor 0, Actor 1, Actor 2, Actor 3, Actor 4, Actor 5",United States,"January 20, 2002",2001,TV-14,156 min,Comedy,A generic description of the show content.,93.1
s374,Movie,Show Title 374,Director 74,"Actor 0, Actor 1, Actor 2, Actor 3, Actor 4, Actor 5",United States,"January 22, 2014",2012,TV-PG,138 min,"Comedy, Thriller",A generic description of the show content.,100.0
s375,Movie,Show Title 375,Director 75,"Actor 0, Actor 1, Actor 2, Actor 3, Actor 4, Actor 5",United States,"January 10, 2024",2022,PG-13,164 min,"Documentary, Romance",A generic description of the show content.,100.0
s376,Movie,Show Title 376,Director 76,"Actor 0, Actor 1, Actor 2, Actor 3, Actor 4, Actor 5",United States,"January 21, 2009",2007,TV-14,161 min,"Sci-Fi, Action",A generic description of the show content.,100.0
s377,Movie,Show Title 377,Director 77,"Actor 0, Actor 1, Actor 2, Actor 3",India,"January 24, 2005",2005,R,87 min,"Thriller, Romance, Action",A generic description of the show content.,92.3
s378,TV Show,Show Title 378,Director 78,"Actor 0, Actor 1, Actor 2, Actor 3, Actor 4",United States,"January 11, 2018",2016,TV-MA,7 Season,"Romance, Drama",A generic description of the show content.,100.0
s379,Movie,Show Title 379,Director 79,"Actor 0, Actor 1, Actor 2, Actor 3",United Kingdom,"January 27, 2022",2020,TV-PG,165 min,"Documentary, Action",A generic description of the show content.,100.0
s380,Movie,Show Title 380,Director 80,"Actor 0, Actor 1, Actor 2, Actor 3",United States,"January 22, 1999",1998,PG-13,174 min,"Romance, Documentary",A generic description of the show content.,66.6
s381,Movie,Show Title 381,Director 81,"Actor 0, Actor 1, Actor 2, Actor 3, Actor 4, Actor 5",United States,"January 15, 2009",2009,R,133 min,"Action, Sci-Fi",A generic description of the show content.,94.5
s382,Movie,Show Title 382,Director 82,"Actor 0, Actor 1, Actor 2",United Kingdom,"January 28, 1996",1994,R,140 min,Documentary,A generic description of the show content.,45.8
s383,Movie,Show Title 383,Director 83,"Actor 0, Actor 1, Actor 2, Actor 3, Actor 4, Actor 5, Actor 6, Actor 7",India,"January 19, 2000",1999,TV-MA,97 min,Action,A generic description of the show content.,84.2
s384,Movie,Show Title 384,Director 84,"Actor 0, Actor 1, Actor 2, Actor 3, Actor 4, Actor 5, Actor 6",United Kingdom,"January 21, 1995",1995,PG-13,142 min,"Romance, Comedy",A generic description of the show content.,68.9
s385,Movie,Show Title 385,Director 85,"Actor 0, Actor 1, Actor 2",United States,"January 5, 2002",2000,R,153 min,Thriller,A generic description of the show content.,77.5
s386,Movie,Show Title 386,Director 86,"Actor 0, Actor 1, Actor 2, Actor 3, Actor 4, Actor 5, Actor 6, Actor 7, Actor 8, Actor 9",India,"January 7, 2022",2020,TV-14,129 min,Drama,A generic description of the show content.,100.0
s387,TV Show,Show Title 387,Director 87,"Actor 0, Actor 1",Japan,"January 21, 2025",2023,TV-MA,4 Season,Romance,A generic description of the show content.,100.0
s388,Movie,Show Title 388,Director 88,"Actor 0, Actor 1, Actor 2, Actor 3, Actor 4, Actor 5, Actor 6, Actor 7, Actor 8, Actor 9",Japan,"January 19, 2010",2009,TV-MA,96 min,Thriller,A generic description of the show content.,100.0
s389,Movie,Show Title 389,Director 89,"Actor 0, Actor 1, Actor 2, Actor 3, Actor 4, Actor 5, Actor 6",United States,"January 14, 2010",2008,TV-MA,138 min,"Documentary, Sci-Fi, Romance",A generic description of the show content.,90.2
s390,Movie,Show Title 390,Director 90,"Actor 0, Actor 1, Actor 2, Actor 3, Actor 4, Actor 5, Actor 6, Actor 7",South Korea,"January 1, 2012",2012,TV-MA,176 min,Comedy,A generic description of the show content.,95.0
s391,TV Show,Show Title 391,Director 91,"Actor 0, Actor 1",United States,"January 13, 1993",1991,TV-14,10 Season,"Comedy, Drama, Action",A generic description of the show content.,70.4
s392,TV Show,Show Title 392,Director 92,"Actor 0, Actor 1, Actor 2",United Kingdom,"January 14, 1994",1993,R,2 Season,"Sci-Fi, Drama, Romance",A generic description of the show content.,57.3
s393,Movie,Show Title 393,Director 93,"Actor 0, Actor 1, Actor 2, Actor 3, Actor 4, Actor 5",United States,"January 14, 2001",1999,PG-13,106 min,"Romance, Sci-Fi, Drama",A generic description of the show content.,100.0
s394,Movie,Show Title 394,Director 94,"Actor 0, Actor 1, Actor 2",United States,"January 10, 1998",1998,PG-13,133 min,Documentary,A generic description of the show content.,84.8
s395,Movie,Show Title 395,Director 95,"Actor 0, Actor 1, Actor 2, Actor 3, Actor 4, Actor 5, Actor 6, Actor 7",United Kingdom,"January 10, 2006",2006,PG-13,146 min,Action,A generic description of the show content.,95.3
s396,Movie,Show Title 396,Director 96,"Actor 0, Actor 1",South Korea,"January 22, 2020",2020,PG-13,122 min,Drama,A generic description of the show content.,91.9
s397,TV Show,Show Title 397,Director 97,"Actor 0, Actor 1, Actor 2, Actor 3, Actor 4, Actor 5",United Kingdom,"January 21, 1999",1999,R,2 Season,"Drama, Romance, Sci-Fi",A generic description of the show content.,99.0
s398,TV Show,Show Title 398,Director 98,"Actor 0, Actor 1, Actor 2, Actor 3",United States,"January 28, 2019",2019,TV-14,1 Season,Sci-Fi,A generic description of the show content.,100.0
s399,Movie,Show Title 399,Director 99,"Actor 0, Actor 1",United Kingdom,"January 1, 2017",2017,TV-MA,174 min,Drama,A generic description of the show content.,100.0
s400,Movie,Show Title 400,Director 0,"Actor 0, Actor 1, Actor 2, Actor 3, Actor 4, Actor 5, Actor 6",Japan,"January 6, 2007",2007,R,173 min,Action,A generic description of the show content.,83.6
s401,Movie,Show Title 401,Director 1,"Actor 0, Actor 1, Actor 2, Actor 3",India,"January 4, 2014",2014,PG-13,168 min,"Sci-Fi, Thriller",A generic description of the show content.,93.0
s402,TV Show,Show Title 402,Director 2,"Actor 0, Actor 1, Actor 2, Actor 3",Japan,"January 20, 1997",1996,TV-14,7 Season,"Thriller, Documentary, Sci-Fi",A generic description of the show content.,72.1
s403,Movie,Show Title 403,Director 3,"Actor 0, Actor 1, Actor 2, Actor 3, Actor 4, Actor 5, Actor 6, Actor 7, Actor 8",Japan,"January 2, 1998",1998,TV-14,141 min,"Drama, Thriller",A generic description of the show content.,90.5
s404,Movie,Show Title 404,Director 4,"Actor 0, Actor 1, Actor 2, Actor 3, Actor 4",United States,"January 22, 2024",2023,TV-PG,178 min,"Documentary, Romance, Sci-Fi",A generic description of the show content.,100.0
s405,Movie,Show Title 405,Director 5,"Actor 0, Actor 1, Actor 2, Actor 3, Actor 4, Actor 5, Actor 6",United Kingdom,"January 22, 1998",1996,R,135 min,"Romance, Comedy, Thriller",A generic description of the show content.,84.2
s406,Movie,Show Title 406,Director 6,"Actor 0, Actor 1, Actor 2, Actor 3, Actor 4, Actor 5, Actor 6, Actor 7, Actor 8",Japan,"January 28, 1993",1993,PG-13,81 min,"Comedy, Documentary, Thriller",A generic description of the show content.,66.8
s407,TV Show,Show Title 407,Director 7,"Actor 0, Actor 1, Actor 2, Actor 3, Actor 4",United States,"January 18, 2013",2011,R,5 Season,Documentary,A generic description of the show content.,95.1
s408,Movie,Show Title 408,Director 8,"Actor 0, Actor 1, Actor 2, Actor 3, Actor 4, Actor 5, Actor 6, Actor 7, Actor 8",United States,"January 11, 2019",2019,R,136 min,"Thriller, Drama, Sci-Fi",A generic description of the show content.,100.0
s409,TV Show,Show Title 409,Director 9,"Actor 0, Actor 1, Actor 2, Actor 3, Actor 4, Actor 5, Actor 6, Actor 7, Actor 8, Actor 9",United States,"January 1, 2015",2015,TV-PG,7 Season,Documentary,A generic description of the show content.,100.0
s410,TV Show,Show Title 410,Director 10,"Actor 0, Actor 1, Actor 2, Actor 3, Actor 4, Actor 5, Actor 6, Actor 7, Actor 8",United Kingdom,"January 11, 2023",2022,PG-13,9 Season,Romance,A generic description of the show content.,100.0
s411,TV Show,Show Title 411,Director 11,"Actor 0, Actor 1, Actor 2, Actor 3, Actor 4, Actor 5, Actor 6, Actor 7, Actor 8",Japan,"January 4, 2011",2011,TV-MA,9 Season,"Documentary, Thriller, Action",A generic description of the show content.,98.3
s412,Movie,Show Title 412,Director 12,"Actor 0, Actor 1",United States,"January 6, 2009",2008,TV-MA,150 min,"Action, Romance, Drama",A generic description of the show content.,75.7
s413,TV Show,Show Title 413,Director 13,"Actor 0, Actor 1, Actor 2, Actor 3, Actor 4",United Kingdom,"January 4, 2017",2016,TV-MA,2 Season,"Documentary, Comedy",A generic description of the show content.,100.0
s414,Movie,Show Title 414,Director 14,"Actor 0, Actor 1, Actor 2",United Kingdom,"January 25, 2012",2011,R,93 min,"Drama, Romance",A generic description of the show content.,100.0
s415,Movie,Show Title 415,Director 15,"Actor 0, Actor 1",South Korea,"January 18, 1999",1998,TV-PG,143 min,Documentary,A generic description of the show content.,63.5
s416,Movie,Show Title 416,Director 16,"Actor 0, Actor 1, Actor 2",India,"January 13, 2003",2001,TV-PG,168 min,"Comedy, Romance, Sci-Fi",A generic description of the show content.,93.0
s417,Movie,Show Title 417,Director 17,"Actor 0, Actor 1, Actor 2, Actor 3, Actor 4, Actor 5, Actor 6, Actor 7",United States,"January 11, 2015",2014,R,133 min,"Romance, Comedy, Action",A generic description of the show content.,100.0
s418,TV Show,Show Title 418,Director 18,"Actor 0, Actor 1, Actor 2, Actor 3, Actor 4",United States,"January 7, 2022",2022,TV-PG,5 Season,"Documentary, Action, Sci-Fi",A generic description of the show content.,100.0
s419,TV Show,Show Title 419,Director 19,"Actor 0, Actor 1, Actor 2",United Kingdom,"January 25, 1999",1998,TV-PG,3 Season,"Documentary, Romance, Action",A generic description of the show content.,78.7
s420,Movie,Show Title 420,Director 20,"Actor 0, Actor 1, Actor 2, Actor 3, Actor 4, Actor 5, Actor 6, Actor 7",India,"January 26, 2016",2016,TV-PG,166 min,"Sci-Fi, Documentary, Action",A generic description of the show content.,100.0
s421,Movie,Show Title 421,Director 21,"Actor 0, Actor 1, Actor 2, Actor 3, Actor 4, Actor 5",United States,"January 25, 1993",1993,TV-14,165 min,Comedy,A generic description of the show content.,89.1
s422,Movie,Show Title 422,Director 22,"Actor 0, Actor 1",United States,"January 12, 1994",1993,PG-13,168 min,"Comedy, Documentary",A generic description of the show content.,61.0
s423,Movie,Show Title 423,Director 23,"Actor 0, Actor 1, Actor 2, Actor 3, Actor 4, Actor 5, Actor 6, Actor 7, Actor 8, Actor 9",United Kingdom,"January 26, 2006",2004,TV-14,175 min,"Documentary, Thriller, Comedy",A generic description of the show content.,100.0
s424,Movie,Show Title 424,Director 24,"Actor 0, Actor 1, Actor 2, Actor 3, Actor 4, Actor 5, Actor 6",United States,"January 18, 2014",2014,PG-13,129 min,"Sci-Fi, Romance",A generic description of the show content.,100.0
s425,TV Show,Show Title 425,Director 25,"Actor 0, Actor 1, Actor 2, Actor 3, Actor 4, Actor 5, Actor 6, Actor 7, Actor 8, Actor 9",United States,"January 24, 2020",2018,TV-MA,4 Season,"Romance, Sci-Fi, Action",A generic description of the show content.,100.0
s426,TV Show,Show Title 426,Director 26,"Actor 0, Actor 1, Actor 2",South Korea,"January 6, 2008",2008,TV-PG,8 Season,Romance,A generic description of the show content.,78.4
s427,Movie,Show Title 427,Director 27,"Actor 0, Actor 1, Actor 2, Actor 3, Actor 4, Actor 5",United States,"January 1, 2008",2007,R,151 min,"Comedy, Sci-Fi",A generic description of the show content.,99.4
s428,TV Show,Show Title 428,Director 28,"Actor 0, Actor 1, Actor 2, Actor 3, Actor 4, Actor 5",United States,"January 16, 2001",1999,TV-PG,6 Season,"Drama, Romance, Documentary",A generic description of the show content.,96.1
s429,Movie,Show Title 429,Director 29,"Actor 0, Actor 1, Actor 2, Actor 3, Actor 4, Actor 5, Actor 6, Actor 7, Actor 8, Actor 9",United Kingdom,"January 3, 2012",2010,TV-MA,147 min,Comedy,A generic description of the show content.,87.4
s430,Movie,Show Title 430,Director 30,"Actor 0, Actor 1, Actor 2, Actor 3, Actor 4, Actor 5, Actor 6",India,"January 11, 1996",1995,TV-14,124 min,Comedy,A generic description of the show content.,64.7
s431,Movie,Show Title 431,Director 31,"Actor 0, Actor 1, Actor 2",United Kingdom,"January 22, 2024",2023,R,140 min,"Sci-Fi, Romance, Drama",A generic description of the show content.,95.1
s432,Movie,Show Title 432,Director 32,"Actor 0, Actor 1, Actor 2, Actor 3, Actor 4, Actor 5, Actor 6, Actor 7",United Kingdom,"January 9, 2007",2005,TV-14,85 min,"Action, Thriller, Drama",A generic description of the show content.,95.8
s433,Movie,Show Title 433,Director 33,"Actor 0, Actor 1, Actor 2, Actor 3, Actor 4, Actor 5",India,"January 21, 2013",2013,TV-14,145 min,"Thriller, Sci-Fi, Drama",A generic description of the show content.,100.0
s434,Movie,Show Title 434,Director 34,"Actor 0, Actor 1, Actor 2, Actor 3, Actor 4",South Korea,"January 22, 2002",2000,TV-MA,178 min,"Documentary, Drama, Romance",A generic description of the show content.,100.0
s435,TV Show,Show Title 435,Director 35,"Actor 0, Actor 1, Actor 2",India,"January 24, 1998",1996,TV-MA,4 Season,"Sci-Fi, Romance, Thriller",A generic description of the show content.,70.7
s436,Movie,Show Title 436,Director 36,"Actor 0, Actor 1, Actor 2, Actor 3",United Kingdom,"January 26, 1993",1992,TV-PG,91 min,Drama,A generic description of the show content.,87.3
s437,Movie,Show Title 437,Director 37,"Actor 0, Actor 1, Actor 2, Actor 3, Actor 4, Actor 5, Actor 6, Actor 7",Japan,"January 14, 2007",2006,PG-13,132 min,"Thriller, Romance",A generic description of the show content.,81.2
s438,Movie,Show Title 438,Director 38,"Actor 0, Actor 1",United States,"January 23, 1990",1990,TV-14,162 min,"Documentary, Drama, Sci-Fi",A generic description of the show content.,47.0
s439,TV Show,Show Title 439,Director 39,"Actor 0, Actor 1, Actor 2, Actor 3, Actor 4, Actor 5, Actor 6, Actor 7, Actor 8",United States,"January 13, 2010",2009,PG-13,10 Season,Action,A generic description of the show content.,100.0
s440,Movie,Show Title 440,Director 40,"Actor 0, Actor 1, Actor 2, Actor 3, Actor 4, Actor 5",India,"January 21, 1998",1998,TV-14,175 min,"Sci-Fi, Documentary",A generic description of the show content.,82.8
s441,Movie,Show Title 441,Director 41,"Actor 0, Actor 1, Actor 2",South Korea,"January 2, 2013",2013,TV-PG,81 min,"Sci-Fi, Documentary, Comedy",A generic description of the show content.,95.2
s442,Movie,Show Title 442,Director 42,"Actor 0, Actor 1, Actor 2, Actor 3, Actor 4, Actor 5, Actor 6",India,"January 7, 1996",1995,TV-PG,119 min,Romance,A generic description of the show content.,55.8
s443,Movie,Show Title 443,Director 43,"Actor 0, Actor 1",United States,"January 28, 2008",2006,R,104 min,Comedy,A generic description of the show content.,82.1
s444,Movie,Show Title 444,Director 44,"Actor 0, Actor 1, Actor 2, Actor 3, Actor 4, Actor 5, Actor 6, Actor 7, Actor 8",United States,"January 11, 1995",1994,TV-MA,112 min,Comedy,A generic description of the show content.,66.0
s445,Movie,Show Title 445,Director 45,"Actor 0, Actor 1, Actor 2, Actor 3, Actor 4, Actor 5, Actor 6",United States,"January 16, 2009",2008,TV-14,159 min,Comedy,A generic description of the show content.,100.0
s446,Movie,Show Title 446,Director 46,"Actor 0, Actor 1, Actor 2, Actor 3",United States,"January 1, 2000",1999,TV-MA,152 min,"Action, Sci-Fi, Thriller",A generic description of the show content.,85.2
s447,TV Show,Show Title 447,Director 47,"Actor 0, Actor 1, Actor 2, Actor 3, Actor 4, Actor 5, Actor 6",United Kingdom,"January 16, 2018",2017,R,5 Season,"Comedy, Romance",A generic description of the show content.,100.0
s448,Movie,Show Title 448,Director 48,"Actor 0, Actor 1, Actor 2, Actor 3",United States,"January 18, 1996",1996,TV-14,102 min,"Documentary, Drama, Action",A generic description of the show content.,71.9
s449,TV Show,Show Title 449,Director 49,"Actor 0, Actor 1, Actor 2, Actor 3, Actor 4, Actor 5, Actor 6, Actor 7",United Kingdom,"January 25, 1996",1994,TV-MA,1 Season,"Romance, Drama, Documentary",A generic description of the show content.,71.4
s450,TV Show,Show Title 450,Director 50,"Actor 0, Actor 1, Actor 2, Actor 3, Actor 4, Actor 5, Actor 6",India,"January 13, 2024",2024,TV-PG,9 Season,"Romance, Comedy",A generic description of the show content.,100.0
s451,TV Show,Show Title 451,Director 51,"Actor 0, Actor 1, Actor 2, Actor 3, Actor 4, Actor 5, Actor 6, Actor 7, Actor 8, Actor 9",United States,"January 1, 2021",2019,TV-MA,9 Season,"Drama, Thriller, Action",A generic description of the show content.,100.0
s452,TV Show,Show Title 452,Director 52,"Actor 0, Actor 1, Actor 2, Actor 3",Japan,"January 6, 2002",2000,TV-PG,9 Season,Thriller,A generic description of the show content.,68.1
s453,Movie,Show Title 453,Director 53,"Actor 0, Actor 1, Actor 2, Actor 3, Actor 4, Actor 5, Actor 6, Actor 7, Actor 8",South Korea,"January 8, 2020",2020,TV-14,125 min,Comedy,A generic description of the show content.,100.0
s454,Movie,Show Title 454,Director 54,"Actor 0, Actor 1, Actor 2, Actor 3, Actor 4, Actor 5, Actor 6, Actor 7, Actor 8",United States,"January 2, 2003",2003,TV-14,146 min,"Thriller, Sci-Fi",A generic description of the show content.,87.2
s455,Movie,Show Title 455,Director 55,"Actor 0, Actor 1, Actor 2, Actor 3",South Korea,"January 13, 2009",2007,R,174 min,"Documentary, Sci-Fi",A generic description of the show content.,80.6
s456,Movie,Show Title 456,Director 56,"Actor 0, Actor 1, Actor 2, Actor 3, Actor 4, Actor 5, Actor 6, Actor 7, Actor 8, Actor 9",United Kingdom,"January 13, 1995",1994,TV-14,146 min,"Thriller, Comedy",A generic description of the show content.,79.9
s457,Movie,Show Title 457,Director 57,"Actor 0, Actor 1, Actor 2, Actor 3",India,"January 8, 1990",1990,TV-PG,144 min,Thriller,A generic description of the show content.,52.6
s458,Movie,Show Title 458,Director 58,"Actor 0, Actor 1, Actor 2",United States,"January 22, 2001",2001,R,100 min,"Documentary, Romance",A generic description of the show content.,72.0
s459,TV Show,Show Title 459,Director 59,"Actor 0, Actor 1, Actor 2, Actor 3",United Kingdom,"January 21, 2021",2020,PG-13,8 Season,"Comedy, Documentary",A generic description of the show content.,96.0
s460,Movie,Show Title 460,Director 60,"Actor 0, Actor 1, Actor 2, Actor 3",United States,"January 2, 2000",2000,TV-14,97 min,"Documentary, Drama, Sci-Fi",A generic description of the show content.,100.0
s461,TV Show,Show Title 461,Director 61,"Actor 0, Actor 1, Actor 2",India,"January 7, 2016",2015,TV-PG,10 Season,"Romance, Drama, Action",A generic description of the show content.,100.0
s462,TV Show,Show Title 462,Director 62,"Actor 0, Actor 1, Actor 2, Actor 3",Japan,"January 20, 2002",2000,TV-PG,4 Season,"Documentary, Comedy",A generic description of the show content.,71.0
s463,Movie,Show Title 463,Director 63,"Actor 0, Actor 1, Actor 2, Actor 3, Actor 4, Actor 5, Actor 6, Actor 7",United Kingdom,"January 13, 2011",2011,PG-13,138 min,"Documentary, Drama, Comedy",A generic description of the show content.,100.0
s464,Movie,Show Title 464,Director 64,"Actor 0, Actor 1, Actor 2",India,"January 6, 2023",2022,TV-PG,167 min,"Sci-Fi, Comedy",A generic description of the show content.,100.0
s465,Movie,Show Title 465,Director 65,"Actor 0, Actor 1, Actor 2, Actor 3, Actor 4, Actor 5, Actor 6, Actor 7, Actor 8",Japan,"January 22, 2024",2024,TV-PG,144 min,Drama,A generic description of the show content.,100.0
s466,Movie,Show Title 466,Director 66,"Actor 0, Actor 1, Actor 2, Actor 3, Actor 4, Actor 5, Actor 6, Actor 7, Actor 8, Actor 9",United States,"January 14, 2017",2017,R,146 min,"Action, Drama",A generic description of the show content.,100.0
s467,TV Show,Show Title 467,Director 67,"Actor 0, Actor 1, Actor 2, Actor 3, Actor 4, Actor 5, Actor 6, Actor 7, Actor 8",United States,"January 25, 1996",1996,PG-13,7 Season,Action,A generic description of the show content.,94.6
s468,Movie,Show Title 468,Director 68,"Actor 0, Actor 1",Japan,"January 19, 2018",2016,PG-13,112 min,Drama,A generic description of the show content.,97.7
s469,Movie,Show Title 469,Director 69,"Actor 0, Actor 1, Actor 2",United States,"January 5, 2004",2003,TV-PG,168 min,"Thriller, Action",A generic description of the show content.,79.7
s470,Movie,Show Title 470,Director 70,"Actor 0, Actor 1, Actor 2, Actor 3, Actor 4, Actor 5, Actor 6, Actor 7",Japan,"January 25, 2017",2017,R,152 min,"Documentary, Action",A generic description of the show content.,100.0
s471,Movie,Show Title 471,Director 71,"Actor 0, Actor 1, Actor 2, Actor 3, Actor 4, Actor 5",India,"January 19, 2002",2001,R,127 min,"Documentary, Thriller, Action",A generic description of the show content.,65.5
s472,TV Show,Show Title 472,Director 72,"Actor 0, Actor 1, Actor 2, Actor 3",Japan,"January 4, 1997",1997,TV-PG,4 Season,"Sci-Fi, Romance",A generic description of the show content.,58.3
s473,Movie,Show Title 473,Director 73,"Actor 0, Actor 1, Actor 2",United States,"January 27, 1993",1993,R,100 min,"Romance, Drama",A generic description of the show content.,84.2
s474,TV Show,Show Title 474,Director 74,"Actor 0, Actor 1, Actor 2",India,"January 20, 1994",1994,R,5 Season,Action,A generic description of the show content.,88.4
s475,TV Show,Show Title 475,Director 75,"Actor 0, Actor 1, Actor 2, Actor 3, Actor 4, Actor 5, Actor 6, Actor 7, Actor 8",India,"January 15, 2023",2023,TV-MA,5 Season,"Documentary, Drama, Comedy",A generic description of the show content.,100.0
s476,TV Show,Show Title 476,Director 76,"Actor 0, Actor 1, Actor 2, Actor 3, Actor 4, Actor 5, Actor 6, Actor 7, Actor 8, Actor 9",South Korea,"January 17, 2025",2023,TV-MA,5 Season,Drama,A generic description of the show content.,100.0
s477,Movie,Show Title 477,Director 77,"Actor 0, Actor 1, Actor 2, Actor 3, Actor 4, Actor 5",United Kingdom,"January 25, 2014",2013,TV-14,110 min,"Drama, Comedy, Sci-Fi",A generic description of the show content.,100.0
s478,Movie,Show Title 478,Director 78,"Actor 0, Actor 1, Actor 2",India,"January 3, 2004",2002,TV-14,146 min,Romance,A generic description of the show content.,100.0
s479,TV Show,Show Title 479,Director 79,"Actor 0, Actor 1, Actor 2, Actor 3, Actor 4",India,"January 15, 2013",2012,TV-PG,6 Season,"Comedy, Documentary",A generic description of the show content.,100.0
s480,Movie,Show Title 480,Director 80,"Actor 0, Actor 1, Actor 2, Actor 3, Actor 4, Actor 5, Actor 6",United States,"January 4, 2024",2022,TV-14,93 min,"Drama, Documentary, Action",A generic description of the show content.,100.0
s481,TV Show,Show Title 481,Director 81,"Actor 0, Actor 1, Actor 2, Actor 3, Actor 4",Japan,"January 25, 2007",2006,R,8 Season,"Documentary, Thriller",A generic description of the show content.,79.4
s482,Movie,Show Title 482,Director 82,"Actor 0, Actor 1, Actor 2",Japan,"January 13, 1993",1991,TV-MA,141 min,Action,A generic description of the show content.,51.4
s483,Movie,Show Title 483,Director 83,"Actor 0, Actor 1",United States,"January 23, 2011",2010,TV-MA,132 min,"Documentary, Sci-Fi",A generic description of the show content.,91.0
s484,Movie,Show Title 484,Director 84,"Actor 0, Actor 1, Actor 2, Actor 3, Actor 4, Actor 5, Actor 6",United States,"January 7, 2013",2011,TV-14,89 min,"Comedy, Thriller, Action",A generic description of the show content.,97.9
s485,Movie,Show Title 485,Director 85,"Actor 0, Actor 1, Actor 2, Actor 3, Actor 4, Actor 5",United Kingdom,"January 7, 2002",2002,TV-MA,143 min,"Comedy, Sci-Fi, Romance",A generic description of the show content.,70.8
s486,TV Show,Show Title 486,Director 86,"Actor 0, Actor 1, Actor 2",Japan,"January 22, 2014",2012,R,3 Season,Drama,A generic description of the show content.,92.5
s487,Movie,Show Title 487,Director 87,"Actor 0, Actor 1, Actor 2, Actor 3, Actor 4, Actor 5, Actor 6",United Kingdom,"January 16, 2026",2024,TV-14,85 min,"Action, Documentary",A generic description of the show content.,100.0
s488,Movie,Show Title 488,Director 88,"Actor 0, Actor 1, Actor 2, Actor 3",South Korea,"January 2, 2024",2022,R,115 min,"Comedy, Documentary",A generic description of the show content.,100.0
s489,Movie,Show Title 489,Director 89,"Actor 0, Actor 1, Actor 2, Actor 3",India,"January 15, 2022",2022,TV-PG,124 min,"Sci-Fi, Romance",A generic description of the show content.,100.0
s490,Movie,Show Title 490,Director 90,"Actor 0, Actor 1, Actor 2",United Kingdom,"January 11, 1991",1990,TV-PG,166 min,Thriller,A generic description of the show content.,60.9
s491,TV Show,Show Title 491,Director 91,"Actor 0, Actor 1, Actor 2, Actor 3, Actor 4, Actor 5, Actor 6",United States,"January 12, 2006",2006,R,4 Season,"Thriller, Documentary",A generic description of the show content.,100.0
s492,Movie,Show Title 492,Director 92,"Actor 0, Actor 1, Actor 2, Actor 3",India,"January 19, 2013",2013,TV-PG,126 min,"Action, Thriller",A generic description of the show content.,100.0
s493,Movie,Show Title 493,Director 93,"Actor 0, Actor 1, Actor 2, Actor 3",Japan,"January 26, 2009",2007,TV-MA,110 min,"Thriller, Sci-Fi, Comedy",A generic description of the show content.,79.9
s494,Movie,Show Title 494,Director 94,"Actor 0, Actor 1, Actor 2, Actor 3, Actor 4, Actor 5, Actor 6, Actor 7, Actor 8, Actor 9",United States,"January 18, 2018",2016,TV-14,143 min,Sci-Fi,A generic description of the show content.,100.0
s495,TV Show,Show Title 495,Director 95,"Actor 0, Actor 1, Actor 2, Actor 3",United States,"January 2, 1993",1993,TV-14,7 Season,Romance,A generic description of the show content.,72.9
s496,Movie,Show Title 496,Director 96,"Actor 0, Actor 1, Actor 2, Actor 3, Actor 4, Actor 5, Actor 6",United Kingdom,"January 18, 2020",2018,TV-14,175 min,"Action, Sci-Fi",A generic description of the show content.,100.0
s497,Movie,Show Title 497,Director 97,"Actor 0, Actor 1, Actor 2, Actor 3, Actor 4, Actor 5, Actor 6, Actor 7, Actor 8, Actor 9",India,"January 6, 2013",2012,TV-14,166 min,"Comedy, Documentary, Romance",A generic description of the show content.,100.0
s498,Movie,Show Title 498,Director 98,"Actor 0, Actor 1, Actor 2, Actor 3, Actor 4, Actor 5, Actor 6, Actor 7, Actor 8",India,"January 21, 2018",2018,TV-MA,90 min,"Documentary, Action",A generic description of the show content.,100.0
s499,Movie,Show Title 499,Director 99,"Actor 0, Actor 1, Actor 2",South Korea,"January 6, 2017",2016,TV-MA,160 min,"Documentary, Thriller, Drama",A generic description of the show content.,91.2
s500,Movie,Show Title 500,Director 0,"Actor 0, Actor 1, Actor 2, Actor 3, Actor 4, Actor 5, Actor 6",United Kingdom,"January 24, 2009",2007,TV-PG,157 min,"Thriller, Action, Sci-Fi",A generic description of the show content.,100.0
s501,TV Show,Show Title 501,Director 1,"Actor 0, Actor 1, Actor 2, Actor 3, Actor 4",India,"January 22, 2002",2001,PG-13,1 Season,Romance,A generic description of the show content.,100.0
s502,Movie,Show Title 502,Director 2,"Actor 0, Actor 1",United States,"January 25, 1997",1996,TV-PG,88 min,"Documentary, Drama",A generic description of the show content.,59.0
s503,TV Show,Show Title 503,Director 3,"Actor 0, Actor 1, Actor 2, Actor 3, Actor 4, Actor 5, Actor 6, Actor 7",United States,"January 10, 2006",2006,TV-MA,10 Season,Drama,A generic description of the show content.,100.0
s504,TV Show,Show Title 504,Director 4,"Actor 0, Actor 1",India,"January 22, 1999",1998,TV-14,3 Season,"Sci-Fi, Comedy, Drama",A generic description of the show content.,69.5
s505,TV Show,Show Title 505,Director 5,"Actor 0, Actor 1, Actor 2, Actor 3",India,"January 19, 2026",2024,R,5 Season,"Thriller, Comedy, Documentary",A generic description of the show content.,100.0
s506,Movie,Show Title 506,Director 6,"Actor 0, Actor 1, Actor 2, Actor 3, Actor 4, Actor 5, Actor 6",United Kingdom,"January 16, 2019",2017,TV-MA,147 min,"Romance, Documentary, Action",A generic description of the show content.,100.0
s507,TV Show,Show Title 507,Director 7,"Actor 0, Actor 1",India,"January 1, 2015",2013,TV-MA,7 Season,"Comedy, Action",A generic description of the show content.,89.9
s508,Movie,Show Title 508,Director 8,"Actor 0, Actor 1, Actor 2, Actor 3, Actor 4, Actor 5",India,"January 1, 1991",1990,TV-14,168 min,"Sci-Fi, Thriller",A generic description of the show content.,67.5
s509,Movie,Show Title 509,Director 9,"Actor 0, Actor 1, Actor 2, Actor 3, Actor 4, Actor 5, Actor 6, Actor 7",United Kingdom,"January 8, 2013",2013,R,104 min,"Documentary, Thriller",A generic description of the show content.,97.2
s510,TV Show,Show Title 510,Director 10,"Actor 0, Actor 1, Actor 2, Actor 3, Actor 4, Actor 5",United States,"January 10, 1997",1995,TV-PG,7 Season,"Comedy, Documentary, Romance",A generic description of the show content.,77.2
s511,TV Show,Show Title 511,Director 11,"Actor 0, Actor 1, Actor 2",India,"January 21, 1995",1994,TV-PG,3 Season,Action,A generic description of the show content.,71.5
s512,Movie,Show Title 512,Director 12,"Actor 0, Actor 1",United Kingdom,"January 18, 2021",2021,TV-MA,104 min,"Drama, Comedy",A generic description of the show content.,100.0
s513,TV Show,Show Title 513,Director 13,"Actor 0, Actor 1, Actor 2, Actor 3",United States,"January 1, 1999",1998,TV-MA,8 Season,"Drama, Comedy, Sci-Fi",A generic description of the show content.,70.9
s514,Movie,Show Title 514,Director 14,"Actor 0, Actor 1, Actor 2, Actor 3, Actor 4, Actor 5, Actor 6",United States,"January 3, 2021",2021,PG-13,127 min,"Romance, Drama",A generic description of the show content.,100.0
s515,Movie,Show Title 515,Director 15,"Actor 0, Actor 1, Actor 2, Actor 3, Actor 4, Actor 5",United States,"January 27, 2025",2024,PG-13,140 min,Comedy,A generic description of the show content.,100.0
s516,Movie,Show Title 516,Director 16,"Actor 0, Actor 1",United Kingdom,"January 7, 2006",2005,PG-13,129 min,"Comedy, Romance",A generic description of the show content.,86.5
s517,Movie,Show Title 517,Director 17,"Actor 0, Actor 1",South Korea,"January 24, 2022",2020,TV-PG,129 min,"Action, Sci-Fi, Comedy",A generic description of the show content.,99.2
s518,Movie,Show Title 518,Director 18,"Actor 0, Actor 1, Actor 2, Actor 3, Actor 4",India,"January 4, 2009",2009,R,105 min,"Drama, Romance",A generic description of the show content.,99.5
s519,Movie,Show Title 519,Director 19,"Actor 0, Actor 1, Actor 2, Actor 3, Actor 4",United States,"January 1, 2007",2007,TV-PG,154 min,Thriller,A generic description of the show content.,98.0
s520,TV Show,Show Title 520,Director 20,"Actor 0, Actor 1, Actor 2, Actor 3",India,"January 16, 1999",1999,TV-PG,6 Season,Comedy,A generic description of the show content.,59.8
s521,Movie,Show Title 521,Director 21,"Actor 0, Actor 1, Actor 2, Actor 3, Actor 4, Actor 5, Actor 6, Actor 7, Actor 8, Actor 9",South Korea,"January 26, 1993",1993,TV-MA,87 min,"Romance, Comedy",A generic description of the show content.,84.9
s522,Movie,Show Title 522,Director 22,"Actor 0, Actor 1, Actor 2, Actor 3, Actor 4, Actor 5, Actor 6",United States,"January 24, 2012",2012,TV-14,136 min,"Comedy, Drama, Thriller",A generic description of the show content.,100.0
s523,TV Show,Show Title 523,Director 23,"Actor 0, Actor 1, Actor 2, Actor 3, Actor 4, Actor 5, Actor 6, Actor 7, Actor 8",India,"January 7, 2020",2018,TV-MA,9 Season,"Documentary, Romance",A generic description of the show content.,100.0
s524,Movie,Show Title 524,Director 24,"Actor 0, Actor 1, Actor 2",United States,"January 17, 2019",2019,R,115 min,"Sci-Fi, Documentary, Comedy",A generic description of the show content.,96.9
s525,Movie,Show Title 525,Director 25,"Actor 0, Actor 1, Actor 2, Actor 3, Actor 4, Actor 5, Actor 6, Actor 7, Actor 8, Actor 9",United States,"January 13, 2015",2013,TV-MA,138 min,Sci-Fi,A generic description of the show content.,91.5
s526,TV Show,Show Title 526,Director 26,"Actor 0, Actor 1, Actor 2",United Kingdom,"January 22, 2015",2013,R,10 Season,Action,A generic description of the show content.,84.2
s527,Movie,Show Title 527,Director 27,"Actor 0, Actor 1, Actor 2, Actor 3, Actor 4, Actor 5, Actor 6",United Kingdom,"January 4, 1999",1999,TV-PG,158 min,"Action, Thriller",A generic description of the show content.,88.0
s528,Movie,Show Title 528,Director 28,"Actor 0, Actor 1, Actor 2",United States,"January 16, 1998",1998,PG-13,102 min,Comedy,A generic description of the show content.,75.6
s529,Movie,Show Title 529,Director 29,"Actor 0, Actor 1, Actor 2, Actor 3, Actor 4, Actor 5",United Kingdom,"January 2, 2015",2014,TV-MA,164 min,"Documentary, Sci-Fi",A generic description of the show content.,94.0
s530,Movie,Show Title 530,Director 30,"Actor 0, Actor 1, Actor 2, Actor 3, Actor 4, Actor 5, Actor 6, Actor 7, Actor 8",United States,"January 26, 2005",2003,PG-13,163 min,"Sci-Fi, Drama",A generic description of the show content.,100.0
s531,Movie,Show Title 531,Director 31,"Actor 0, Actor 1, Actor 2, Actor 3, Actor 4, Actor 5, Actor 6, Actor 7, Actor 8, Actor 9",United Kingdom,"January 2, 2018",2016,PG-13,127 min,"Drama, Documentary, Action",A generic description of the show content.,100.0
s532,TV Show,Show Title 532,Director 32,"Actor 0, Actor 1, Actor 2, Actor 3, Actor 4",United States,"January 18, 2004",2003,TV-MA,9 Season,Drama,A generic description of the show content.,88.8
s533,Movie,Show Title 533,Director 33,"Actor 0, Actor 1, Actor 2, Actor 3, Actor 4, Actor 5, Actor 6",United Kingdom,"January 22, 2002",2001,R,151 min,"Documentary, Thriller, Drama",A generic description of the show content.,78.4
s534,TV Show,Show Title 534,Director 34,"Actor 0, Actor 1, Actor 2, Actor 3",United States,"January 18, 2003",2001,R,9 Season,"Documentary, Action",A generic description of the show content.,78.0
s535,TV Show,Show Title 535,Director 35,"Actor 0, Actor 1, Actor 2, Actor 3, Actor 4, Actor 5, Actor 6, Actor 7",South Korea,"January 27, 2012",2010,TV-14,6 Season,"Sci-Fi, Romance",A generic description of the show content.,100.0
s536,Movie,Show Title 536,Director 36,"Actor 0, Actor 1, Actor 2, Actor 3, Actor 4, Actor 5, Actor 6, Actor 7, Actor 8",India,"January 15, 2004",2003,PG-13,128 min,"Romance, Action, Sci-Fi",A generic description of the show content.,88.9
s537,TV Show,Show Title 537,Director 37,"Actor 0, Actor 1",South Korea,"January 10, 1991",1991,TV-MA,9 Season,Action,A generic description of the show content.,61.7
s538,TV Show,Show Title 538,Director 38,"Actor 0, Actor 1, Actor 2, Actor 3",United States,"January 4, 2007",2007,R,9 Season,"Documentary, Sci-Fi, Romance",A generic description of the show content.,98.6
s539,Movie,Show Title 539,Director 39,"Actor 0, Actor 1, Actor 2, Actor 3, Actor 4, Actor 5",United States,"January 26, 2014",2013,PG-13,154 min,Comedy,A generic description of the show content.,95.7
s540,Movie,Show Title 540,Director 40,"Actor 0, Actor 1, Actor 2, Actor 3, Actor 4, Actor 5, Actor 6",India,"January 26, 2004",2003,TV-MA,173 min,Romance,A generic description of the show content.,96.9
s541,Movie,Show Title 541,Director 41,"Actor 0, Actor 1, Actor 2, Actor 3, Actor 4, Actor 5, Actor 6, Actor 7",Japan,"January 3, 1996",1996,TV-14,156 min,"Action, Drama, Documentary",A generic description of the show content.,73.7
s542,Movie,Show Title 542,Director 42,"Actor 0, Actor 1",Japan,"January 21, 2018",2016,R,95 min,Romance,A generic description of the show content.,100.0
s543,Movie,Show Title 543,Director 43,"Actor 0, Actor 1, Actor 2, Actor 3, Actor 4",India,"January 5, 2010",2010,R,149 min,"Comedy, Action, Documentary",A generic description of the show content.,100.0
s544,TV Show,Show Title 544,Director 44,"Actor 0, Actor 1, Actor 2, Actor 3, Actor 4, Actor 5",United Kingdom,"January 26, 2023",2022,TV-MA,2 Season,Thriller,A generic description of the show content.,90.3
s545,Movie,Show Title 545,Director 45,"Actor 0, Actor 1, Actor 2, Actor 3, Actor 4, Actor 5, Actor 6, Actor 7",United States,"January 17, 1994",1993,TV-MA,150 min,"Action, Drama",A generic description of the show content.,72.5
s546,TV Show,Show Title 546,Director 46,"Actor 0, Actor 1, Actor 2, Actor 3, Actor 4",India,"January 18, 2004",2002,TV-PG,8 Season,"Romance, Documentary",A generic description of the show content.,88.8
s547,Movie,Show Title 547,Director 47,"Actor 0, Actor 1, Actor 2, Actor 3, Actor 4, Actor 5, Actor 6, Actor 7",United States,"January 14, 2018",2017,TV-14,121 min,"Documentary, Drama, Romance",A generic description of the show content.,100.0
s548,Movie,Show Title 548,Director 48,"Actor 0, Actor 1, Actor 2, Actor 3, Actor 4, Actor 5, Actor 6, Actor 7, Actor 8",United States,"January 20, 1991",1991,R,178 min,"Comedy, Action",A generic description of the show content.,83.2
s549,Movie,Show Title 549,Director 49,"Actor 0, Actor 1, Actor 2",Japan,"January 4, 2004",2002,PG-13,167 min,"Comedy, Romance",A generic description of the show content.,73.0
s550,Movie,Show Title 550,Director 50,"Actor 0, Actor 1, Actor 2",United Kingdom,"January 10, 2000",1999,R,116 min,Action,A generic description of the show content.,80.4
s551,Movie,Show Title 551,Director 51,"Actor 0, Actor 1, Actor 2, Actor 3, Actor 4, Actor 5, Actor 6, Actor 7, Actor 8, Actor 9",United States,"January 25, 2025",2024,TV-PG,107 min,Documentary,A generic description of the show content.,100.0
s552,Movie,Show Title 552,Director 52,"Actor 0, Actor 1, Actor 2, Actor 3, Actor 4, Actor 5, Actor 6, Actor 7, Actor 8, Actor 9",United Kingdom,"January 2, 2000",1999,TV-MA,168 min,"Romance, Drama, Thriller",A generic description of the show content.,100.0
s553,Movie,Show Title 553,Director 53,"Actor 0, Actor 1, Actor 2",United States,"January 13, 2009",2007,TV-14,86 min,"Romance, Drama",A generic description of the show content.,94.0
s554,Movie,Show Title 554,Director 54,"Actor 0, Actor 1, Actor 2, Actor 3, Actor 4, Actor 5, Actor 6, Actor 7",South Korea,"January 8, 2014",2013,TV-PG,93 min,Action,A generic description of the show content.,100.0
s555,TV Show,Show Title 555,Director 55,"Actor 0, Actor 1, Actor 2, Actor 3, Actor 4",United States,"January 17, 2011",2010,TV-PG,8 Season,"Documentary, Drama, Comedy",A generic description of the show content.,95.9
s556,TV Show,Show Title 556,Director 56,"Actor 0, Actor 1, Actor 2, Actor 3, Actor 4, Actor 5, Actor 6, Actor 7",United States,"January 24, 2005",2005,PG-13,9 Season,"Action, Thriller",A generic description of the show content.,93.6
s557,Movie,Show Title 557,Director 57,"Actor 0, Actor 1, Actor 2, Actor 3, Actor 4, Actor 5, Actor 6, Actor 7",United States,"January 27, 2009",2009,TV-PG,110 min,"Action, Drama, Sci-Fi",A generic description of the show content.,100.0
s558,TV Show,Show Title 558,Director 58,"Actor 0, Actor 1, Actor 2, Actor 3, Actor 4, Actor 5, Actor 6, Actor 7, Actor 8, Actor 9",United States,"January 22, 2013",2011,TV-MA,7 Season,"Comedy, Drama, Thriller",A generic description of the show content.,100.0
s559,Movie,Show Title 559,Director 59,"Actor 0, Actor 1, Actor 2, Actor 3",India,"January 7, 2019",2017,TV-MA,119 min,"Action, Thriller, Documentary",A generic description of the show content.,100.0
s560,Movie,Show Title 560,Director 60,"Actor 0, Actor 1, Actor 2, Actor 3, Actor 4, Actor 5, Actor 6, Actor 7, Actor 8, Actor 9",United Kingdom,"January 5, 2003",2002,TV-MA,97 min,"Romance, Sci-Fi",A generic description of the show content.,95.9
s561,Movie,Show Title 561,Director 61,"Actor 0, Actor 1, Actor 2, Actor 3, Actor 4, Actor 5, Actor 6, Actor 7, Actor 8, Actor 9",India,"January 24, 2000",2000,TV-MA,120 min,Documentary,A generic description of the show content.,100.0
s562,Movie,Show Title 562,Director 62,"Actor 0, Actor 1, Actor 2, Actor 3, Actor 4, Actor 5",Japan,"January 15, 1993",1991,TV-14,177 min,"Thriller, Sci-Fi",A generic description of the show content.,77.2
s563,Movie,Show Title 563,Director 63,"Actor 0, Actor 1, Actor 2, Actor 3, Actor 4, Actor 5",United States,"January 20, 2000",1998,TV-PG,103 min,Sci-Fi,A generic description of the show content.,75.7
s564,Movie,Show Title 564,Director 64,"Actor 0, Actor 1, Actor 2, Actor 3, Actor 4, Actor 5, Actor 6, Actor 7, Actor 8",United States,"January 5, 1993",1991,TV-PG,125 min,Romance,A generic description of the show content.,86.5
s565,Movie,Show Title 565,Director 65,"Actor 0, Actor 1, Actor 2, Actor 3",United Kingdom,"January 7, 2001",2001,PG-13,129 min,"Thriller, Comedy",A generic description of the show content.,75.4
s566,Movie,Show Title 566,Director 66,"Actor 0, Actor 1, Actor 2, Actor 3, Actor 4",South Korea,"January 25, 2007",2007,PG-13,132 min,Romance,A generic description of the show content.,70.1
s567,Movie,Show Title 567,Director 67,"Actor 0, Actor 1, Actor 2, Actor 3, Actor 4, Actor 5, Actor 6, Actor 7, Actor 8",South Korea,"January 8, 2019",2018,R,158 min,"Romance, Action",A generic description of the show content.,100.0
s568,TV Show,Show Title 568,Director 68,"Actor 0, Actor 1, Actor 2, Actor 3, Actor 4, Actor 5, Actor 6, Actor 7, Actor 8, Actor 9",United Kingdom,"January 17, 2016",2014,PG-13,6 Season,"Documentary, Romance",A generic description of the show content.,92.3
s569,Movie,Show Title 569,Director 69,"Actor 0, Actor 1, Actor 2, Actor 3, Actor 4, Actor 5, Actor 6, Actor 7, Actor 8, Actor 9",India,"January 13, 1994",1992,PG-13,111 min,"Documentary, Thriller, Drama",A generic description of the show content.,79.5
s570,Movie,Show Title 570,Director 70,"Actor 0, Actor 1, Actor 2, Actor 3, Actor 4, Actor 5, Actor 6, Actor 7",India,"January 10, 2011",2009,PG-13,179 min,"Thriller, Comedy",A generic description of the show content.,99.7
s571,Movie,Show Title 571,Director 71,"Actor 0, Actor 1, Actor 2, Actor 3, Actor 4, Actor 5, Actor 6, Actor 7, Actor 8, Actor 9",South Korea,"January 4, 2019",2019,TV-PG,162 min,"Drama, Romance",A generic description of the show content.,100.0
s572,TV Show,Show Title 572,Director 72,"Actor 0, Actor 1",United Kingdom,"January 6, 1999",1998,TV-PG,7 Season,"Action, Thriller",A generic description of the show content.,79.3
s573,TV Show,Show Title 573,Director 73,"Actor 0, Actor 1, Actor 2, Actor 3",Japan,"January 23, 2021",2019,PG-13,2 Season,"Action, Romance",A generic description of the show content.,100.0
s574,Movie,Show Title 574,Director 74,"Actor 0, Actor 1, Actor 2, Actor 3",United Kingdom,"January 13, 2015",2013,R,90 min,"Romance, Thriller, Documentary",A generic description of the show content.,100.0
s575,Movie,Show Title 575,Director 75,"Actor 0, Actor 1, Actor 2, Actor 3",United States,"January 6, 2013",2011,PG-13,152 min,"Sci-Fi, Comedy, Romance",A generic description of the show content.,72.4
s576,Movie,Show Title 576,Director 76,"Actor 0, Actor 1, Actor 2, Actor 3, Actor 4",United States,"January 1, 2020",2018,TV-14,116 min,"Comedy, Drama, Sci-Fi",A generic description of the show content.,100.0
s577,Movie,Show Title 577,Director 77,"Actor 0, Actor 1, Actor 2, Actor 3, Actor 4, Actor 5, Actor 6, Actor 7, Actor 8",India,"January 8, 2021",2021,TV-PG,149 min,Documentary,A generic description of the show content.,100.0
s578,Movie,Show Title 578,Director 78,"Actor 0, Actor 1, Actor 2, Actor 3, Actor 4, Actor 5, Actor 6, Actor 7, Actor 8, Actor 9",India,"January 9, 2020",2018,TV-PG,90 min,"Documentary, Drama, Comedy",A generic description of the show content.,100.0
s579,TV Show,Show Title 579,Director 79,"Actor 0, Actor 1, Actor 2, Actor 3, Actor 4, Actor 5, Actor 6",United States,"January 2, 2001",2001,PG-13,3 Season,Romance,A generic description of the show content.,96.9
s580,Movie,Show Title 580,Director 80,"Actor 0, Actor 1, Actor 2",Japan,"January 14, 2009",2009,TV-MA,122 min,Drama,A generic description of the show content.,97.9
s581,Movie,Show Title 581,Director 81,"Actor 0, Actor 1, Actor 2",United Kingdom,"January 25, 2002",2001,TV-14,138 min,"Documentary, Action, Drama",A generic description of the show content.,78.3
s582,Movie,Show Title 582,Director 82,"Actor 0, Actor 1, Actor 2",United States,"January 10, 1995",1994,TV-MA,177 min,"Sci-Fi, Documentary",A generic description of the show content.,73.3
s583,Movie,Show Title 583,Director 83,"Actor 0, Actor 1, Actor 2, Actor 3, Actor 4",Japan,"January 20, 2011",2011,PG-13,147 min,"Documentary, Comedy",A generic description of the show content.,100.0
s584,Movie,Show Title 584,Director 84,"Actor 0, Actor 1, Actor 2, Actor 3, Actor 4, Actor 5",South Korea,"January 14, 2025",2023,TV-14,91 min,"Romance, Sci-Fi",A generic description of the show content.,100.0
s585,Movie,Show Title 585,Director 85,"Actor 0, Actor 1, Actor 2, Actor 3, Actor 4, Actor 5, Actor 6, Actor 7, Actor 8",India,"January 16, 2012",2012,TV-PG,96 min,"Documentary, Thriller, Sci-Fi",A generic description of the show content.,100.0
s586,Movie,Show Title 586,Director 86,"Actor 0, Actor 1, Actor 2, Actor 3, Actor 4, Actor 5, Actor 6, Actor 7, Actor 8",United States,"January 21, 2002",2002,TV-MA,80 min,Drama,A generic description of the show content.,91.4
s587,TV Show,Show Title 587,Director 87,"Actor 0, Actor 1, Actor 2, Actor 3, Actor 4",South Korea,"January 1, 2018",2016,TV-MA,1 Season,"Action, Documentary",A generic description of the show content.,100.0
s588,Movie,Show Title 588,Director 88,"Actor 0, Actor 1, Actor 2, Actor 3, Actor 4, Actor 5, Actor 6",United States,"January 25, 1994",1994,PG-13,119 min,"Documentary, Sci-Fi",A generic description of the show content.,83.3
s589,Movie,Show Title 589,Director 89,"Actor 0, Actor 1, Actor 2, Actor 3, Actor 4, Actor 5, Actor 6",United States,"January 22, 1992",1991,R,102 min,Action,A generic description of the show content.,66.9
s590,TV Show,Show Title 590,Director 90,"Actor 0, Actor 1, Actor 2, Actor 3, Actor 4, Actor 5, Actor 6, Actor 7, Actor 8",United Kingdom,"January 26, 2021",2020,PG-13,3 Season,"Thriller, Documentary, Action",A generic description of the show content.,100.0
s591,TV Show,Show Title 591,Director 91,"Actor 0, Actor 1, Actor 2, Actor 3, Actor 4, Actor 5, Actor 6",United States,"January 26, 2011",2010,PG-13,9 Season,"Drama, Comedy, Documentary",A generic description of the show content.,99.2
s592,TV Show,Show Title 592,Director 92,"Actor 0, Actor 1, Actor 2, Actor 3",United States,"January 19, 1993",1991,R,6 Season,"Romance, Documentary",A generic description of the show content.,69.3
s593,Movie,Show Title 593,Director 93,"Actor 0, Actor 1, Actor 2, Actor 3, Actor 4, Actor 5",United States,"January 14, 2009",2009,R,170 min,"Romance, Drama",A generic description of the show content.,100.0
s594,TV Show,Show Title 594,Director 94,"Actor 0, Actor 1, Actor 2, Actor 3, Actor 4, Actor 5, Actor 6",United States,"January 26, 2009",2009,TV-MA,4 Season,"Action, Comedy, Drama",A generic description of the show content.,100.0
s595,TV Show,Show Title 595,Director 95,"Actor 0, Actor 1, Actor 2, Actor 3, Actor 4, Actor 5, Actor 6, Actor 7, Actor 8",India,"January 24, 1993",1991,TV-14,8 Season,"Comedy, Sci-Fi, Action",A generic description of the show content.,74.4
s596,TV Show,Show Title 596,Director 96,"Actor 0, Actor 1, Actor 2, Actor 3, Actor 4, Actor 5, Actor 6, Actor 7, Actor 8",United States,"January 13, 1998",1996,TV-PG,9 Season,"Comedy, Sci-Fi, Drama",A generic description of the show content.,84.3
s597,Movie,Show Title 597,Director 97,"Actor 0, Actor 1, Actor 2, Actor 3, Actor 4, Actor 5, Actor 6, Actor 7, Actor 8",United States,"January 2, 1992",1992,TV-PG,167 min,"Sci-Fi, Drama, Action",A generic description of the show content.,71.2
s598,TV Show,Show Title 598,Director 98,"Actor 0, Actor 1, Actor 2, Actor 3, Actor 4, Actor 5, Actor 6",United Kingdom,"January 7, 1991",1991,TV-14,10 Season,"Romance, Comedy",A generic description of the show content.,66.1
s599,Movie,Show Title 599,Director 99,"Actor 0, Actor 1, Actor 2, Actor 3",United States,"January 6, 2019",2018,PG-13,165 min,Action,A generic description of the show content.,100.0
s600,Movie,Show Title 600,Director 0,"Actor 0, Actor 1, Actor 2, Actor 3, Actor 4, Actor 5, Actor 6",United Kingdom,"January 18, 2023",2022,TV-14,93 min,Documentary,A generic description of the show content.,100.0
s601,Movie,Show Title 601,Director 1,"Actor 0, Actor 1, Actor 2",United Kingdom,"January 10, 2010",2008,TV-14,153 min,Comedy,A generic description of the show content.,78.8
s602,Movie,Show Title 602,Director 2,"Actor 0, Actor 1",United States,"January 3, 1992",1991,R,140 min,"Drama, Sci-Fi, Thriller",A generic description of the show content.,74.2
s603,Movie,Show Title 603,Director 3,"Actor 0, Actor 1, Actor 2, Actor 3, Actor 4",India,"January 23, 2020",2018,TV-PG,158 min,"Action, Sci-Fi",A generic description of the show content.,100.0
s604,Movie,Show Title 604,Director 4,"Actor 0, Actor 1, Actor 2, Actor 3, Actor 4, Actor 5, Actor 6, Actor 7, Actor 8",South Korea,"January 4, 2020",2019,TV-14,152 min,Drama,A generic description of the show content.,100.0
s605,Movie,Show Title 605,Director 5,"Actor 0, Actor 1, Actor 2, Actor 3",United Kingdom,"January 28, 2021",2019,TV-14,140 min,Comedy,A generic description of the show content.,100.0
s606,TV Show,Show Title 606,Director 6,"Actor 0, Actor 1, Actor 2",United States,"January 16, 2011",2011,TV-14,6 Season,"Thriller, Drama",A generic description of the show content.,89.8
s607,Movie,Show Title 607,Director 7,"Actor 0, Actor 1, Actor 2, Actor 3",Japan,"January 17, 2008",2008,R,178 min,"Documentary, Sci-Fi",A generic description of the show content.,77.6
s608,TV Show,Show Title 608,Director 8,"Actor 0, Actor 1, Actor 2, Actor 3, Actor 4, Actor 5, Actor 6, Actor 7, Actor 8",United Kingdom,"January 13, 2012",2010,R,9 Season,"Drama, Action, Documentary",A generic description of the show content.,90.2
s609,Movie,Show Title 609,Director 9,"Actor 0, Actor 1, Actor 2, Actor 3, Actor 4",United States,"January 27, 2002",2000,TV-PG,141 min,"Drama, Action",A generic description of the show content.,100.0
s610,Movie,Show Title 610,Director 10,"Actor 0, Actor 1, Actor 2, Actor 3, Actor 4, Actor 5, Actor 6, Actor 7, Actor 8",South Korea,"January 4, 2013",2011,TV-PG,149 min,"Comedy, Sci-Fi, Drama",A generic description of the show content.,100.0
s611,Movie,Show Title 611,Director 11,"Actor 0, Actor 1, Actor 2",India,"January 22, 2020",2018,R,102 min,"Thriller, Drama",A generic description of the show content.,100.0
s612,Movie,Show Title 612,Director 12,"Actor 0, Actor 1, Actor 2, Actor 3",United Kingdom,"January 19, 1995",1993,PG-13,91 min,Sci-Fi,A generic description of the show content.,70.3
s613,TV Show,Show Title 613,Director 13,"Actor 0, Actor 1, Actor 2, Actor 3, Actor 4, Actor 5, Actor 6, Actor 7, Actor 8",United Kingdom,"January 7, 2018",2018,TV-14,9 Season,"Thriller, Documentary",A generic description of the show content.,100.0
s614,Movie,Show Title 614,Director 14,"Actor 0, Actor 1",United Kingdom,"January 20, 2011",2009,R,135 min,"Action, Drama, Documentary",A generic description of the show content.,100.0
s615,TV Show,Show Title 615,Director 15,"Actor 0, Actor 1, Actor 2, Actor 3, Actor 4, Actor 5, Actor 6",Japan,"January 4, 1994",1993,PG-13,6 Season,"Drama, Sci-Fi, Documentary",A generic description of the show content.,79.8
s616,Movie,Show Title 616,Director 16,"Actor 0, Actor 1, Actor 2, Actor 3, Actor 4, Actor 5, Actor 6, Actor 7",United Kingdom,"January 13, 2016",2015,TV-PG,160 min,"Romance, Thriller",A generic description of the show content.,100.0
s617,Movie,Show Title 617,Director 17,"Actor 0, Actor 1, Actor 2, Actor 3",United States,"January 10, 2000",1998,TV-MA,104 min,"Thriller, Action, Sci-Fi",A generic description of the show content.,87.3
s618,Movie,Show Title 618,Director 18,"Actor 0, Actor 1, Actor 2, Actor 3",United States,"January 3, 1991",1991,R,98 min,"Thriller, Romance, Sci-Fi",A generic description of the show content.,69.3
s619,TV Show,Show Title 619,Director 19,"Actor 0, Actor 1, Actor 2, Actor 3, Actor 4, Actor 5, Actor 6, Actor 7, Actor 8, Actor 9",Japan,"January 14, 2019",2017,R,10 Season,Thriller,A generic description of the show content.,100.0
s620,Movie,Show Title 620,Director 20,"Actor 0, Actor 1, Actor 2, Actor 3, Actor 4, Actor 5, Actor 6, Actor 7, Actor 8",United States,"January 28, 2019",2017,TV-MA,157 min,Documentary,A generic description of the show content.,100.0
s621,TV Show,Show Title 621,Director 21,"Actor 0, Actor 1, Actor 2, Actor 3, Actor 4, Actor 5, Actor 6, Actor 7, Actor 8",United States,"January 23, 2025",2024,PG-13,10 Season,"Drama, Sci-Fi",A generic description of the show content.,100.0
s622,Movie,Show Title 622,Director 22,"Actor 0, Actor 1, Actor 2, Actor 3, Actor 4, Actor 5, Actor 6, Actor 7, Actor 8",South Korea,"January 17, 1995",1995,TV-PG,98 min,"Romance, Documentary, Action",A generic description of the show content.,100.0
s623,TV Show,Show Title 623,Director 23,"Actor 0, Actor 1, Actor 2, Actor 3, Actor 4, Actor 5",United States,"January 20, 2020",2020,TV-14,2 Season,"Romance, Documentary, Sci-Fi",A generic description of the show content.,100.0
s624,Movie,Show Title 624,Director 24,"Actor 0, Actor 1, Actor 2, Actor 3, Actor 4, Actor 5, Actor 6",United States,"January 14, 2020",2019,TV-14,145 min,"Documentary, Romance",A generic description of the show content.,100.0
s625,Movie,Show Title 625,Director 25,"Actor 0, Actor 1, Actor 2, Actor 3",United States,"January 19, 2009",2009,TV-14,173 min,"Action, Drama, Thriller",A generic description of the show content.,91.4
s626,TV Show,Show Title 626,Director 26,"Actor 0, Actor 1, Actor 2, Actor 3, Actor 4, Actor 5, Actor 6, Actor 7, Actor 8, Actor 9",United Kingdom,"January 3, 2009",2008,TV-14,8 Season,Comedy,A generic description of the show content.,92.1
s627,Movie,Show Title 627,Director 27,"Actor 0, Actor 1, Actor 2, Actor 3",United States,"January 22, 2007",2006,TV-14,81 min,"Drama, Documentary, Comedy",A generic description of the show content.,90.7
s628,TV Show,Show Title 628,Director 28,"Actor 0, Actor 1, Actor 2, Actor 3, Actor 4, Actor 5, Actor 6, Actor 7, Actor 8, Actor 9",United States,"January 28, 2005",2005,TV-14,8 Season,Sci-Fi,A generic description of the show content.,98.1
s629,TV Show,Show Title 629,Director 29,"Actor 0, Actor 1, Actor 2, Actor 3, Actor 4",South Korea,"January 22, 2000",1999,TV-MA,8 Season,"Sci-Fi, Thriller",A generic description of the show content.,89.4
s630,Movie,Show Title 630,Director 30,"Actor 0, Actor 1, Actor 2, Actor 3",United Kingdom,"January 15, 2013",2012,R,86 min,"Action, Drama, Romance",A generic description of the show content.,84.1
s631,Movie,Show Title 631,Director 31,"Actor 0, Actor 1, Actor 2, Actor 3, Actor 4, Actor 5, Actor 6, Actor 7",United Kingdom,"January 16, 2025",2024,TV-MA,109 min,"Romance, Sci-Fi",A generic description of the show content.,100.0
s632,Movie,Show Title 632,Director 32,"Actor 0, Actor 1, Actor 2, Actor 3, Actor 4, Actor 5, Actor 6, Actor 7, Actor 8, Actor 9",India,"January 22, 2008",2008,PG-13,137 min,"Romance, Action",A generic description of the show content.,100.0
s633,TV Show,Show Title 633,Director 33,"Actor 0, Actor 1, Actor 2, Actor 3, Actor 4, Actor 5",United Kingdom,"January 9, 2017",2017,TV-14,10 Season,"Sci-Fi, Action, Romance",A generic description of the show content.,100.0
s634,Movie,Show Title 634,Director 34,"Actor 0, Actor 1, Actor 2, Actor 3, Actor 4, Actor 5, Actor 6",United States,"January 22, 2007",2005,TV-MA,173 min,"Documentary, Comedy, Sci-Fi",A generic description of the show content.,81.4
s635,Movie,Show Title 635,Director 35,"Actor 0, Actor 1, Actor 2",United States,"January 17, 1990",1990,R,88 min,Thriller,A generic description of the show content.,44.5
s636,Movie,Show Title 636,Director 36,"Actor 0, Actor 1, Actor 2",United Kingdom,"January 2, 2008",2006,TV-MA,104 min,Drama,A generic description of the show content.,98.2
s637,TV Show,Show Title 637,Director 37,"Actor 0, Actor 1, Actor 2, Actor 3",United Kingdom,"January 4, 1999",1997,TV-MA,2 Season,"Comedy, Thriller, Documentary",A generic description of the show content.,74.2
s638,Movie,Show Title 638,Director 38,"Actor 0, Actor 1, Actor 2, Actor 3, Actor 4, Actor 5, Actor 6",India,"January 9, 1994",1994,PG-13,161 min,"Action, Thriller",A generic description of the show content.,67.1
s639,Movie,Show Title 639,Director 39,"Actor 0, Actor 1, Actor 2, Actor 3, Actor 4, Actor 5",United States,"January 6, 2015",2014,PG-13,122 min,Action,A generic description of the show content.,95.0
s640,Movie,Show Title 640,Director 40,"Actor 0, Actor 1, Actor 2, Actor 3, Actor 4, Actor 5, Actor 6, Actor 7, Actor 8, Actor 9",South Korea,"January 25, 2016",2015,TV-MA,102 min,"Thriller, Drama, Comedy",A generic description of the show content.,100.0
s641,Movie,Show Title 641,Director 41,"Actor 0, Actor 1, Actor 2",United States,"January 3, 2020",2018,TV-14,171 min,"Drama, Sci-Fi",A generic description of the show content.,100.0
s642,TV Show,Show Title 642,Director 42,"Actor 0, Actor 1, Actor 2, Actor 3, Actor 4, Actor 5, Actor 6, Actor 7",United States,"January 9, 2021",2021,TV-14,3 Season,"Romance, Drama, Sci-Fi",A generic description of the show content.,100.0
s643,TV Show,Show Title 643,Director 43,"Actor 0, Actor 1, Actor 2",India,"January 18, 2022",2022,PG-13,8 Season,"Thriller, Sci-Fi",A generic description of the show content.,94.0
s644,Movie,Show Title 644,Director 44,"Actor 0, Actor 1, Actor 2, Actor 3, Actor 4, Actor 5",United Kingdom,"January 13, 2020",2020,PG-13,95 min,"Documentary, Action, Romance",A generic description of the show content.,100.0
s645,Movie,Show Title 645,Director 45,"Actor 0, Actor 1, Actor 2, Actor 3, Actor 4",Japan,"January 6, 2013",2011,PG-13,90 min,"Sci-Fi, Action",A generic description of the show content.,98.8
s646,TV Show,Show Title 646,Director 46,"Actor 0, Actor 1, Actor 2, Actor 3, Actor 4, Actor 5, Actor 6",United Kingdom,"January 16, 2009",2009,R,7 Season,Romance,A generic description of the show content.,70.5
s647,TV Show,Show Title 647,Director 47,"Actor 0, Actor 1, Actor 2, Actor 3, Actor 4, Actor 5, Actor 6, Actor 7",United States,"January 3, 2004",2002,TV-14,1 Season,"Documentary, Comedy, Thriller",A generic description of the show content.,88.5
s648,Movie,Show Title 648,Director 48,"Actor 0, Actor 1",South Korea,"January 11, 2020",2018,PG-13,82 min,Action,A generic description of the show content.,100.0
s649,Movie,Show Title 649,Director 49,"Actor 0, Actor 1, Actor 2, Actor 3, Actor 4",United States,"January 3, 2023",2023,TV-MA,138 min,"Sci-Fi, Documentary, Comedy",A generic description of the show content.,100.0
s650,Movie,Show Title 650,Director 50,"Actor 0, Actor 1, Actor 2, Actor 3",United States,"January 21, 1992",1992,TV-14,111 min,"Romance, Comedy, Drama",A generic description of the show content.,89.5
s651,TV Show,Show Title 651,Director 51,"Actor 0, Actor 1, Actor 2",United States,"January 4, 2001",2000,TV-PG,10 Season,Sci-Fi,A generic description of the show content.,87.3
s652,TV Show,Show Title 652,Director 52,"Actor 0, Actor 1, Actor 2, Actor 3, Actor 4, Actor 5, Actor 6, Actor 7",United States,"January 11, 2002",2002,TV-PG,7 Season,"Sci-Fi, Romance",A generic description of the show content.,86.3
s653,Movie,Show Title 653,Director 53,"Actor 0, Actor 1, Actor 2, Actor 3",United States,"January 11, 2003",2003,PG-13,177 min,Documentary,A generic description of the show content.,71.4
s654,Movie,Show Title 654,Director 54,"Actor 0, Actor 1, Actor 2, Actor 3, Actor 4, Actor 5, Actor 6, Actor 7, Actor 8",United Kingdom,"January 8, 2002",2000,PG-13,169 min,"Documentary, Comedy",A generic description of the show content.,100.0
s655,Movie,Show Title 655,Director 55,"Actor 0, Actor 1, Actor 2, Actor 3, Actor 4, Actor 5, Actor 6, Actor 7, Actor 8",United Kingdom,"January 3, 2014",2014,PG-13,179 min,Drama,A generic description of the show content.,100.0
s656,Movie,Show Title 656,Director 56,"Actor 0, Actor 1, Actor 2, Actor 3, Actor 4",United States,"January 5, 2010",2008,TV-14,133 min,"Sci-Fi, Thriller, Comedy",A generic description of the show content.,92.1
s657,Movie,Show Title 657,Director 57,"Actor 0, Actor 1, Actor 2, Actor 3, Actor 4, Actor 5, Actor 6, Actor 7, Actor 8",India,"January 20, 2001",2001,TV-14,158 min,"Drama, Documentary, Comedy",A generic description of the show content.,94.3
s658,Movie,Show Title 658,Director 58,"Actor 0, Actor 1, Actor 2",United States,"January 20, 2006",2005,TV-PG,104 min,Documentary,A generic description of the show content.,85.5
s659,Movie,Show Title 659,Director 59,"Actor 0, Actor 1, Actor 2",India,"January 26, 2003",2003,R,115 min,Comedy,A generic description of the show content.,79.1
s660,Movie,Show Title 660,Director 60,"Actor 0, Actor 1, Actor 2, Actor 3, Actor 4, Actor 5, Actor 6, Actor 7",United States,"January 9, 1993",1992,TV-PG,86 min,"Action, Sci-Fi, Comedy",A generic description of the show content.,73.3
s661,TV Show,Show Title 661,Director 61,"Actor 0, Actor 1, Actor 2, Actor 3",United Kingdom,"January 26, 1992",1992,R,2 Season,"Drama, Documentary, Comedy",A generic description of the show content.,65.5
s662,Movie,Show Title 662,Director 62,"Actor 0, Actor 1, Actor 2, Actor 3, Actor 4, Actor 5, Actor 6",United States,"January 14, 2005",2005,TV-14,172 min,"Documentary, Sci-Fi",A generic description of the show content.,91.2
s663,Movie,Show Title 663,Director 63,"Actor 0, Actor 1, Actor 2, Actor 3, Actor 4, Actor 5, Actor 6, Actor 7",United States,"January 28, 2004",2004,R,92 min,Romance,A generic description of the show content.,86.6
s664,TV Show,Show Title 664,Director 64,"Actor 0, Actor 1, Actor 2, Actor 3, Actor 4, Actor 5, Actor 6, Actor 7, Actor 8",United States,"January 6, 2022",2021,TV-14,1 Season,"Comedy, Sci-Fi",A generic description of the show content.,100.0
s665,Movie,Show Title 665,Director 65,"Actor 0, Actor 1, Actor 2, Actor 3",United Kingdom,"January 2, 2014",2012,TV-PG,114 min,Action,A generic description of the show content.,100.0
s666,Movie,Show Title 666,Director 66,"Actor 0, Actor 1, Actor 2, Actor 3, Actor 4",United States,"January 10, 2021",2019,TV-MA,138 min,"Comedy, Action",A generic description of the show content.,100.0
s667,TV Show,Show Title 667,Director 67,"Actor 0, Actor 1, Actor 2, Actor 3, Actor 4, Actor 5, Actor 6, Actor 7",United Kingdom,"January 28, 2002",2000,R,10 Season,"Sci-Fi, Comedy, Drama",A generic description of the show content.,100.0
s668,TV Show,Show Title 668,Director 68,"Actor 0, Actor 1, Actor 2, Actor 3, Actor 4, Actor 5, Actor 6, Actor 7",United States,"January 24, 2020",2020,TV-MA,8 Season,"Drama, Romance",A generic description of the show content.,94.5
s669,Movie,Show Title 669,Director 69,"Actor 0, Actor 1",India,"January 2, 2000",1999,TV-PG,153 min,Thriller,A generic description of the show content.,83.4
s670,Movie,Show Title 670,Director 70,"Actor 0, Actor 1, Actor 2, Actor 3, Actor 4, Actor 5, Actor 6, Actor 7, Actor 8",India,"January 8, 2020",2020,TV-PG,169 min,Thriller,A generic description of the show content.,100.0
s671,TV Show,Show Title 671,Director 71,"Actor 0, Actor 1, Actor 2, Actor 3, Actor 4, Actor 5",United Kingdom,"January 8, 2018",2016,PG-13,4 Season,Action,A generic description of the show content.,90.3
s672,Movie,Show Title 672,Director 72,"Actor 0, Actor 1",United Kingdom,"January 15, 2001",2000,TV-MA,170 min,"Sci-Fi, Documentary",A generic description of the show content.,70.6
s673,TV Show,Show Title 673,Director 73,"Actor 0, Actor 1, Actor 2, Actor 3, Actor 4, Actor 5, Actor 6, Actor 7",India,"January 23, 2014",2013,TV-PG,8 Season,"Romance, Drama, Sci-Fi",A generic description of the show content.,100.0
s674,Movie,Show Title 674,Director 74,"Actor 0, Actor 1, Actor 2",India,"January 20, 2008",2007,PG-13,169 min,"Documentary, Sci-Fi, Comedy",A generic description of the show content.,72.4
s675,Movie,Show Title 675,Director 75,"Actor 0, Actor 1, Actor 2, Actor 3, Actor 4, Actor 5, Actor 6",South Korea,"January 15, 2015",2013,PG-13,86 min,Thriller,A generic description of the show content.,95.7
s676,Movie,Show Title 676,Director 76,"Actor 0, Actor 1, Actor 2, Actor 3, Actor 4, Actor 5, Actor 6",United States,"January 8, 1996",1994,PG-13,151 min,"Sci-Fi, Comedy, Romance",A generic description of the show content.,63.9
s677,Movie,Show Title 677,Director 77,"Actor 0, Actor 1, Actor 2, Actor 3, Actor 4, Actor 5, Actor 6",United Kingdom,"January 9, 2005",2003,R,176 min,"Sci-Fi, Comedy, Action",A generic description of the show content.,100.0
s678,Movie,Show Title 678,Director 78,"Actor 0, Actor 1, Actor 2",United States,"January 16, 2014",2012,TV-PG,137 min,"Documentary, Sci-Fi",A generic description of the show content.,100.0
s679,Movie,Show Title 679,Director 79,"Actor 0, Actor 1, Actor 2, Actor 3, Actor 4",India,"January 15, 2008",2008,PG-13,137 min,"Action, Romance, Drama",A generic description of the show content.,100.0
s680,Movie,Show Title 680,Director 80,"Actor 0, Actor 1, Actor 2",United States,"January 23, 1994",1994,R,93 min,Action,A generic description of the show content.,79.2
s681,Movie,Show Title 681,Director 81,"Actor 0, Actor 1, Actor 2, Actor 3",United States,"January 16, 1992",1991,R,117 min,"Romance, Documentary",A generic description of the show content.,53.2
s682,Movie,Show Title 682,Director 82,"Actor 0, Actor 1, Actor 2, Actor 3, Actor 4",United Kingdom,"January 27, 2010",2008,TV-14,104 min,Drama,A generic description of the show content.,91.8
s683,Movie,Show Title 683,Director 83,"Actor 0, Actor 1, Actor 2, Actor 3, Actor 4, Actor 5, Actor 6, Actor 7, Actor 8, Actor 9",United States,"January 15, 2011",2010,TV-14,142 min,"Romance, Sci-Fi, Documentary",A generic description of the show content.,100.0
s684,Movie,Show Title 684,Director 84,"Actor 0, Actor 1, Actor 2, Actor 3, Actor 4, Actor 5, Actor 6",Japan,"January 10, 2009",2009,TV-MA,101 min,"Comedy, Thriller",A generic description of the show content.,85.3
s685,Movie,Show Title 685,Director 85,"Actor 0, Actor 1, Actor 2, Actor 3, Actor 4, Actor 5, Actor 6, Actor 7, Actor 8, Actor 9",India,"January 10, 2000",2000,TV-MA,159 min,Romance,A generic description of the show content.,97.1
s686,TV Show,Show Title 686,Director 86,"Actor 0, Actor 1",United Kingdom,"January 11, 2001",1999,TV-MA,3 Season,Drama,A generic description of the show content.,75.1
s687,Movie,Show Title 687,Director 87,"Actor 0, Actor 1, Actor 2, Actor 3, Actor 4, Actor 5, Actor 6",United States,"January 5, 2004",2003,R,151 min,"Drama, Romance, Action",A generic description of the show content.,89.8
s688,Movie,Show Title 688,Director 88,"Actor 0, Actor 1, Actor 2, Actor 3, Actor 4, Actor 5, Actor 6, Actor 7, Actor 8",United States,"January 25, 2009",2009,R,95 min,Thriller,A generic description of the show content.,100.0
s689,TV Show,Show Title 689,Director 89,"Actor 0, Actor 1, Actor 2, Actor 3, Actor 4, Actor 5",United States,"January 16, 2025",2024,TV-PG,9 Season,"Romance, Sci-Fi",A generic description of the show content.,100.0
s690,Movie,Show Title 690,Director 90,"Actor 0, Actor 1",United Kingdom,"January 5, 2020",2018,TV-PG,123 min,"Drama, Romance, Thriller",A generic description of the show content.,100.0
s691,Movie,Show Title 691,Director 91,"Actor 0, Actor 1",United States,"January 20, 2006",2004,TV-MA,137 min,"Drama, Action",A generic description of the show content.,96.6
s692,Movie,Show Title 692,Director 92,"Actor 0, Actor 1, Actor 2, Actor 3, Actor 4, Actor 5, Actor 6, Actor 7, Actor 8, Actor 9",United States,"January 28, 2008",2007,PG-13,105 min,Drama,A generic description of the show content.,94.7
s693,TV Show,Show Title 693,Director 93,"Actor 0, Actor 1, Actor 2, Actor 3, Actor 4, Actor 5, Actor 6",United States,"January 13, 2021",2021,R,6 Season,"Documentary, Sci-Fi, Drama",A generic description of the show content.,100.0
s694,Movie,Show Title 694,Director 94,"Actor 0, Actor 1, Actor 2, Actor 3, Actor 4, Actor 5, Actor 6, Actor 7, Actor 8, Actor 9",United States,"January 3, 2008",2008,R,124 min,"Action, Thriller",A generic description of the show content.,100.0
s695,TV Show,Show Title 695,Director 95,"Actor 0, Actor 1, Actor 2, Actor 3, Actor 4, Actor 5, Actor 6, Actor 7",India,"January 24, 2019",2018,TV-MA,5 Season,Sci-Fi,A generic description of the show content.,100.0
s696,TV Show,Show Title 696,Director 96,"Actor 0, Actor 1, Actor 2, Actor 3, Actor 4, Actor 5, Actor 6",India,"January 3, 2001",1999,R,4 Season,"Thriller, Documentary",A generic description of the show content.,85.8
s697,Movie,Show Title 697,Director 97,"Actor 0, Actor 1, Actor 2, Actor 3, Actor 4, Actor 5, Actor 6, Actor 7, Actor 8",India,"January 23, 2009",2007,TV-MA,133 min,Documentary,A generic description of the show content.,86.0
s698,Movie,Show Title 698,Director 98,"Actor 0, Actor 1, Actor 2, Actor 3, Actor 4, Actor 5",Japan,"January 16, 2010",2008,R,150 min,"Drama, Action",A generic description of the show content.,100.0
s699,Movie,Show Title 699,Director 99,"Actor 0, Actor 1, Actor 2, Actor 3, Actor 4, Actor 5, Actor 6, Actor 7, Actor 8",United Kingdom,"January 4, 2001",1999,TV-14,113 min,"Romance, Sci-Fi",A generic description of the show content.,84.7
s700,Movie,Show Title 700,Director 0,"Actor 0, Actor 1, Actor 2, Actor 3, Actor 4, Actor 5",India,"January 16, 2005",2005,TV-PG,83 min,Sci-Fi,A generic description of the show content.,84.3
s701,TV Show,Show Title 701,Director 1,"Actor 0, Actor 1, Actor 2, Actor 3, Actor 4, Actor 5, Actor 6",India,"January 17, 2019",2017,TV-PG,5 Season,"Romance, Thriller, Drama",A generic description of the show content.,100.0
s702,Movie,Show Title 702,Director 2,"Actor 0, Actor 1, Actor 2, Actor 3",United States,"January 12, 1993",1993,PG-13,98 min,"Thriller, Romance",A generic description of the show content.,60.5
s703,Movie,Show Title 703,Director 3,"Actor 0, Actor 1, Actor 2",India,"January 17, 2012",2012,TV-MA,86 min,"Action, Documentary",A generic description of the show content.,84.9
s704,TV Show,Show Title 704,Director 4,"Actor 0, Actor 1, Actor 2, Actor 3, Actor 4, Actor 5",India,"January 9, 2002",2000,TV-14,9 Season,"Sci-Fi, Action",A generic description of the show content.,71.4
s705,Movie,Show Title 705,Director 5,"Actor 0, Actor 1, Actor 2, Actor 3, Actor 4, Actor 5",India,"January 12, 2000",1999,R,81 min,Documentary,A generic description of the show content.,86.6
s706,Movie,Show Title 706,Director 6,"Actor 0, Actor 1, Actor 2, Actor 3, Actor 4",South Korea,"January 27, 1996",1996,TV-PG,107 min,Documentary,A generic description of the show content.,61.2
s707,Movie,Show Title 707,Director 7,"Actor 0, Actor 1, Actor 2, Actor 3, Actor 4, Actor 5, Actor 6, Actor 7",Japan,"January 15, 2023",2023,PG-13,148 min,"Documentary, Romance, Drama",A generic description of the show content.,100.0
s708,TV Show,Show Title 708,Director 8,"Actor 0, Actor 1, Actor 2, Actor 3",South Korea,"January 27, 2021",2020,TV-PG,6 Season,"Romance, Action",A generic description of the show content.,92.2
s709,Movie,Show Title 709,Director 9,"Actor 0, Actor 1, Actor 2",South Korea,"January 8, 2001",2001,TV-MA,170 min,"Drama, Romance",A generic description of the show content.,99.5
s710,Movie,Show Title 710,Director 10,"Actor 0, Actor 1, Actor 2",United States,"January 3, 2003",2003,R,96 min,Thriller,A generic description of the show content.,82.6
s711,TV Show,Show Title 711,Director 11,"Actor 0, Actor 1, Actor 2, Actor 3, Actor 4, Actor 5, Actor 6, Actor 7, Actor 8",United States,"January 4, 1997",1996,PG-13,1 Season,"Documentary, Sci-Fi, Drama",A generic description of the show content.,86.0
s712,Movie,Show Title 712,Director 12,"Actor 0, Actor 1, Actor 2, Actor 3, Actor 4",United Kingdom,"January 19, 1996",1996,TV-MA,180 min,Documentary,A generic description of the show content.,68.6
s713,Movie,Show Title 713,Director 13,"Actor 0, Actor 1, Actor 2, Actor 3, Actor 4, Actor 5, Actor 6",United States,"January 6, 2001",1999,TV-PG,175 min,"Documentary, Action",A generic description of the show content.,91.5
s714,Movie,Show Title 714,Director 14,"Actor 0, Actor 1, Actor 2, Actor 3, Actor 4",India,"January 23, 1996",1996,TV-14,154 min,Documentary,A generic description of the show content.,73.6
s715,Movie,Show Title 715,Director 15,"Actor 0, Actor 1, Actor 2, Actor 3, Actor 4, Actor 5, Actor 6, Actor 7, Actor 8, Actor 9",United Kingdom,"January 28, 1992",1990,R,172 min,Comedy,A generic description of the show content.,86.0
s716,Movie,Show Title 716,Director 16,"Actor 0, Actor 1, Actor 2, Actor 3, Actor 4, Actor 5, Actor 6",India,"January 13, 2019",2018,TV-MA,166 min,Comedy,A generic description of the show content.,100.0
s717,Movie,Show Title 717,Director 17,"Actor 0, Actor 1, Actor 2, Actor 3",India,"January 16, 2011",2010,TV-14,95 min,"Drama, Documentary",A generic description of the show content.,99.5
s718,Movie,Show Title 718,Director 18,"Actor 0, Actor 1, Actor 2, Actor 3, Actor 4, Actor 5",United States,"January 15, 2012",2010,TV-14,143 min,Thriller,A generic description of the show content.,93.4
s719,Movie,Show Title 719,Director 19,"Actor 0, Actor 1, Actor 2, Actor 3, Actor 4",Japan,"January 28, 2004",2004,R,150 min,"Action, Thriller",A generic description of the show content.,90.4
s720,TV Show,Show Title 720,Director 20,"Actor 0, Actor 1, Actor 2, Actor 3, Actor 4, Actor 5, Actor 6, Actor 7, Actor 8, Actor 9",United States,"January 22, 1992",1990,PG-13,8 Season,"Drama, Thriller, Romance",A generic description of the show content.,83.1
s721,Movie,Show Title 721,Director 21,"Actor 0, Actor 1, Actor 2, Actor 3, Actor 4, Actor 5, Actor 6",United States,"January 7, 1997",1996,TV-MA,174 min,Drama,A generic description of the show content.,65.9
s722,Movie,Show Title 722,Director 22,"Actor 0, Actor 1, Actor 2, Actor 3, Actor 4, Actor 5",South Korea,"January 25, 1999",1997,TV-PG,109 min,"Romance, Thriller",A generic description of the show content.,64.0
s723,Movie,Show Title 723,Director 23,"Actor 0, Actor 1, Actor 2, Actor 3, Actor 4, Actor 5, Actor 6, Actor 7",United Kingdom,"January 16, 2017",2015,TV-14,125 min,"Romance, Documentary",A generic description of the show content.,100.0
s724,Movie,Show Title 724,Director 24,"Actor 0, Actor 1, Actor 2, Actor 3",India,"January 1, 1997",1997,PG-13,112 min,"Thriller, Comedy",A generic description of the show content.,75.2
s725,TV Show,Show Title 725,Director 25,"Actor 0, Actor 1, Actor 2, Actor 3, Actor 4, Actor 5, Actor 6",India,"January 5, 1992",1991,TV-PG,3 Season,"Documentary, Romance",A generic description of the show content.,68.7
s726,Movie,Show Title 726,Director 26,"Actor 0, Actor 1, Actor 2, Actor 3, Actor 4",United Kingdom,"January 10, 2025",2023,R,178 min,"Sci-Fi, Thriller",A generic description of the show content.,100.0
s727,Movie,Show Title 727,Director 27,"Actor 0, Actor 1, Actor 2",United States,"January 13, 2012",2011,TV-14,149 min,"Drama, Sci-Fi, Thriller",A generic description of the show content.,100.0
s728,TV Show,Show Title 728,Director 28,"Actor 0, Actor 1, Actor 2, Actor 3, Actor 4, Actor 5",India,"January 23, 1992",1992,R,1 Season,Documentary,A generic description of the show content.,64.6
s729,Movie,Show Title 729,Director 29,"Actor 0, Actor 1, Actor 2, Actor 3, Actor 4, Actor 5, Actor 6, Actor 7, Actor 8",United States,"January 22, 2016",2014,TV-PG,142 min,Documentary,A generic description of the show content.,100.0
s730,Movie,Show Title 730,Director 30,"Actor 0, Actor 1, Actor 2, Actor 3, Actor 4, Actor 5",India,"January 16, 2002",2000,R,144 min,Thriller,A generic description of the show content.,84.0
s731,Movie,Show Title 731,Director 31,"Actor 0, Actor 1",United States,"January 5, 2009",2008,TV-14,121 min,Drama,A generic description of the show content.,81.2
s732,TV Show,Show Title 732,Director 32,"Actor 0, Actor 1, Actor 2, Actor 3, Actor 4, Actor 5, Actor 6",India,"January 12, 2012",2011,TV-14,7 Season,Thriller,A generic description of the show content.,100.0
s733,Movie,Show Title 733,Director 33,"Actor 0, Actor 1, Actor 2",United States,"January 28, 2006",2005,PG-13,162 min,"Documentary, Drama",A generic description of the show content.,71.5
s734,Movie,Show Title 734,Director 34,"Actor 0, Actor 1, Actor 2, Actor 3, Actor 4, Actor 5, Actor 6, Actor 7, Actor 8, Actor 9",United States,"January 14, 2011",2010,PG-13,84 min,"Romance, Thriller",A generic description of the show content.,100.0
s735,Movie,Show Title 735,Director 35,"Actor 0, Actor 1, Actor 2",India,"January 26, 2011",2010,PG-13,128 min,"Thriller, Action, Documentary",A generic description of the show content.,100.0
s736,Movie,Show Title 736,Director 36,"Actor 0, Actor 1, Actor 2, Actor 3, Actor 4, Actor 5",United States,"January 12, 2022",2021,TV-MA,144 min,"Action, Comedy, Documentary",A generic description of the show content.,100.0
s737,Movie,Show Title 737,Director 37,"Actor 0, Actor 1, Actor 2, Actor 3, Actor 4, Actor 5",Japan,"January 2, 1995",1994,TV-PG,148 min,Action,A generic description of the show content.,87.8
s738,Movie,Show Title 738,Director 38,"Actor 0, Actor 1, Actor 2, Actor 3, Actor 4, Actor 5",United States,"January 3, 1997",1995,TV-PG,171 min,"Drama, Documentary, Action",A generic description of the show content.,96.2
s739,Movie,Show Title 739,Director 39,"Actor 0, Actor 1, Actor 2, Actor 3, Actor 4, Actor 5, Actor 6, Actor 7",United States,"January 22, 1996",1994,TV-14,163 min,"Documentary, Action",A generic description of the show content.,92.1
s740,Movie,Show Title 740,Director 40,"Actor 0, Actor 1",India,"January 21, 2024",2022,TV-PG,138 min,"Sci-Fi, Documentary, Comedy",A generic description of the show content.,88.6
s741,TV Show,Show Title 741,Director 41,"Actor 0, Actor 1, Actor 2, Actor 3, Actor 4, Actor 5, Actor 6, Actor 7",India,"January 19, 2005",2003,PG-13,8 Season,"Romance, Documentary",A generic description of the show content.,77.7
s742,Movie,Show Title 742,Director 42,"Actor 0, Actor 1, Actor 2, Actor 3, Actor 4, Actor 5",United States,"January 28, 2000",1999,R,110 min,Romance,A generic description of the show content.,74.3
s743,Movie,Show Title 743,Director 43,"Actor 0, Actor 1, Actor 2, Actor 3, Actor 4, Actor 5, Actor 6, Actor 7",Japan,"January 9, 1995",1994,TV-MA,161 min,Sci-Fi,A generic description of the show content.,77.3
s744,Movie,Show Title 744,Director 44,"Actor 0, Actor 1, Actor 2, Actor 3, Actor 4",United Kingdom,"January 1, 2015",2015,TV-14,110 min,Comedy,A generic description of the show content.,100.0
s745,Movie,Show Title 745,Director 45,"Actor 0, Actor 1, Actor 2, Actor 3, Actor 4, Actor 5",India,"January 5, 2017",2017,TV-14,134 min,"Drama, Comedy, Romance",A generic description of the show content.,100.0
s746,TV Show,Show Title 746,Director 46,"Actor 0, Actor 1, Actor 2",United States,"January 11, 2003",2001,TV-14,1 Season,"Thriller, Drama, Romance",A generic description of the show content.,84.4
s747,TV Show,Show Title 747,Director 47,"Actor 0, Actor 1, Actor 2, Actor 3",South Korea,"January 8, 2016",2016,TV-PG,6 Season,"Romance, Drama, Thriller",A generic description of the show content.,99.4
s748,TV Show,Show Title 748,Director 48,"Actor 0, Actor 1, Actor 2, Actor 3, Actor 4",South Korea,"January 20, 2023",2023,TV-14,10 Season,"Action, Thriller, Drama",A generic description of the show content.,100.0
s749,Movie,Show Title 749,Director 49,"Actor 0, Actor 1, Actor 2, Actor 3",India,"January 4, 2014",2014,TV-MA,175 min,"Comedy, Thriller, Sci-Fi",A generic description of the show content.,84.9
s750,TV Show,Show Title 750,Director 50,"Actor 0, Actor 1, Actor 2, Actor 3, Actor 4, Actor 5, Actor 6, Actor 7, Actor 8, Actor 9",India,"January 12, 2008",2006,PG-13,10 Season,Thriller,A generic description of the show content.,89.8
s751,Movie,Show Title 751,Director 51,"Actor 0, Actor 1, Actor 2, Actor 3, Actor 4, Actor 5, Actor 6, Actor 7, Actor 8",India,"January 23, 2006",2005,TV-14,115 min,Action,A generic description of the show content.,87.0
s752,Movie,Show Title 752,Director 52,"Actor 0, Actor 1, Actor 2, Actor 3, Actor 4, Actor 5",South Korea,"January 18, 1993",1992,TV-14,174 min,"Sci-Fi, Drama, Comedy",A generic description of the show content.,65.2
s753,Movie,Show Title 753,Director 53,"Actor 0, Actor 1, Actor 2, Actor 3, Actor 4, Actor 5, Actor 6, Actor 7, Actor 8",United Kingdom,"January 13, 1997",1997,R,148 min,Sci-Fi,A generic description of the show content.,94.0
s754,TV Show,Show Title 754,Director 54,"Actor 0, Actor 1, Actor 2, Actor 3, Actor 4",South Korea,"January 28, 2009",2009,R,2 Season,Action,A generic description of the show content.,89.0
s755,Movie,Show Title 755,Director 55,"Actor 0, Actor 1, Actor 2, Actor 3, Actor 4, Actor 5, Actor 6, Actor 7, Actor 8",Japan,"January 16, 2018",2016,R,84 min,"Sci-Fi, Drama",A generic description of the show content.,100.0
s756,TV Show,Show Title 756,Director 56,"Actor 0, Actor 1, Actor 2, Actor 3, Actor 4, Actor 5",United States,"January 17, 2017",2017,TV-14,2 Season,Romance,A generic description of the show content.,100.0
s757,Movie,Show Title 757,Director 57,"Actor 0, Actor 1, Actor 2, Actor 3, Actor 4, Actor 5, Actor 6, Actor 7, Actor 8",United Kingdom,"January 26, 2012",2010,TV-MA,138 min,"Drama, Sci-Fi, Comedy",A generic description of the show content.,100.0
s758,Movie,Show Title 758,Director 58,"Actor 0, Actor 1, Actor 2, Actor 3, Actor 4",United States,"January 17, 2011",2009,TV-MA,120 min,"Drama, Sci-Fi, Comedy",A generic description of the show content.,89.9
s759,TV Show,Show Title 759,Director 59,"Actor 0, Actor 1, Actor 2, Actor 3",United Kingdom,"January 9, 2010",2010,TV-PG,8 Season,"Sci-Fi, Romance",A generic description of the show content.,100.0
s760,TV Show,Show Title 760,Director 60,"Actor 0, Actor 1, Actor 2, Actor 3, Actor 4, Actor 5, Actor 6, Actor 7",United Kingdom,"January 13, 2004",2002,TV-MA,2 Season,"Action, Comedy",A generic description of the show content.,88.2
s761,Movie,Show Title 761,Director 61,"Actor 0, Actor 1, Actor 2, Actor 3",United States,"January 2, 2005",2004,TV-PG,91 min,"Comedy, Action",A generic description of the show content.,90.2
s762,Movie,Show Title 762,Director 62,"Actor 0, Actor 1, Actor 2",United States,"January 1, 1997",1995,TV-PG,127 min,Documentary,A generic description of the show content.,94.1
s763,Movie,Show Title 763,Director 63,"Actor 0, Actor 1, Actor 2, Actor 3, Actor 4",South Korea,"January 7, 2020",2019,TV-14,166 min,"Drama, Comedy",A generic description of the show content.,100.0
s764,TV Show,Show Title 764,Director 64,"Actor 0, Actor 1, Actor 2, Actor 3, Actor 4, Actor 5, Actor 6, Actor 7",United States,"January 6, 2018",2017,TV-MA,4 Season,"Comedy, Action, Sci-Fi",A generic description of the show content.,100.0
s765,Movie,Show Title 765,Director 65,"Actor 0, Actor 1, Actor 2, Actor 3, Actor 4, Actor 5, Actor 6, Actor 7, Actor 8",South Korea,"January 3, 2005",2005,R,159 min,"Comedy, Action",A generic description of the show content.,93.5
s766,Movie,Show Title 766,Director 66,"Actor 0, Actor 1, Actor 2, Actor 3, Actor 4, Actor 5, Actor 6, Actor 7",United States,"January 23, 2016",2015,TV-PG,167 min,Romance,A generic description of the show content.,100.0
s767,Movie,Show Title 767,Director 67,"Actor 0, Actor 1, Actor 2, Actor 3, Actor 4, Actor 5, Actor 6",United States,"January 20, 1995",1993,TV-PG,86 min,"Comedy, Thriller",A generic description of the show content.,91.2
s768,TV Show,Show Title 768,Director 68,"Actor 0, Actor 1, Actor 2, Actor 3, Actor 4, Actor 5, Actor 6, Actor 7",Japan,"January 22, 1991",1990,TV-MA,5 Season,"Documentary, Thriller, Action",A generic description of the show content.,69.7
s769,TV Show,Show Title 769,Director 69,"Actor 0, Actor 1, Actor 2, Actor 3, Actor 4, Actor 5, Actor 6, Actor 7, Actor 8",India,"January 11, 2002",2001,TV-MA,5 Season,Documentary,A generic description of the show content.,100.0
s770,Movie,Show Title 770,Director 70,"Actor 0, Actor 1",United Kingdom,"January 5, 2018",2017,TV-14,98 min,"Drama, Action",A generic description of the show content.,100.0
s771,TV Show,Show Title 771,Director 71,"Actor 0, Actor 1, Actor 2, Actor 3, Actor 4, Actor 5, Actor 6",South Korea,"January 14, 2008",2008,TV-14,5 Season,"Sci-Fi, Action, Documentary",A generic description of the show content.,95.4
s772,TV Show,Show Title 772,Director 72,"Actor 0, Actor 1, Actor 2, Actor 3, Actor 4",India,"January 5, 1999",1999,TV-MA,9 Season,"Romance, Thriller, Drama",A generic description of the show content.,89.8
s773,Movie,Show Title 773,Director 73,"Actor 0, Actor 1, Actor 2, Actor 3, Actor 4, Actor 5, Actor 6, Actor 7, Actor 8",India,"January 2, 2001",2000,TV-14,170 min,"Thriller, Drama",A generic description of the show content.,100.0
s774,TV Show,Show Title 774,Director 74,"Actor 0, Actor 1, Actor 2, Actor 3",India,"January 4, 2020",2019,PG-13,8 Season,Sci-Fi,A generic description of the show content.,100.0
s775,Movie,Show Title 775,Director 75,"Actor 0, Actor 1, Actor 2, Actor 3, Actor 4",United States,"January 19, 2000",2000,TV-PG,175 min,"Sci-Fi, Action, Documentary",A generic description of the show content.,69.3
s776,TV Show,Show Title 776,Director 76,"Actor 0, Actor 1, Actor 2, Actor 3, Actor 4, Actor 5, Actor 6",United States,"January 1, 1995",1994,PG-13,4 Season,"Romance, Drama",A generic description of the show content.,72.7
s777,Movie,Show Title 777,Director 77,"Actor 0, Actor 1, Actor 2",India,"January 15, 1998",1996,R,121 min,Drama,A generic description of the show content.,72.5
s778,Movie,Show Title 778,Director 78,"Actor 0, Actor 1, Actor 2, Actor 3, Actor 4, Actor 5, Actor 6, Actor 7, Actor 8",South Korea,"January 11, 1992",1990,TV-PG,122 min,Romance,A generic description of the show content.,72.3
s779,Movie,Show Title 779,Director 79,"Actor 0, Actor 1, Actor 2",Japan,"January 18, 2010",2008,R,121 min,Romance,A generic description of the show content.,94.2
s780,Movie,Show Title 780,Director 80,"Actor 0, Actor 1, Actor 2, Actor 3, Actor 4",United States,"January 6, 2006",2005,R,178 min,"Drama, Sci-Fi",A generic description of the show content.,94.3
s781,Movie,Show Title 781,Director 81,"Actor 0, Actor 1, Actor 2, Actor 3, Actor 4, Actor 5",United Kingdom,"January 22, 2001",1999,TV-MA,95 min,"Thriller, Sci-Fi",A generic description of the show content.,67.1
s782,Movie,Show Title 782,Director 82,"Actor 0, Actor 1, Actor 2, Actor 3, Actor 4, Actor 5, Actor 6, Actor 7, Actor 8",United States,"January 13, 2014",2013,TV-14,145 min,Thriller,A generic description of the show content.,100.0
s783,Movie,Show Title 783,Director 83,"Actor 0, Actor 1, Actor 2",India,"January 2, 2019",2017,TV-14,127 min,"Comedy, Thriller, Romance",A generic description of the show content.,100.0
s784,TV Show,Show Title 784,Director 84,"Actor 0, Actor 1, Actor 2",United Kingdom,"January 10, 2000",1999,R,8 Season,"Romance, Sci-Fi, Documentary",A generic description of the show content.,80.1
s785,Movie,Show Title 785,Director 85,"Actor 0, Actor 1, Actor 2, Actor 3, Actor 4, Actor 5",Japan,"January 27, 2009",2009,TV-PG,99 min,Romance,A generic description of the show content.,100.0
s786,Movie,Show Title 786,Director 86,"Actor 0, Actor 1, Actor 2, Actor 3, Actor 4, Actor 5, Actor 6, Actor 7",India,"January 4, 1995",1994,TV-PG,85 min,"Drama, Documentary, Thriller",A generic description of the show content.,90.3
s787,TV Show,Show Title 787,Director 87,"Actor 0, Actor 1, Actor 2, Actor 3, Actor 4, Actor 5, Actor 6, Actor 7, Actor 8",United States,"January 6, 1995",1995,R,9 Season,Drama,A generic description of the show content.,90.1
s788,Movie,Show Title 788,Director 88,"Actor 0, Actor 1, Actor 2, Actor 3, Actor 4, Actor 5",India,"January 11, 2009",2009,TV-MA,120 min,"Romance, Thriller, Sci-Fi",A generic description of the show content.,94.8
s789,Movie,Show Title 789,Director 89,"Actor 0, Actor 1, Actor 2, Actor 3, Actor 4, Actor 5, Actor 6, Actor 7, Actor 8, Actor 9",United Kingdom,"January 1, 2006",2006,R,166 min,Thriller,A generic description of the show content.,82.4
s790,Movie,Show Title 790,Director 90,"Actor 0, Actor 1, Actor 2, Actor 3, Actor 4, Actor 5, Actor 6, Actor 7, Actor 8",United States,"January 10, 2022",2020,TV-PG,138 min,"Thriller, Romance, Documentary",A generic description of the show content.,100.0
s791,Movie,Show Title 791,Director 91,"Actor 0, Actor 1, Actor 2, Actor 3",United Kingdom,"January 1, 2015",2015,PG-13,118 min,Comedy,A generic description of the show content.,100.0
s792,TV Show,Show Title 792,Director 92,"Actor 0, Actor 1, Actor 2, Actor 3",United Kingdom,"January 21, 2002",2002,R,1 Season,Thriller,A generic description of the show content.,83.7
s793,TV Show,Show Title 793,Director 93,"Actor 0, Actor 1, Actor 2, Actor 3, Actor 4, Actor 5, Actor 6, Actor 7, Actor 8",Japan,"January 5, 2025",2024,R,4 Season,Action,A generic description of the show content.,100.0
s794,Movie,Show Title 794,Director 94,"Actor 0, Actor 1",United States,"January 28, 2000",1999,TV-PG,174 min,"Thriller, Sci-Fi, Romance",A generic description of the show content.,61.7
s795,Movie,Show Title 795,Director 95,"Actor 0, Actor 1, Actor 2, Actor 3, Actor 4, Actor 5, Actor 6, Actor 7",United States,"January 14, 2016",2015,TV-PG,86 min,"Drama, Sci-Fi",A generic description of the show content.,100.0
s796,Movie,Show Title 796,Director 96,"Actor 0, Actor 1, Actor 2, Actor 3, Actor 4, Actor 5, Actor 6, Actor 7, Actor 8, Actor 9",India,"January 19, 2010",2008,TV-PG,84 min,"Thriller, Sci-Fi",A generic description of the show content.,100.0
s797,TV Show,Show Title 797,Director 97,"Actor 0, Actor 1, Actor 2, Actor 3, Actor 4, Actor 5, Actor 6, Actor 7",South Korea,"January 19, 2022",2021,TV-PG,4 Season,"Drama, Documentary, Sci-Fi",A generic description of the show content.,100.0
s798,Movie,Show Title 798,Director 98,"Actor 0, Actor 1, Actor 2, Actor 3, Actor 4, Actor 5, Actor 6",Japan,"January 15, 2018",2016,R,140 min,Thriller,A generic description of the show content.,100.0
s799,Movie,Show Title 799,Director 99,"Actor 0, Actor 1, Actor 2, Actor 3, Actor 4, Actor 5, Actor 6, Actor 7, Actor 8, Actor 9",United States,"January 8, 2004",2002,TV-14,140 min,"Thriller, Comedy",A generic description of the show content.,93.3
s800,TV Show,Show Title 800,Director 0,"Actor 0, Actor 1, Actor 2, Actor 3, Actor 4, Actor 5, Actor 6, Actor 7",Japan,"January 14, 2021",2019,TV-14,3 Season,"Romance, Sci-Fi",A generic description of the show content.,100.0
s801,TV Show,Show Title 801,Director 1,"Actor 0, Actor 1, Actor 2",United Kingdom,"January 22, 2001",2000,TV-MA,10 Season,Action,A generic description of the show content.,75.8
s802,Movie,Show Title 802,Director 2,"Actor 0, Actor 1, Actor 2, Actor 3, Actor 4",United States,"January 7, 2023",2021,PG-13,92 min,"Thriller, Action",A generic description of the show content.,100.0
s803,TV Show,Show Title 803,Director 3,"Actor 0, Actor 1",United States,"January 26, 2006",2006,TV-14,6 Season,"Comedy, Sci-Fi, Documentary",A generic description of the show content.,78.4
s804,Movie,Show Title 804,Director 4,"Actor 0, Actor 1, Actor 2, Actor 3, Actor 4, Actor 5",United Kingdom,"January 11, 1998",1997,PG-13,151 min,Thriller,A generic description of the show content.,73.2
s805,TV Show,Show Title 805,Director 5,"Actor 0, Actor 1, Actor 2, Actor 3, Actor 4, Actor 5, Actor 6, Actor 7, Actor 8",India,"January 26, 2000",1999,PG-13,9 Season,"Romance, Drama, Sci-Fi",A generic description of the show content.,88.4
s806,TV Show,Show Title 806,Director 6,"Actor 0, Actor 1, Actor 2",United Kingdom,"January 6, 1998",1996,PG-13,9 Season,Documentary,A generic description of the show content.,72.2
s807,TV Show,Show Title 807,Director 7,"Actor 0, Actor 1, Actor 2",South Korea,"January 5, 2002",2000,TV-14,5 Season,"Thriller, Documentary, Sci-Fi",A generic description of the show content.,71.2
s808,Movie,Show Title 808,Director 8,"Actor 0, Actor 1, Actor 2, Actor 3, Actor 4",United States,"January 27, 2003",2002,TV-14,136 min,"Sci-Fi, Drama",A generic description of the show content.,100.0
s809,Movie,Show Title 809,Director 9,"Actor 0, Actor 1, Actor 2, Actor 3, Actor 4",United States,"January 5, 2009",2007,R,127 min,"Sci-Fi, Thriller, Action",A generic description of the show content.,86.6
s810,TV Show,Show Title 810,Director 10,"Actor 0, Actor 1, Actor 2, Actor 3, Actor 4, Actor 5, Actor 6",United States,"January 1, 2018",2017,TV-MA,7 Season,"Thriller, Documentary",A generic description of the show content.,100.0
s811,TV Show,Show Title 811,Director 11,"Actor 0, Actor 1, Actor 2, Actor 3, Actor 4, Actor 5, Actor 6",United Kingdom,"January 13, 2023",2023,R,2 Season,Action,A generic description of the show content.,100.0
s812,Movie,Show Title 812,Director 12,"Actor 0, Actor 1, Actor 2, Actor 3, Actor 4, Actor 5, Actor 6, Actor 7, Actor 8, Actor 9",United Kingdom,"January 10, 2000",1999,R,153 min,Romance,A generic description of the show content.,100.0
s813,TV Show,Show Title 813,Director 13,"Actor 0, Actor 1, Actor 2, Actor 3, Actor 4, Actor 5, Actor 6, Actor 7, Actor 8, Actor 9",United Kingdom,"January 20, 2009",2009,R,6 Season,"Drama, Action",A generic description of the show content.,100.0
s814,Movie,Show Title 814,Director 14,"Actor 0, Actor 1, Actor 2, Actor 3, Actor 4, Actor 5, Actor 6, Actor 7",United States,"January 25, 2024",2024,TV-14,159 min,"Romance, Thriller, Action",A generic description of the show content.,100.0
s815,Movie,Show Title 815,Director 15,"Actor 0, Actor 1, Actor 2, Actor 3, Actor 4, Actor 5, Actor 6, Actor 7, Actor 8, Actor 9",India,"January 10, 2014",2014,PG-13,172 min,"Romance, Comedy, Documentary",A generic description of the show content.,96.1
s816,Movie,Show Title 816,Director 16,"Actor 0, Actor 1, Actor 2, Actor 3, Actor 4, Actor 5, Actor 6, Actor 7, Actor 8, Actor 9",United States,"January 19, 2012",2011,TV-MA,176 min,"Comedy, Drama, Romance",A generic description of the show content.,100.0
s817,TV Show,Show Title 817,Director 17,"Actor 0, Actor 1",United States,"January 27, 2018",2017,TV-14,9 Season,Romance,A generic description of the show content.,100.0
s818,Movie,Show Title 818,Director 18,"Actor 0, Actor 1",United States,"January 15, 1994",1993,TV-MA,176 min,"Drama, Thriller, Action",A generic description of the show content.,69.3
s819,TV Show,Show Title 819,Director 19,"Actor 0, Actor 1, Actor 2, Actor 3, Actor 4, Actor 5",South Korea,"January 10, 2026",2024,TV-PG,10 Season,Action,A generic description of the show content.,100.0
s820,Movie,Show Title 820,Director 20,"Actor 0, Actor 1, Actor 2, Actor 3, Actor 4, Actor 5, Actor 6",United Kingdom,"January 17, 2025",2023,TV-MA,174 min,Drama,A generic description of the show content.,100.0
s821,TV Show,Show Title 821,Director 21,"Actor 0, Actor 1, Actor 2",United States,"January 2, 1997",1996,TV-MA,3 Season,"Thriller, Sci-Fi, Drama",A generic description of the show content.,89.1
s822,Movie,Show Title 822,Director 22,"Actor 0, Actor 1, Actor 2, Actor 3, Actor 4, Actor 5, Actor 6, Actor 7, Actor 8, Actor 9",India,"January 25, 2014",2013,TV-14,166 min,"Thriller, Documentary, Romance",A generic description of the show content.,100.0
s823,Movie,Show Title 823,Director 23,"Actor 0, Actor 1, Actor 2, Actor 3",United Kingdom,"January 5, 2020",2018,TV-MA,168 min,"Romance, Thriller",A generic description of the show content.,100.0
s824,Movie,Show Title 824,Director 24,"Actor 0, Actor 1, Actor 2, Actor 3, Actor 4",India,"January 15, 2023",2022,PG-13,147 min,Romance,A generic description of the show content.,100.0
s825,TV Show,Show Title 825,Director 25,"Actor 0, Actor 1, Actor 2",South Korea,"January 12, 2015",2013,TV-14,2 Season,"Sci-Fi, Thriller, Drama",A generic description of the show content.,100.0
s826,Movie,Show Title 826,Director 26,"Actor 0, Actor 1, Actor 2, Actor 3, Actor 4, Actor 5, Actor 6, Actor 7, Actor 8",United States,"January 1, 2013",2013,TV-MA,119 min,"Action, Sci-Fi",A generic description of the show content.,100.0
s827,TV Show,Show Title 827,Director 27,"Actor 0, Actor 1, Actor 2, Actor 3, Actor 4, Actor 5, Actor 6, Actor 7, Actor 8",India,"January 1, 2009",2009,TV-PG,5 Season,Comedy,A generic description of the show content.,96.3
s828,Movie,Show Title 828,Director 28,"Actor 0, Actor 1, Actor 2, Actor 3, Actor 4, Actor 5, Actor 6",Japan,"January 26, 2017",2016,R,141 min,"Action, Documentary, Thriller",A generic description of the show content.,100.0
s829,TV Show,Show Title 829,Director 29,"Actor 0, Actor 1, Actor 2, Actor 3, Actor 4, Actor 5, Actor 6, Actor 7, Actor 8",Japan,"January 5, 2000",1998,TV-14,3 Season,"Romance, Thriller, Sci-Fi",A generic description of the show content.,82.2
s830,Movie,Show Title 830,Director 30,"Actor 0, Actor 1, Actor 2, Actor 3, Actor 4, Actor 5, Actor 6",United Kingdom,"January 18, 2016",2016,R,129 min,Thriller,A generic description of the show content.,94.6
s831,TV Show,Show Title 831,Director 31,"Actor 0, Actor 1, Actor 2, Actor 3, Actor 4, Actor 5, Actor 6, Actor 7, Actor 8, Actor 9",United Kingdom,"January 21, 2000",2000,TV-PG,1 Season,"Romance, Sci-Fi, Action",A generic description of the show content.,85.8
s832,Movie,Show Title 832,Director 32,"Actor 0, Actor 1, Actor 2, Actor 3, Actor 4, Actor 5, Actor 6, Actor 7, Actor 8, Actor 9",South Korea,"January 7, 2025",2024,TV-PG,153 min,Documentary,A generic description of the show content.,100.0
s833,TV Show,Show Title 833,Director 33,"Actor 0, Actor 1, Actor 2, Actor 3, Actor 4",United States,"January 8, 2026",2024,TV-PG,3 Season,Action,A generic description of the show content.,100.0
s834,Movie,Show Title 834,Director 34,"Actor 0, Actor 1, Actor 2, Actor 3, Actor 4, Actor 5, Actor 6",Japan,"January 14, 2010",2010,R,131 min,"Drama, Thriller, Sci-Fi",A generic description of the show content.,100.0
s835,Movie,Show Title 835,Director 35,"Actor 0, Actor 1, Actor 2",India,"January 18, 2014",2014,TV-14,112 min,Drama,A generic description of the show content.,100.0
s836,Movie,Show Title 836,Director 36,"Actor 0, Actor 1, Actor 2, Actor 3",United States,"January 2, 1997",1995,TV-14,99 min,"Thriller, Romance",A generic description of the show content.,86.0
s837,Movie,Show Title 837,Director 37,"Actor 0, Actor 1, Actor 2, Actor 3",United Kingdom,"January 14, 2010",2009,TV-14,129 min,Action,A generic description of the show content.,86.5
s838,Movie,Show Title 838,Director 38,"Actor 0, Actor 1, Actor 2, Actor 3, Actor 4",Japan,"January 16, 1999",1997,TV-PG,86 min,Comedy,A generic description of the show content.,85.3
s839,Movie,Show Title 839,Director 39,"Actor 0, Actor 1, Actor 2",United States,"January 16, 1993",1993,R,120 min,"Documentary, Thriller",A generic description of the show content.,63.4
s840,Movie,Show Title 840,Director 40,"Actor 0, Actor 1, Actor 2, Actor 3, Actor 4",South Korea,"January 25, 1993",1991,TV-MA,114 min,"Documentary, Romance, Drama",A generic description of the show content.,71.0
s841,Movie,Show Title 841,Director 41,"Actor 0, Actor 1, Actor 2, Actor 3, Actor 4, Actor 5, Actor 6, Actor 7, Actor 8, Actor 9",India,"January 6, 1995",1995,TV-PG,161 min,"Comedy, Sci-Fi, Action",A generic description of the show content.,94.2
s842,TV Show,Show Title 842,Director 42,"Actor 0, Actor 1, Actor 2, Actor 3, Actor 4, Actor 5, Actor 6, Actor 7, Actor 8",South Korea,"January 27, 2020",2018,TV-14,1 Season,Sci-Fi,A generic description of the show content.,100.0
s843,Movie,Show Title 843,Director 43,"Actor 0, Actor 1, Actor 2, Actor 3, Actor 4, Actor 5, Actor 6, Actor 7",United States,"January 12, 1995",1993,TV-MA,141 min,"Documentary, Action",A generic description of the show content.,84.3
s844,Movie,Show Title 844,Director 44,"Actor 0, Actor 1, Actor 2, Actor 3, Actor 4, Actor 5",India,"January 3, 1993",1992,PG-13,100 min,"Documentary, Sci-Fi, Drama",A generic description of the show content.,76.7
s845,TV Show,Show Title 845,Director 45,"Actor 0, Actor 1, Actor 2, Actor 3, Actor 4, Actor 5, Actor 6, Actor 7, Actor 8, Actor 9",United Kingdom,"January 26, 2008",2007,TV-14,7 Season,Documentary,A generic description of the show content.,100.0
s846,Movie,Show Title 846,Director 46,"Actor 0, Actor 1, Actor 2, Actor 3, Actor 4, Actor 5, Actor 6",South Korea,"January 11, 2018",2018,R,114 min,Romance,A generic description of the show content.,100.0
s847,TV Show,Show Title 847,Director 47,"Actor 0, Actor 1, Actor 2, Actor 3",United States,"January 14, 2000",1998,R,1 Season,"Thriller, Drama, Romance",A generic description of the show content.,100.0
s848,TV Show,Show Title 848,Director 48,"Actor 0, Actor 1, Actor 2, Actor 3, Actor 4, Actor 5, Actor 6, Actor 7, Actor 8",India,"January 22, 1994",1994,TV-14,9 Season,Sci-Fi,A generic description of the show content.,72.6
s849,TV Show,Show Title 849,Director 49,"Actor 0, Actor 1",United States,"January 4, 2013",2012,TV-14,7 Season,Sci-Fi,A generic description of the show content.,86.7
s850,TV Show,Show Title 850,Director 50,"Actor 0, Actor 1, Actor 2, Actor 3, Actor 4, Actor 5, Actor 6",India,"January 7, 2004",2004,TV-PG,1 Season,"Romance, Sci-Fi",A generic description of the show content.,83.8
s851,Movie,Show Title 851,Director 51,"Actor 0, Actor 1, Actor 2, Actor 3, Actor 4, Actor 5",Japan,"January 16, 2006",2004,TV-PG,109 min,"Action, Drama",A generic description of the show content.,87.4
s852,Movie,Show Title 852,Director 52,"Actor 0, Actor 1, Actor 2, Actor 3, Actor 4, Actor 5, Actor 6, Actor 7, Actor 8",United States,"January 6, 2017",2015,TV-MA,94 min,"Documentary, Sci-Fi",A generic description of the show content.,100.0
s853,Movie,Show Title 853,Director 53,"Actor 0, Actor 1, Actor 2, Actor 3",India,"January 9, 2003",2001,TV-MA,88 min,"Comedy, Romance, Drama",A generic description of the show content.,96.4
s854,TV Show,Show Title 854,Director 54,"Actor 0, Actor 1, Actor 2, Actor 3, Actor 4, Actor 5",United Kingdom,"January 22, 2009",2007,R,4 Season,"Drama, Romance, Documentary",A generic description of the show content.,100.0
s855,Movie,Show Title 855,Director 55,"Actor 0, Actor 1, Actor 2, Actor 3, Actor 4, Actor 5",India,"January 4, 1995",1993,TV-PG,121 min,"Sci-Fi, Thriller",A generic description of the show content.,65.8
s856,Movie,Show Title 856,Director 56,"Actor 0, Actor 1, Actor 2, Actor 3, Actor 4, Actor 5",United States,"January 14, 1994",1992,R,172 min,Drama,A generic description of the show content.,66.7
s857,Movie,Show Title 857,Director 57,"Actor 0, Actor 1, Actor 2, Actor 3, Actor 4, Actor 5, Actor 6, Actor 7",United States,"January 3, 2011",2011,TV-MA,90 min,"Sci-Fi, Drama, Comedy",A generic description of the show content.,100.0
s858,Movie,Show Title 858,Director 58,"Actor 0, Actor 1, Actor 2, Actor 3, Actor 4, Actor 5, Actor 6",United States,"January 27, 1997",1996,TV-MA,83 min,"Thriller, Drama",A generic description of the show content.,77.5
s859,Movie,Show Title 859,Director 59,"Actor 0, Actor 1, Actor 2",United States,"January 25, 2013",2011,TV-PG,86 min,"Documentary, Comedy",A generic description of the show content.,98.8
s860,Movie,Show Title 860,Director 60,"Actor 0, Actor 1",United States,"January 2, 2019",2018,TV-14,154 min,Drama,A generic description of the show content.,100.0
s861,TV Show,Show Title 861,Director 61,"Actor 0, Actor 1, Actor 2, Actor 3, Actor 4, Actor 5, Actor 6, Actor 7",United Kingdom,"January 3, 1998",1998,PG-13,1 Season,"Drama, Action",A generic description of the show content.,72.8
s862,Movie,Show Title 862,Director 62,"Actor 0, Actor 1, Actor 2, Actor 3, Actor 4, Actor 5, Actor 6, Actor 7",United States,"January 8, 2016",2014,TV-PG,131 min,Documentary,A generic description of the show content.,100.0
s863,Movie,Show Title 863,Director 63,"Actor 0, Actor 1, Actor 2, Actor 3, Actor 4, Actor 5, Actor 6, Actor 7, Actor 8",United States,"January 17, 2018",2017,TV-PG,159 min,"Drama, Action, Sci-Fi",A generic description of the show content.,100.0
s864,Movie,Show Title 864,Director 64,"Actor 0, Actor 1, Actor 2, Actor 3",United States,"January 21, 1996",1994,TV-14,155 min,Documentary,A generic description of the show content.,62.9
s865,Movie,Show Title 865,Director 65,"Actor 0, Actor 1",India,"January 2, 2018",2018,TV-14,103 min,Comedy,A generic description of the show content.,97.1
s866,Movie,Show Title 866,Director 66,"Actor 0, Actor 1, Actor 2, Actor 3, Actor 4, Actor 5, Actor 6, Actor 7, Actor 8",India,"January 10, 2014",2012,TV-14,119 min,"Documentary, Comedy, Romance",A generic description of the show content.,100.0
s867,Movie,Show Title 867,Director 67,"Actor 0, Actor 1, Actor 2, Actor 3, Actor 4",South Korea,"January 17, 2025",2023,PG-13,155 min,"Romance, Comedy, Drama",A generic description of the show content.,100.0
s868,Movie,Show Title 868,Director 68,"Actor 0, Actor 1, Actor 2",United States,"January 11, 2002",2002,R,161 min,Sci-Fi,A generic description of the show content.,85.6
s869,Movie,Show Title 869,Director 69,"Actor 0, Actor 1, Actor 2, Actor 3, Actor 4, Actor 5, Actor 6, Actor 7",South Korea,"January 11, 2011",2011,PG-13,154 min,"Action, Documentary, Sci-Fi",A generic description of the show content.,100.0
s870,Movie,Show Title 870,Director 70,"Actor 0, Actor 1, Actor 2, Actor 3, Actor 4",United Kingdom,"January 23, 1992",1992,R,143 min,Drama,A generic description of the show content.,71.2
s871,Movie,Show Title 871,Director 71,"Actor 0, Actor 1, Actor 2, Actor 3",United States,"January 27, 2011",2011,TV-14,174 min,"Comedy, Thriller",A generic description of the show content.,86.5
s872,Movie,Show Title 872,Director 72,"Actor 0, Actor 1, Actor 2, Actor 3, Actor 4, Actor 5, Actor 6",United States,"January 2, 1997",1997,TV-MA,98 min,"Thriller, Comedy",A generic description of the show content.,65.7
s873,Movie,Show Title 873,Director 73,"Actor 0, Actor 1, Actor 2, Actor 3, Actor 4, Actor 5, Actor 6, Actor 7, Actor 8, Actor 9",United States,"January 8, 2006",2006,TV-MA,172 min,Action,A generic description of the show content.,96.7
s874,Movie,Show Title 874,Director 74,"Actor 0, Actor 1, Actor 2, Actor 3, Actor 4, Actor 5, Actor 6",Japan,"January 7, 1997",1996,R,82 min,"Comedy, Thriller, Drama",A generic description of the show content.,82.7
s875,Movie,Show Title 875,Director 75,"Actor 0, Actor 1, Actor 2",Japan,"January 5, 2000",2000,TV-MA,147 min,"Thriller, Romance, Drama",A generic description of the show content.,98.9
s876,Movie,Show Title 876,Director 76,"Actor 0, Actor 1",United States,"January 25, 2015",2013,TV-PG,120 min,"Thriller, Romance, Comedy",A generic description of the show content.,88.3
s877,Movie,Show Title 877,Director 77,"Actor 0, Actor 1, Actor 2, Actor 3, Actor 4, Actor 5",India,"January 28, 1999",1999,TV-PG,121 min,Drama,A generic description of the show content.,87.7
s878,TV Show,Show Title 878,Director 78,"Actor 0, Actor 1, Actor 2",Japan,"January 6, 2005",2003,R,2 Season,"Sci-Fi, Romance",A generic description of the show content.,80.3
s879,TV Show,Show Title 879,Director 79,"Actor 0, Actor 1, Actor 2, Actor 3",United Kingdom,"January 11, 2024",2022,TV-14,6 Season,"Documentary, Thriller",A generic description of the show content.,100.0
s880,Movie,Show Title 880,Director 80,"Actor 0, Actor 1",India,"January 7, 2021",2021,TV-MA,140 min,"Documentary, Thriller",A generic description of the show content.,100.0
s881,Movie,Show Title 881,Director 81,"Actor 0, Actor 1, Actor 2, Actor 3",United States,"January 27, 2004",2003,TV-14,119 min,"Thriller, Documentary",A generic description of the show content.,77.2
s882,Movie,Show Title 882,Director 82,"Actor 0, Actor 1, Actor 2, Actor 3, Actor 4",United States,"January 19, 1995",1995,R,117 min,"Documentary, Action",A generic description of the show content.,72.6
s883,Movie,Show Title 883,Director 83,"Actor 0, Actor 1, Actor 2, Actor 3, Actor 4, Actor 5, Actor 6, Actor 7, Actor 8",United States,"January 11, 2019",2018,R,139 min,"Thriller, Action",A generic description of the show content.,100.0
s884,Movie,Show Title 884,Director 84,"Actor 0, Actor 1, Actor 2",India,"January 10, 2008",2006,TV-PG,162 min,Action,A generic description of the show content.,96.8
s885,Movie,Show Title 885,Director 85,"Actor 0, Actor 1, Actor 2",United States,"January 12, 2007",2007,TV-PG,109 min,Drama,A generic description of the show content.,100.0
s886,Movie,Show Title 886,Director 86,"Actor 0, Actor 1, Actor 2, Actor 3, Actor 4, Actor 5",United States,"January 7, 2013",2011,TV-PG,112 min,"Romance, Sci-Fi",A generic description of the show content.,100.0
s887,TV Show,Show Title 887,Director 87,"Actor 0, Actor 1, Actor 2, Actor 3, Actor 4, Actor 5",South Korea,"January 10, 2025",2024,R,5 Season,Sci-Fi,A generic description of the show content.,100.0
s888,TV Show,Show Title 888,Director 88,"Actor 0, Actor 1, Actor 2, Actor 3, Actor 4",Japan,"January 8, 1992",1990,TV-MA,8 Season,"Documentary, Comedy, Thriller",A generic description of the show content.,70.9
s889,Movie,Show Title 889,Director 89,"Actor 0, Actor 1, Actor 2, Actor 3, Actor 4, Actor 5, Actor 6",India,"January 28, 2019",2019,R,172 min,"Action, Drama",A generic description of the show content.,100.0
s890,TV Show,Show Title 890,Director 90,"Actor 0, Actor 1",United Kingdom,"January 12, 2003",2003,TV-PG,8 Season,"Sci-Fi, Documentary",A generic description of the show content.,86.7
s891,TV Show,Show Title 891,Director 91,"Actor 0, Actor 1, Actor 2, Actor 3, Actor 4",United States,"January 14, 1991",1990,R,8 Season,"Sci-Fi, Action, Romance",A generic description of the show content.,75.1
s892,TV Show,Show Title 892,Director 92,"Actor 0, Actor 1, Actor 2, Actor 3",United Kingdom,"January 5, 2010",2009,TV-PG,6 Season,"Drama, Documentary, Sci-Fi",A generic description of the show content.,100.0
s893,Movie,Show Title 893,Director 93,"Actor 0, Actor 1, Actor 2",United Kingdom,"January 18, 2016",2015,TV-MA,128 min,Thriller,A generic description of the show content.,100.0
s894,Movie,Show Title 894,Director 94,"Actor 0, Actor 1, Actor 2",United States,"January 22, 2020",2018,TV-MA,161 min,"Drama, Comedy",A generic description of the show content.,100.0
s895,Movie,Show Title 895,Director 95,"Actor 0, Actor 1, Actor 2",United Kingdom,"January 13, 2022",2021,TV-MA,83 min,Comedy,A generic description of the show content.,100.0
s896,Movie,Show Title 896,Director 96,"Actor 0, Actor 1, Actor 2, Actor 3, Actor 4, Actor 5, Actor 6, Actor 7, Actor 8, Actor 9",United Kingdom,"January 1, 1994",1994,TV-14,138 min,Action,A generic description of the show content.,84.3
s897,TV Show,Show Title 897,Director 97,"Actor 0, Actor 1, Actor 2, Actor 3, Actor 4, Actor 5, Actor 6, Actor 7",India,"January 16, 2002",2000,PG-13,2 Season,Documentary,A generic description of the show content.,87.5
s898,Movie,Show Title 898,Director 98,"Actor 0, Actor 1, Actor 2, Actor 3, Actor 4, Actor 5, Actor 6, Actor 7",South Korea,"January 27, 2005",2003,R,96 min,Action,A generic description of the show content.,100.0
s899,Movie,Show Title 899,Director 99,"Actor 0, Actor 1, Actor 2, Actor 3, Actor 4, Actor 5, Actor 6, Actor 7, Actor 8",India,"January 9, 2009",2009,PG-13,155 min,Documentary,A generic description of the show content.,93.3
s900,TV Show,Show Title 900,Director 0,"Actor 0, Actor 1, Actor 2, Actor 3, Actor 4, Actor 5, Actor 6",India,"January 19, 2016",2015,R,10 Season,Documentary,A generic description of the show content.,100.0
s901,Movie,Show Title 901,Director 1,"Actor 0, Actor 1, Actor 2, Actor 3, Actor 4, Actor 5, Actor 6, Actor 7",United States,"January 20, 1995",1995,R,116 min,"Thriller, Action, Romance",A generic description of the show content.,79.6
s902,Movie,Show Title 902,Director 2,"Actor 0, Actor 1, Actor 2",Japan,"January 13, 2019",2017,PG-13,138 min,"Romance, Comedy",A generic description of the show content.,100.0
s903,Movie,Show Title 903,Director 3,"Actor 0, Actor 1, Actor 2, Actor 3, Actor 4",Japan,"January 16, 2008",2007,TV-PG,160 min,"Action, Romance, Drama",A generic description of the show content.,100.0
s904,Movie,Show Title 904,Director 4,"Actor 0, Actor 1, Actor 2, Actor 3",United States,"January 9, 1996",1996,TV-PG,144 min,"Thriller, Sci-Fi",A generic description of the show content.,73.9
s905,Movie,Show Title 905,Director 5,"Actor 0, Actor 1, Actor 2, Actor 3, Actor 4",United States,"January 13, 2019",2019,PG-13,128 min,"Romance, Thriller",A generic description of the show content.,100.0
s906,Movie,Show Title 906,Director 6,"Actor 0, Actor 1, Actor 2, Actor 3, Actor 4, Actor 5, Actor 6, Actor 7, Actor 8",United Kingdom,"January 3, 1998",1998,TV-PG,121 min,"Romance, Thriller, Sci-Fi",A generic description of the show content.,71.4
s907,Movie,Show Title 907,Director 7,"Actor 0, Actor 1, Actor 2, Actor 3",United Kingdom,"January 6, 2018",2018,TV-PG,97 min,"Sci-Fi, Action",A generic description of the show content.,100.0
s908,Movie,Show Title 908,Director 8,"Actor 0, Actor 1",United States,"January 22, 2025",2024,TV-MA,174 min,"Comedy, Drama",A generic description of the show content.,100.0
s909,Movie,Show Title 909,Director 9,"Actor 0, Actor 1, Actor 2, Actor 3, Actor 4, Actor 5, Actor 6, Actor 7, Actor 8, Actor 9",United States,"January 21, 1994",1992,PG-13,166 min,"Comedy, Thriller, Drama",A generic description of the show content.,100.0
s910,Movie,Show Title 910,Director 10,"Actor 0, Actor 1, Actor 2, Actor 3, Actor 4, Actor 5, Actor 6, Actor 7",United States,"January 25, 1993",1993,TV-MA,156 min,Drama,A generic description of the show content.,77.4
s911,Movie,Show Title 911,Director 11,"Actor 0, Actor 1, Actor 2, Actor 3, Actor 4, Actor 5, Actor 6",United States,"January 27, 1995",1995,PG-13,82 min,"Drama, Sci-Fi",A generic description of the show content.,83.7
s912,Movie,Show Title 912,Director 12,"Actor 0, Actor 1, Actor 2, Actor 3, Actor 4, Actor 5, Actor 6, Actor 7",Japan,"January 17, 2000",2000,TV-14,172 min,Drama,A generic description of the show content.,93.5
s913,Movie,Show Title 913,Director 13,"Actor 0, Actor 1, Actor 2, Actor 3, Actor 4",United Kingdom,"January 7, 2003",2003,TV-14,149 min,"Thriller, Drama",A generic description of the show content.,100.0
s914,Movie,Show Title 914,Director 14,"Actor 0, Actor 1, Actor 2, Actor 3, Actor 4",United States,"January 3, 2012",2010,TV-14,81 min,"Comedy, Thriller",A generic description of the show content.,94.0
s915,Movie,Show Title 915,Director 15,"Actor 0, Actor 1, Actor 2, Actor 3, Actor 4, Actor 5, Actor 6, Actor 7, Actor 8",United States,"January 4, 1996",1994,TV-PG,107 min,"Action, Documentary",A generic description of the show content.,86.8
s916,TV Show,Show Title 916,Director 16,"Actor 0, Actor 1, Actor 2, Actor 3, Actor 4, Actor 5, Actor 6",South Korea,"January 21, 2002",2000,R,5 Season,Documentary,A generic description of the show content.,90.1
s917,Movie,Show Title 917,Director 17,"Actor 0, Actor 1, Actor 2, Actor 3, Actor 4, Actor 5, Actor 6",South Korea,"January 28, 2000",1998,R,122 min,Romance,A generic description of the show content.,82.9
s918,Movie,Show Title 918,Director 18,"Actor 0, Actor 1, Actor 2, Actor 3, Actor 4, Actor 5, Actor 6, Actor 7, Actor 8, Actor 9",United States,"January 19, 2020",2018,PG-13,128 min,"Romance, Sci-Fi, Comedy",A generic description of the show content.,100.0
s919,Movie,Show Title 919,Director 19,"Actor 0, Actor 1, Actor 2, Actor 3, Actor 4, Actor 5, Actor 6, Actor 7",United Kingdom,"January 25, 1997",1997,TV-PG,119 min,Romance,A generic description of the show content.,83.4
s920,Movie,Show Title 920,Director 20,"Actor 0, Actor 1, Actor 2, Actor 3, Actor 4, Actor 5, Actor 6, Actor 7",United States,"January 7, 2023",2021,PG-13,117 min,Comedy,A generic description of the show content.,100.0
s921,Movie,Show Title 921,Director 21,"Actor 0, Actor 1, Actor 2, Actor 3, Actor 4, Actor 5, Actor 6",United Kingdom,"January 21, 2018",2018,TV-PG,174 min,"Comedy, Action",A generic description of the show content.,100.0
s922,TV Show,Show Title 922,Director 22,"Actor 0, Actor 1, Actor 2, Actor 3, Actor 4, Actor 5, Actor 6",India,"January 11, 2008",2008,TV-MA,1 Season,Sci-Fi,A generic description of the show content.,97.3
s923,Movie,Show Title 923,Director 23,"Actor 0, Actor 1, Actor 2, Actor 3, Actor 4, Actor 5, Actor 6, Actor 7",South Korea,"January 17, 2006",2005,TV-MA,167 min,"Romance, Comedy, Documentary",A generic description of the show content.,86.5
s924,Movie,Show Title 924,Director 24,"Actor 0, Actor 1, Actor 2, Actor 3",United States,"January 7, 2021",2021,PG-13,88 min,Drama,A generic description of the show content.,100.0
s925,Movie,Show Title 925,Director 25,"Actor 0, Actor 1, Actor 2, Actor 3, Actor 4, Actor 5",India,"January 6, 2005",2003,TV-MA,110 min,"Drama, Thriller, Romance",A generic description of the show content.,76.3
s926,Movie,Show Title 926,Director 26,"Actor 0, Actor 1, Actor 2, Actor 3, Actor 4",United States,"January 9, 2006",2005,PG-13,118 min,"Documentary, Thriller",A generic description of the show content.,81.9
s927,TV Show,Show Title 927,Director 27,"Actor 0, Actor 1, Actor 2, Actor 3, Actor 4, Actor 5, Actor 6, Actor 7, Actor 8, Actor 9",United States,"January 20, 2016",2014,R,3 Season,"Thriller, Sci-Fi",A generic description of the show content.,100.0
s928,TV Show,Show Title 928,Director 28,"Actor 0, Actor 1, Actor 2, Actor 3, Actor 4, Actor 5",Japan,"January 20, 2022",2020,TV-MA,1 Season,"Thriller, Drama",A generic description of the show content.,100.0
s929,Movie,Show Title 929,Director 29,"Actor 0, Actor 1, Actor 2, Actor 3, Actor 4, Actor 5, Actor 6, Actor 7",United States,"January 18, 2016",2014,R,139 min,"Thriller, Action",A generic description of the show content.,100.0
s930,Movie,Show Title 930,Director 30,"Actor 0, Actor 1",United States,"January 1, 2022",2020,TV-14,105 min,Comedy,A generic description of the show content.,98.4
s931,Movie,Show Title 931,Director 31,"Actor 0, Actor 1, Actor 2, Actor 3, Actor 4, Actor 5",South Korea,"January 21, 2017",2015,PG-13,175 min,"Thriller, Sci-Fi",A generic description of the show content.,100.0
s932,Movie,Show Title 932,Director 32,"Actor 0, Actor 1, Actor 2, Actor 3, Actor 4, Actor 5",United States,"January 25, 1999",1997,TV-14,129 min,"Comedy, Sci-Fi, Thriller",A generic description of the show content.,63.0
s933,Movie,Show Title 933,Director 33,"Actor 0, Actor 1, Actor 2, Actor 3, Actor 4, Actor 5, Actor 6, Actor 7",India,"January 14, 2015",2013,TV-MA,169 min,Romance,A generic description of the show content.,83.5
s934,Movie,Show Title 934,Director 34,"Actor 0, Actor 1, Actor 2, Actor 3, Actor 4, Actor 5",United States,"January 20, 2014",2013,TV-MA,160 min,"Romance, Drama, Comedy",A generic description of the show content.,100.0
s935,Movie,Show Title 935,Director 35,"Actor 0, Actor 1, Actor 2",United Kingdom,"January 21, 2002",2000,R,81 min,Sci-Fi,A generic description of the show content.,71.0
s936,Movie,Show Title 936,Director 36,"Actor 0, Actor 1, Actor 2, Actor 3",India,"January 27, 1996",1995,TV-14,146 min,Thriller,A generic description of the show content.,60.3
s937,Movie,Show Title 937,Director 37,"Actor 0, Actor 1, Actor 2, Actor 3, Actor 4, Actor 5, Actor 6, Actor 7",India,"January 25, 2026",2024,PG-13,164 min,"Documentary, Action",A generic description of the show content.,100.0
s938,Movie,Show Title 938,Director 38,"Actor 0, Actor 1, Actor 2, Actor 3, Actor 4, Actor 5, Actor 6, Actor 7",India,"January 23, 2013",2012,PG-13,98 min,"Romance, Comedy",A generic description of the show content.,100.0
s939,TV Show,Show Title 939,Director 39,"Actor 0, Actor 1, Actor 2, Actor 3, Actor 4, Actor 5, Actor 6, Actor 7",Japan,"January 17, 1991",1990,TV-14,2 Season,Sci-Fi,A generic description of the show content.,65.4
s940,TV Show,Show Title 940,Director 40,"Actor 0, Actor 1, Actor 2, Actor 3",United States,"January 17, 2013",2013,R,3 Season,"Comedy, Sci-Fi, Thriller",A generic description of the show content.,84.7
s941,Movie,Show Title 941,Director 41,"Actor 0, Actor 1, Actor 2, Actor 3, Actor 4, Actor 5, Actor 6, Actor 7",United States,"January 15, 2004",2002,TV-PG,87 min,"Comedy, Sci-Fi, Action",A generic description of the show content.,100.0
s942,Movie,Show Title 942,Director 42,"Actor 0, Actor 1, Actor 2",United Kingdom,"January 9, 1995",1995,TV-14,117 min,Thriller,A generic description of the show content.,75.0
s943,Movie,Show Title 943,Director 43,"Actor 0, Actor 1",United States,"January 9, 2021",2021,TV-PG,166 min,Drama,A generic description of the show content.,100.0
s944,TV Show,Show Title 944,Director 44,"Actor 0, Actor 1, Actor 2, Actor 3, Actor 4, Actor 5, Actor 6, Actor 7, Actor 8, Actor 9",United States,"January 25, 2004",2003,R,9 Season,Thriller,A generic description of the show content.,100.0
s945,Movie,Show Title 945,Director 45,"Actor 0, Actor 1, Actor 2, Actor 3, Actor 4, Actor 5, Actor 6",United States,"January 27, 2017",2017,TV-14,123 min,"Romance, Action",A generic description of the show content.,100.0
s946,Movie,Show Title 946,Director 46,"Actor 0, Actor 1",United States,"January 15, 1995",1993,R,125 min,"Sci-Fi, Drama",A generic description of the show content.,53.2
s947,TV Show,Show Title 947,Director 47,"Actor 0, Actor 1, Actor 2, Actor 3, Actor 4",Japan,"January 12, 1999",1998,TV-PG,1 Season,"Drama, Documentary, Action",A generic description of the show content.,75.1
s948,Movie,Show Title 948,Director 48,"Actor 0, Actor 1",Japan,"January 21, 2023",2022,PG-13,132 min,"Comedy, Drama, Action",A generic description of the show content.,100.0
s949,TV Show,Show Title 949,Director 49,"Actor 0, Actor 1, Actor 2",United Kingdom,"January 12, 2019",2018,R,4 Season,"Thriller, Sci-Fi, Documentary",A generic description of the show content.,100.0
s950,TV Show,Show Title 950,Director 50,"Actor 0, Actor 1, Actor 2, Actor 3",Japan,"January 28, 1998",1996,TV-PG,7 Season,"Documentary, Comedy",A generic description of the show content.,69.6
s951,TV Show,Show Title 951,Director 51,"Actor 0, Actor 1, Actor 2, Actor 3, Actor 4, Actor 5",United Kingdom,"January 27, 1994",1992,TV-PG,3 Season,"Sci-Fi, Drama",A generic description of the show content.,78.5
s952,TV Show,Show Title 952,Director 52,"Actor 0, Actor 1, Actor 2, Actor 3, Actor 4",India,"January 8, 2018",2018,TV-MA,2 Season,"Romance, Documentary",A generic description of the show content.,94.5
s953,TV Show,Show Title 953,Director 53,"Actor 0, Actor 1, Actor 2, Actor 3",United Kingdom,"January 11, 1996",1995,TV-14,2 Season,"Romance, Drama",A generic description of the show content.,89.9
s954,Movie,Show Title 954,Director 54,"Actor 0, Actor 1, Actor 2, Actor 3",United States,"January 18, 2022",2020,R,165 min,Romance,A generic description of the show content.,100.0
s955,Movie,Show Title 955,Director 55,"Actor 0, Actor 1, Actor 2, Actor 3, Actor 4, Actor 5, Actor 6, Actor 7",United Kingdom,"January 23, 2006",2004,R,153 min,"Drama, Romance, Action",A generic description of the show content.,100.0
s956,Movie,Show Title 956,Director 56,"Actor 0, Actor 1, Actor 2",United Kingdom,"January 10, 2017",2017,PG-13,109 min,Action,A generic description of the show content.,100.0
s957,Movie,Show Title 957,Director 57,"Actor 0, Actor 1, Actor 2, Actor 3, Actor 4, Actor 5, Actor 6",United Kingdom,"January 5, 2003",2002,R,175 min,Documentary,A generic description of the show content.,91.6
s958,Movie,Show Title 958,Director 58,"Actor 0, Actor 1, Actor 2, Actor 3, Actor 4, Actor 5, Actor 6",United States,"January 25, 1994",1993,TV-MA,155 min,"Comedy, Thriller, Romance",A generic description of the show content.,79.2
s959,Movie,Show Title 959,Director 59,"Actor 0, Actor 1, Actor 2, Actor 3, Actor 4, Actor 5, Actor 6, Actor 7, Actor 8",United Kingdom,"January 11, 2004",2004,TV-14,93 min,"Drama, Documentary",A generic description of the show content.,100.0
s960,TV Show,Show Title 960,Director 60,"Actor 0, Actor 1, Actor 2, Actor 3, Actor 4, Actor 5, Actor 6",India,"January 10, 2021",2019,PG-13,3 Season,"Action, Comedy, Drama",A generic description of the show content.,100.0
s961,Movie,Show Title 961,Director 61,"Actor 0, Actor 1, Actor 2, Actor 3, Actor 4, Actor 5",Japan,"January 23, 2021",2020,PG-13,160 min,Thriller,A generic description of the show content.,100.0
s962,TV Show,Show Title 962,Director 62,"Actor 0, Actor 1, Actor 2, Actor 3, Actor 4, Actor 5, Actor 6, Actor 7, Actor 8",United States,"January 24, 2004",2003,TV-14,4 Season,"Romance, Drama, Comedy",A generic description of the show content.,99.5
s963,TV Show,Show Title 963,Director 63,"Actor 0, Actor 1, Actor 2, Actor 3, Actor 4, Actor 5, Actor 6, Actor 7, Actor 8",United Kingdom,"January 12, 2001",2000,R,1 Season,"Thriller, Action, Sci-Fi",A generic description of the show content.,100.0
s964,Movie,Show Title 964,Director 64,"Actor 0, Actor 1, Actor 2, Actor 3, Actor 4, Actor 5, Actor 6, Actor 7, Actor 8, Actor 9",United Kingdom,"January 13, 2008",2008,TV-MA,169 min,Romance,A generic description of the show content.,100.0
s965,Movie,Show Title 965,Director 65,"Actor 0, Actor 1, Actor 2, Actor 3",United Kingdom,"January 19, 1993",1993,R,170 min,"Thriller, Romance",A generic description of the show content.,81.9
s966,Movie,Show Title 966,Director 66,"Actor 0, Actor 1, Actor 2, Actor 3, Actor 4",United States,"January 24, 2001",1999,PG-13,106 min,Sci-Fi,A generic description of the show content.,71.7
s967,Movie,Show Title 967,Director 67,"Actor 0, Actor 1, Actor 2, Actor 3, Actor 4, Actor 5, Actor 6, Actor 7",Japan,"January 22, 1996",1996,PG-13,166 min,Thriller,A generic description of the show content.,98.0
s968,Movie,Show Title 968,Director 68,"Actor 0, Actor 1, Actor 2, Actor 3, Actor 4, Actor 5, Actor 6",South Korea,"January 19, 2002",2001,TV-MA,86 min,Documentary,A generic description of the show content.,85.1
s969,Movie,Show Title 969,Director 69,"Actor 0, Actor 1, Actor 2, Actor 3, Actor 4, Actor 5, Actor 6, Actor 7, Actor 8",India,"January 10, 1994",1992,TV-PG,95 min,Thriller,A generic description of the show content.,61.7
s970,TV Show,Show Title 970,Director 70,"Actor 0, Actor 1, Actor 2, Actor 3, Actor 4, Actor 5, Actor 6, Actor 7",United Kingdom,"January 9, 2016",2014,R,2 Season,"Sci-Fi, Romance",A generic description of the show content.,100.0
s971,Movie,Show Title 971,Director 71,"Actor 0, Actor 1, Actor 2, Actor 3, Actor 4, Actor 5, Actor 6, Actor 7, Actor 8, Actor 9",United States,"January 8, 1995",1995,TV-PG,95 min,"Romance, Sci-Fi",A generic description of the show content.,75.7
s972,Movie,Show Title 972,Director 72,"Actor 0, Actor 1, Actor 2, Actor 3, Actor 4, Actor 5, Actor 6, Actor 7",India,"January 16, 2009",2007,R,168 min,"Drama, Documentary, Comedy",A generic description of the show content.,100.0
s973,Movie,Show Title 973,Director 73,"Actor 0, Actor 1, Actor 2, Actor 3, Actor 4, Actor 5, Actor 6, Actor 7",United States,"January 27, 2012",2010,PG-13,88 min,"Sci-Fi, Documentary, Comedy",A generic description of the show content.,94.5
s974,Movie,Show Title 974,Director 74,"Actor 0, Actor 1, Actor 2, Actor 3, Actor 4, Actor 5, Actor 6, Actor 7, Actor 8, Actor 9",Japan,"January 23, 2025",2023,PG-13,142 min,Documentary,A generic description of the show content.,100.0
s975,TV Show,Show Title 975,Director 75,"Actor 0, Actor 1, Actor 2, Actor 3, Actor 4, Actor 5, Actor 6, Actor 7, Actor 8, Actor 9",United States,"January 15, 1998",1997,PG-13,3 Season,"Romance, Comedy, Drama",A generic description of the show content.,71.6
s976,Movie,Show Title 976,Director 76,"Actor 0, Actor 1, Actor 2",India,"January 17, 2001",2000,TV-14,91 min,"Action, Drama, Romance",A generic description of the show content.,76.5
s977,TV Show,Show Title 977,Director 77,"Actor 0, Actor 1, Actor 2, Actor 3, Actor 4, Actor 5",United States,"January 22, 1992",1990,R,4 Season,"Drama, Documentary",A generic description of the show content.,47.8
s978,Movie,Show Title 978,Director 78,"Actor 0, Actor 1, Actor 2, Actor 3, Actor 4, Actor 5, Actor 6, Actor 7, Actor 8, Actor 9",India,"January 7, 2012",2010,PG-13,146 min,"Documentary, Sci-Fi",A generic description of the show content.,89.2
s979,Movie,Show Title 979,Director 79,"Actor 0, Actor 1, Actor 2, Actor 3, Actor 4",United States,"January 5, 1994",1992,TV-PG,104 min,Action,A generic description of the show content.,80.6
s980,Movie,Show Title 980,Director 80,"Actor 0, Actor 1, Actor 2, Actor 3, Actor 4, Actor 5",United States,"January 9, 1999",1998,TV-MA,173 min,"Thriller, Drama, Documentary",A generic description of the show content.,91.9
s981,Movie,Show Title 981,Director 81,"Actor 0, Actor 1, Actor 2, Actor 3, Actor 4, Actor 5, Actor 6, Actor 7, Actor 8, Actor 9",United States,"January 7, 2006",2006,TV-14,166 min,"Romance, Comedy",A generic description of the show content.,100.0
s982,TV Show,Show Title 982,Director 82,"Actor 0, Actor 1, Actor 2, Actor 3",United Kingdom,"January 14, 2002",2002,TV-14,6 Season,"Romance, Sci-Fi, Documentary",A generic description of the show content.,71.3
s983,TV Show,Show Title 983,Director 83,"Actor 0, Actor 1, Actor 2, Actor 3, Actor 4, Actor 5",India,"January 4, 1993",1991,PG-13,10 Season,Drama,A generic description of the show content.,73.0
s984,Movie,Show Title 984,Director 84,"Actor 0, Actor 1, Actor 2, Actor 3, Actor 4, Actor 5, Actor 6",India,"January 25, 2012",2011,TV-MA,161 min,Action,A generic description of the show content.,100.0
s985,TV Show,Show Title 985,Director 85,"Actor 0, Actor 1, Actor 2",United States,"January 26, 1990",1990,TV-MA,2 Season,"Comedy, Thriller",A generic description of the show content.,49.4
s986,Movie,Show Title 986,Director 86,"Actor 0, Actor 1, Actor 2, Actor 3, Actor 4, Actor 5",Japan,"January 18, 2022",2021,TV-PG,92 min,"Action, Romance, Documentary",A generic description of the show content.,100.0
s987,Movie,Show Title 987,Director 87,"Actor 0, Actor 1, Actor 2, Actor 3, Actor 4, Actor 5, Actor 6, Actor 7, Actor 8, Actor 9",United States,"January 18, 2012",2010,R,176 min,"Comedy, Action",A generic description of the show content.,100.0
s988,Movie,Show Title 988,Director 88,"Actor 0, Actor 1, Actor 2, Actor 3",United States,"January 13, 1992",1990,TV-14,167 min,"Romance, Comedy, Sci-Fi",A generic description of the show content.,60.8
s989,Movie,Show Title 989,Director 89,"Actor 0, Actor 1, Actor 2, Actor 3, Actor 4, Actor 5, Actor 6, Actor 7",United Kingdom,"January 23, 2014",2013,TV-MA,170 min,Romance,A generic description of the show content.,100.0
s990,Movie,Show Title 990,Director 90,"Actor 0, Actor 1, Actor 2, Actor 3, Actor 4, Actor 5, Actor 6, Actor 7, Actor 8, Actor 9",United States,"January 23, 2019",2019,TV-14,144 min,"Action, Thriller",A generic description of the show content.,100.0
s991,Movie,Show Title 991,Director 91,"Actor 0, Actor 1, Actor 2",United States,"January 3, 2011",2009,TV-MA,132 min,"Sci-Fi, Drama",A generic description of the show content.,74.1
s992,TV Show,Show Title 992,Director 92,"Actor 0, Actor 1",United States,"January 14, 1995",1993,TV-PG,2 Season,"Action, Documentary, Thriller",A generic description of the show content.,66.0
s993,TV Show,Show Title 993,Director 93,"Actor 0, Actor 1, Actor 2, Actor 3, Actor 4, Actor 5, Actor 6, Actor 7",United States,"January 1, 2023",2021,TV-MA,9 Season,"Romance, Documentary, Drama",A generic description of the show content.,100.0
s994,TV Show,Show Title 994,Director 94,"Actor 0, Actor 1",United Kingdom,"January 20, 2018",2017,TV-MA,9 Season,"Action, Comedy, Documentary",A generic description of the show content.,94.5
s995,Movie,Show Title 995,Director 95,"Actor 0, Actor 1, Actor 2, Actor 3, Actor 4, Actor 5, Actor 6",Japan,"January 27, 2023",2023,TV-PG,108 min,Drama,A generic description of the show content.,100.0
s996,Movie,Show Title 996,Director 96,"Actor 0, Actor 1, Actor 2",United States,"January 11, 2023",2021,TV-MA,128 min,Action,A generic description of the show content.,100.0
s997,TV Show,Show Title 997,Director 97,"Actor 0, Actor 1, Actor 2, Actor 3, Actor 4, Actor 5",Japan,"January 7, 1997",1997,TV-PG,5 Season,"Thriller, Action",A generic description of the show content.,88.9
s998,Movie,Show Title 998,Director 98,"Actor 0, Actor 1",South Korea,"January 12, 2022",2022,TV-PG,84 min,"Documentary, Thriller",A generic description of the show content.,100.0
s999,Movie,Show Title 999,Director 99,"Actor 0, Actor 1, Actor 2, Actor 3, Actor 4, Actor 5, Actor 6, Actor 7",United States,"January 12, 1996",1996,PG-13,80 min,"Romance, Comedy",A generic description of the show content.,85.7
s1000,Movie,Show Title 1000,Director 0,"Actor 0, Actor 1, Actor 2",United States,"January 16, 2023",2023,TV-MA,145 min,Thriller,A generic description of the show content.,100.0
s1001,TV Show,Show Title 1001,Director 1,"Actor 0, Actor 1, Actor 2, Actor 3, Actor 4, Actor 5, Actor 6, Actor 7",United States,"January 6, 2022",2020,TV-14,7 Season,"Action, Sci-Fi",A generic description of the show content.,100.0
s1002,Movie,Show Title 1002,Director 2,"Actor 0, Actor 1, Actor 2, Actor 3, Actor 4, Actor 5, Actor 6, Actor 7",India,"January 1, 2019",2018,TV-MA,100 min,Action,A generic description of the show content.,100.0
s1003,Movie,Show Title 1003,Director 3,"Actor 0, Actor 1",United States,"January 6, 2000",1998,TV-MA,130 min,"Romance, Action",A generic description of the show content.,69.5
s1004,TV Show,Show Title 1004,Director 4,"Actor 0, Actor 1, Actor 2, Actor 3, Actor 4, Actor 5, Actor 6, Actor 7, Actor 8",South Korea,"January 26, 2009",2007,TV-MA,2 Season,"Thriller, Documentary",A generic description of the show content.,100.0
s1005,Movie,Show Title 1005,Director 5,"Actor 0, Actor 1, Actor 2",United Kingdom,"January 4, 2015",2015,TV-MA,144 min,"Romance, Thriller, Comedy",A generic description of the show content.,100.0
s1006,Movie,Show Title 1006,Director 6,"Actor 0, Actor 1",India,"January 14, 2006",2005,TV-14,86 min,"Sci-Fi, Action, Thriller",A generic description of the show content.,95.5
s1007,Movie,Show Title 1007,Director 7,"Actor 0, Actor 1, Actor 2, Actor 3",United States,"January 8, 2018",2017,PG-13,111 min,"Comedy, Romance, Documentary",A generic description of the show content.,100.0
s1008,TV Show,Show Title 1008,Director 8,"Actor 0, Actor 1, Actor 2",South Korea,"January 23, 2007",2005,TV-PG,7 Season,Thriller,A generic description of the show content.,94.0
s1009,Movie,Show Title 1009,Director 9,"Actor 0, Actor 1, Actor 2, Actor 3, Actor 4, Actor 5, Actor 6, Actor 7",United States,"January 2, 2000",1999,TV-MA,109 min,Comedy,A generic description of the show content.,79.1
s1010,TV Show,Show Title 1010,Director 10,"Actor 0, Actor 1, Actor 2, Actor 3, Actor 4, Actor 5, Actor 6, Actor 7",India,"January 17, 2003",2002,TV-MA,2 Season,Thriller,A generic description of the show content.,100.0
s1011,Movie,Show Title 1011,Director 11,"Actor 0, Actor 1, Actor 2, Actor 3, Actor 4, Actor 5",India,"January 4, 1994",1993,TV-14,145 min,"Romance, Drama",A generic description of the show content.,78.5
s1012,Movie,Show Title 1012,Director 12,"Actor 0, Actor 1",United States,"January 1, 2016",2016,TV-14,111 min,"Drama, Comedy",A generic description of the show content.,100.0
s1013,Movie,Show Title 1013,Director 13,"Actor 0, Actor 1, Actor 2, Actor 3, Actor 4, Actor 5, Actor 6, Actor 7, Actor 8",India,"January 12, 1997",1996,TV-14,135 min,Action,A generic description of the show content.,80.1
s1014,Movie,Show Title 1014,Director 14,"Actor 0, Actor 1, Actor 2, Actor 3, Actor 4, Actor 5, Actor 6, Actor 7, Actor 8, Actor 9",United Kingdom,"January 20, 1999",1998,TV-MA,122 min,"Romance, Action",A generic description of the show content.,100.0
s1015,Movie,Show Title 1015,Director 15,"Actor 0, Actor 1, Actor 2",United States,"January 2, 2016",2014,TV-MA,91 min,Comedy,A generic description of the show content.,99.0
s1016,Movie,Show Title 1016,Director 16,"Actor 0, Actor 1, Actor 2, Actor 3, Actor 4, Actor 5, Actor 6, Actor 7, Actor 8",India,"January 25, 1996",1996,TV-PG,89 min,"Documentary, Action, Romance",A generic description of the show content.,80.5
s1017,TV Show,Show Title 1017,Director 17,"Actor 0, Actor 1, Actor 2, Actor 3, Actor 4, Actor 5, Actor 6",United States,"January 12, 2003",2002,PG-13,7 Season,"Romance, Action, Documentary",A generic description of the show content.,87.2
s1018,TV Show,Show Title 1018,Director 18,"Actor 0, Actor 1, Actor 2, Actor 3, Actor 4, Actor 5",United States,"January 23, 2016",2016,TV-14,9 Season,"Sci-Fi, Drama, Comedy",A generic description of the show content.,100.0
s1019,Movie,Show Title 1019,Director 19,"Actor 0, Actor 1, Actor 2, Actor 3, Actor 4, Actor 5, Actor 6, Actor 7, Actor 8, Actor 9",India,"January 28, 2004",2002,PG-13,174 min,"Thriller, Romance",A generic description of the show content.,97.2
s1020,Movie,Show Title 1020,Director 20,"Actor 0, Actor 1, Actor 2, Actor 3, Actor 4, Actor 5",United Kingdom,"January 7, 2014",2014,PG-13,151 min,"Thriller, Documentary",A generic description of the show content.,100.0
s1021,Movie,Show Title 1021,Director 21,"Actor 0, Actor 1, Actor 2, Actor 3, Actor 4, Actor 5, Actor 6, Actor 7, Actor 8, Actor 9",United States,"January 9, 1991",1990,TV-MA,145 min,"Documentary, Romance",A generic description of the show content.,69.3
s1022,Movie,Show Title 1022,Director 22,"Actor 0, Actor 1, Actor 2, Actor 3, Actor 4, Actor 5, Actor 6, Actor 7, Actor 8, Actor 9",United States,"January 8, 1998",1997,PG-13,101 min,Drama,A generic description of the show content.,90.3
s1023,Movie,Show Title 1023,Director 23,"Actor 0, Actor 1, Actor 2, Actor 3, Actor 4",South Korea,"January 27, 2007",2007,TV-PG,97 min,"Sci-Fi, Drama",A generic description of the show content.,100.0
s1024,Movie,Show Title 1024,Director 24,"Actor 0, Actor 1, Actor 2, Actor 3, Actor 4, Actor 5, Actor 6, Actor 7, Actor 8, Actor 9",United Kingdom,"January 9, 2015",2013,TV-MA,121 min,Romance,A generic description of the show content.,100.0
s1025,Movie,Show Title 1025,Director 25,"Actor 0, Actor 1, Actor 2, Actor 3, Actor 4",United Kingdom,"January 24, 2011",2010,TV-MA,87 min,"Sci-Fi, Drama, Action",A generic description of the show content.,100.0
s1026,Movie,Show Title 1026,Director 26,"Actor 0, Actor 1, Actor 2, Actor 3, Actor 4, Actor 5, Actor 6, Actor 7, Actor 8, Actor 9",United States,"January 7, 1997",1996,TV-MA,172 min,"Romance, Thriller, Action",A generic description of the show content.,89.4
s1027,Movie,Show Title 1027,Director 27,"Actor 0, Actor 1, Actor 2, Actor 3, Actor 4, Actor 5, Actor 6, Actor 7",United States,"January 12, 2015",2015,R,99 min,"Comedy, Romance",A generic description of the show content.,100.0
s1028,Movie,Show Title 1028,Director 28,"Actor 0, Actor 1, Actor 2, Actor 3, Actor 4, Actor 5, Actor 6, Actor 7, Actor 8",United States,"January 24, 2001",2001,TV-14,102 min,Documentary,A generic description of the show content.,95.6
s1029,Movie,Show Title 1029,Director 29,"Actor 0, Actor 1, Actor 2, Actor 3",United States,"January 3, 2002",2001,TV-MA,130 min,"Documentary, Comedy, Drama",A generic description of the show content.,74.3
s1030,Movie,Show Title 1030,Director 30,"Actor 0, Actor 1, Actor 2",United Kingdom,"January 13, 2016",2015,PG-13,92 min,"Documentary, Comedy, Drama",A generic description of the show content.,100.0
s1031,Movie,Show Title 1031,Director 31,"Actor 0, Actor 1, Actor 2",United States,"January 9, 1992",1992,TV-PG,96 min,Sci-Fi,A generic description of the show content.,47.3
s1032,Movie,Show Title 1032,Director 32,"Actor 0, Actor 1, Actor 2, Actor 3, Actor 4",South Korea,"January 5, 1997",1996,TV-PG,149 min,"Sci-Fi, Action, Drama",A generic description of the show content.,83.0
s1033,TV Show,Show Title 1033,Director 33,"Actor 0, Actor 1",Japan,"January 18, 2011",2009,TV-14,6 Season,"Comedy, Sci-Fi",A generic description of the show content.,94.0
s1034,Movie,Show Title 1034,Director 34,"Actor 0, Actor 1, Actor 2, Actor 3, Actor 4, Actor 5, Actor 6, Actor 7",United States,"January 5, 1992",1992,TV-MA,93 min,"Action, Drama, Documentary",A generic description of the show content.,74.2
s1035,Movie,Show Title 1035,Director 35,"Actor 0, Actor 1, Actor 2",India,"January 16, 1999",1999,PG-13,125 min,"Action, Comedy, Thriller",A generic description of the show content.,95.2
s1036,Movie,Show Title 1036,Director 36,"Actor 0, Actor 1, Actor 2, Actor 3, Actor 4, Actor 5, Actor 6",South Korea,"January 4, 2009",2008,PG-13,125 min,Documentary,A generic description of the show content.,83.7
s1037,TV Show,Show Title 1037,Director 37,"Actor 0, Actor 1, Actor 2, Actor 3, Actor 4, Actor 5, Actor 6, Actor 7",United Kingdom,"January 5, 2003",2001,TV-14,7 Season,"Action, Documentary, Comedy",A generic description of the show content.,77.9
s1038,Movie,Show Title 1038,Director 38,"Actor 0, Actor 1, Actor 2, Actor 3, Actor 4, Actor 5",United States,"January 26, 1998",1996,PG-13,114 min,"Romance, Action",A generic description of the show content.,83.2
s1039,TV Show,Show Title 1039,Director 39,"Actor 0, Actor 1, Actor 2, Actor 3, Actor 4, Actor 5, Actor 6, Actor 7, Actor 8",Japan,"January 24, 2000",1999,PG-13,3 Season,"Comedy, Thriller",A generic description of the show content.,97.0
s1040,Movie,Show Title 1040,Director 40,"Actor 0, Actor 1, Actor 2, Actor 3",India,"January 6, 2008",2007,TV-14,98 min,Action,A generic description of the show content.,100.0
s1041,Movie,Show Title 1041,Director 41,"Actor 0, Actor 1, Actor 2, Actor 3, Actor 4, Actor 5, Actor 6, Actor 7",India,"January 14, 2018",2016,R,157 min,"Action, Comedy, Romance",A generic description of the show content.,100.0
s1042,Movie,Show Title 1042,Director 42,"Actor 0, Actor 1, Actor 2, Actor 3, Actor 4, Actor 5, Actor 6, Actor 7",India,"January 17, 2026",2024,TV-MA,109 min,"Drama, Documentary",A generic description of the show content.,100.0
s1043,TV Show,Show Title 1043,Director 43,"Actor 0, Actor 1, Actor 2, Actor 3, Actor 4, Actor 5, Actor 6, Actor 7, Actor 8, Actor 9",United States,"January 16, 1990",1990,PG-13,4 Season,Action,A generic description of the show content.,79.6
s1044,Movie,Show Title 1044,Director 44,"Actor 0, Actor 1, Actor 2, Actor 3, Actor 4, Actor 5, Actor 6, Actor 7",United States,"January 8, 1998",1998,TV-MA,117 min,"Comedy, Documentary",A generic description of the show content.,81.3
s1045,Movie,Show Title 1045,Director 45,"Actor 0, Actor 1, Actor 2, Actor 3, Actor 4, Actor 5, Actor 6",United States,"January 2, 2001",1999,PG-13,128 min,"Drama, Romance, Thriller",A generic description of the show content.,96.3
s1046,Movie,Show Title 1046,Director 46,"Actor 0, Actor 1, Actor 2, Actor 3",United States,"January 3, 2000",2000,PG-13,83 min,Action,A generic description of the show content.,89.5
s1047,Movie,Show Title 1047,Director 47,"Actor 0, Actor 1, Actor 2, Actor 3",Japan,"January 24, 2018",2016,TV-14,99 min,Thriller,A generic description of the show content.,86.2
s1048,Movie,Show Title 1048,Director 48,"Actor 0, Actor 1, Actor 2",United Kingdom,"January 5, 2018",2018,PG-13,180 min,"Romance, Drama, Action",A generic description of the show content.,100.0
s1049,Movie,Show Title 1049,Director 49,"Actor 0, Actor 1, Actor 2, Actor 3, Actor 4, Actor 5, Actor 6, Actor 7, Actor 8",United States,"January 18, 2002",2000,TV-14,81 min,"Sci-Fi, Thriller",A generic description of the show content.,100.0
s1050,TV Show,Show Title 1050,Director 50,"Actor 0, Actor 1, Actor 2",India,"January 17, 2005",2004,TV-MA,7 Season,Action,A generic description of the show content.,80.7
s1051,TV Show,Show Title 1051,Director 51,"Actor 0, Actor 1, Actor 2, Actor 3, Actor 4, Actor 5, Actor 6, Actor 7, Actor 8, Actor 9",India,"January 20, 1993",1993,R,4 Season,"Comedy, Romance",A generic description of the show content.,83.5
s1052,Movie,Show Title 1052,Director 52,"Actor 0, Actor 1, Actor 2, Actor 3, Actor 4, Actor 5, Actor 6",United Kingdom,"January 21, 2016",2015,TV-MA,128 min,Drama,A generic description of the show content.,100.0
s1053,Movie,Show Title 1053,Director 53,"Actor 0, Actor 1, Actor 2, Actor 3, Actor 4, Actor 5",United States,"January 6, 2015",2013,PG-13,157 min,"Drama, Comedy",A generic description of the show content.,100.0
s1054,Movie,Show Title 1054,Director 54,"Actor 0, Actor 1, Actor 2, Actor 3, Actor 4",India,"January 9, 2009",2009,TV-PG,104 min,"Comedy, Romance, Drama",A generic description of the show content.,93.0
s1055,Movie,Show Title 1055,Director 55,"Actor 0, Actor 1, Actor 2",India,"January 10, 2020",2020,TV-14,85 min,Action,A generic description of the show content.,100.0
s1056,TV Show,Show Title 1056,Director 56,"Actor 0, Actor 1, Actor 2, Actor 3, Actor 4, Actor 5, Actor 6",South Korea,"January 5, 2024",2022,PG-13,4 Season,"Sci-Fi, Thriller",A generic description of the show content.,100.0
s1057,Movie,Show Title 1057,Director 57,"Actor 0, Actor 1, Actor 2, Actor 3, Actor 4, Actor 5, Actor 6, Actor 7",Japan,"January 16, 2024",2022,PG-13,92 min,"Sci-Fi, Comedy, Drama",A generic description of the show content.,100.0
s1058,Movie,Show Title 1058,Director 58,"Actor 0, Actor 1, Actor 2, Actor 3, Actor 4",United States,"January 26, 2021",2019,TV-MA,90 min,"Drama, Romance, Comedy",A generic description of the show content.,100.0
s1059,TV Show,Show Title 1059,Director 59,"Actor 0, Actor 1, Actor 2, Actor 3, Actor 4, Actor 5, Actor 6",United States,"January 15, 2022",2022,TV-14,9 Season,"Documentary, Romance, Sci-Fi",A generic description of the show content.,100.0
s1060,Movie,Show Title 1060,Director 60,"Actor 0, Actor 1, Actor 2, Actor 3, Actor 4",United Kingdom,"January 7, 2019",2017,TV-PG,85 min,"Sci-Fi, Romance, Thriller",A generic description of the show content.,100.0
s1061,Movie,Show Title 1061,Director 61,"Actor 0, Actor 1, Actor 2, Actor 3, Actor 4, Actor 5",United States,"January 18, 2021",2021,R,92 min,Comedy,A generic description of the show content.,85.0
s1062,Movie,Show Title 1062,Director 62,"Actor 0, Actor 1, Actor 2, Actor 3, Actor 4, Actor 5, Actor 6",United States,"January 12, 2008",2008,PG-13,100 min,Action,A generic description of the show content.,100.0
s1063,Movie,Show Title 1063,Director 63,"Actor 0, Actor 1, Actor 2, Actor 3",United Kingdom,"January 4, 2008",2006,R,140 min,"Sci-Fi, Thriller",A generic description of the show content.,69.6
s1064,Movie,Show Title 1064,Director 64,"Actor 0, Actor 1, Actor 2, Actor 3, Actor 4, Actor 5, Actor 6",Japan,"January 17, 2017",2015,TV-14,132 min,"Romance, Comedy, Thriller",A generic description of the show content.,100.0
s1065,Movie,Show Title 1065,Director 65,"Actor 0, Actor 1",United Kingdom,"January 24, 2022",2022,TV-PG,137 min,"Romance, Drama",A generic description of the show content.,100.0
s1066,Movie,Show Title 1066,Director 66,"Actor 0, Actor 1, Actor 2, Actor 3, Actor 4, Actor 5, Actor 6, Actor 7",Japan,"January 28, 2008",2008,TV-MA,128 min,Documentary,A generic description of the show content.,85.1
s1067,Movie,Show Title 1067,Director 67,"Actor 0, Actor 1, Actor 2, Actor 3, Actor 4, Actor 5, Actor 6, Actor 7, Actor 8, Actor 9",India,"January 27, 1996",1995,PG-13,124 min,"Thriller, Romance",A generic description of the show content.,94.1
s1068,Movie,Show Title 1068,Director 68,"Actor 0, Actor 1, Actor 2, Actor 3, Actor 4, Actor 5, Actor 6",United Kingdom,"January 3, 2016",2015,TV-14,178 min,"Comedy, Thriller",A generic description of the show content.,100.0
s1069,TV Show,Show Title 1069,Director 69,"Actor 0, Actor 1, Actor 2, Actor 3, Actor 4, Actor 5, Actor 6, Actor 7, Actor 8, Actor 9",India,"January 5, 2021",2020,TV-MA,2 Season,"Thriller, Drama",A generic description of the show content.,100.0
s1070,Movie,Show Title 1070,Director 70,"Actor 0, Actor 1, Actor 2, Actor 3, Actor 4, Actor 5, Actor 6, Actor 7",United States,"January 16, 1992",1992,PG-13,156 min,"Drama, Action",A generic description of the show content.,78.5
s1071,Movie,Show Title 1071,Director 71,"Actor 0, Actor 1, Actor 2",United States,"January 5, 2017",2017,TV-14,114 min,"Romance, Comedy",A generic description of the show content.,100.0
s1072,Movie,Show Title 1072,Director 72,"Actor 0, Actor 1, Actor 2, Actor 3",United States,"January 27, 2018",2018,PG-13,133 min,"Comedy, Romance, Action",A generic description of the show content.,100.0
s1073,TV Show,Show Title 1073,Director 73,"Actor 0, Actor 1, Actor 2, Actor 3, Actor 4, Actor 5, Actor 6, Actor 7",India,"January 16, 2010",2009,TV-PG,3 Season,Action,A generic description of the show content.,91.7
s1074,Movie,Show Title 1074,Director 74,"Actor 0, Actor 1, Actor 2, Actor 3, Actor 4, Actor 5, Actor 6, Actor 7, Actor 8, Actor 9",United States,"January 26, 2019",2017,TV-MA,125 min,"Documentary, Thriller, Drama",A generic description of the show content.,100.0
s1075,Movie,Show Title 1075,Director 75,"Actor 0, Actor 1",United Kingdom,"January 5, 2000",1999,TV-MA,121 min,"Sci-Fi, Romance, Action",A generic description of the show content.,72.6
s1076,Movie,Show Title 1076,Director 76,"Actor 0, Actor 1, Actor 2, Actor 3",United States,"January 21, 2017",2016,TV-PG,113 min,"Romance, Drama, Thriller",A generic description of the show content.,91.4
s1077,Movie,Show Title 1077,Director 77,"Actor 0, Actor 1, Actor 2, Actor 3, Actor 4, Actor 5, Actor 6, Actor 7",United States,"January 7, 2003",2002,TV-MA,133 min,"Documentary, Comedy, Sci-Fi",A generic description of the show content.,84.7
s1078,TV Show,Show Title 1078,Director 78,"Actor 0, Actor 1, Actor 2, Actor 3, Actor 4, Actor 5",South Korea,"January 17, 1990",1990,R,6 Season,"Drama, Action",A generic description of the show content.,87.0
s1079,Movie,Show Title 1079,Director 79,"Actor 0, Actor 1, Actor 2, Actor 3, Actor 4, Actor 5, Actor 6, Actor 7",India,"January 17, 2017",2016,PG-13,125 min,"Sci-Fi, Documentary",A generic description of the show content.,100.0
s1080,TV Show,Show Title 1080,Director 80,"Actor 0, Actor 1, Actor 2, Actor 3, Actor 4, Actor 5, Actor 6, Actor 7",India,"January 13, 2014",2013,R,3 Season,"Documentary, Comedy, Sci-Fi",A generic description of the show content.,100.0
s1081,Movie,Show Title 1081,Director 81,"Actor 0, Actor 1",United Kingdom,"January 20, 1997",1996,PG-13,91 min,Drama,A generic description of the show content.,69.5
s1082,Movie,Show Title 1082,Director 82,"Actor 0, Actor 1",United Kingdom,"January 22, 2025",2024,R,92 min,"Thriller, Documentary, Romance",A generic description of the show content.,100.0
s1083,Movie,Show Title 1083,Director 83,"Actor 0, Actor 1, Actor 2, Actor 3, Actor 4, Actor 5, Actor 6, Actor 7, Actor 8",United Kingdom,"January 4, 2015",2014,R,94 min,Sci-Fi,A generic description of the show content.,100.0
s1084,Movie,Show Title 1084,Director 84,"Actor 0, Actor 1, Actor 2, Actor 3, Actor 4, Actor 5, Actor 6, Actor 7, Actor 8, Actor 9",Japan,"January 10, 2016",2015,TV-14,80 min,"Sci-Fi, Comedy",A generic description of the show content.,100.0
s1085,Movie,Show Title 1085,Director 85,"Actor 0, Actor 1, Actor 2, Actor 3, Actor 4, Actor 5, Actor 6, Actor 7",South Korea,"January 2, 2016",2016,PG-13,166 min,Drama,A generic description of the show content.,100.0
s1086,Movie,Show Title 1086,Director 86,"Actor 0, Actor 1, Actor 2, Actor 3, Actor 4, Actor 5, Actor 6, Actor 7",United States,"January 8, 2025",2023,R,174 min,"Action, Sci-Fi, Comedy",A generic description of the show content.,100.0
s1087,Movie,Show Title 1087,Director 87,"Actor 0, Actor 1, Actor 2, Actor 3, Actor 4, Actor 5, Actor 6, Actor 7",United Kingdom,"January 24, 1993",1993,R,153 min,"Comedy, Romance",A generic description of the show content.,77.9
s1088,TV Show,Show Title 1088,Director 88,"Actor 0, Actor 1, Actor 2, Actor 3",India,"January 17, 2017",2017,TV-PG,4 Season,Romance,A generic description of the show content.,100.0
s1089,TV Show,Show Title 1089,Director 89,"Actor 0, Actor 1, Actor 2, Actor 3, Actor 4",Japan,"January 3, 2006",2006,PG-13,9 Season,Action,A generic description of the show content.,92.0
s1090,Movie,Show Title 1090,Director 90,"Actor 0, Actor 1, Actor 2, Actor 3, Actor 4, Actor 5, Actor 6, Actor 7",United Kingdom,"January 1, 2001",1999,TV-MA,83 min,"Romance, Documentary, Drama",A generic description of the show content.,88.8
s1091,TV Show,Show Title 1091,Director 91,"Actor 0, Actor 1, Actor 2, Actor 3, Actor 4",United Kingdom,"January 10, 2012",2012,TV-PG,3 Season,Romance,A generic description of the show content.,97.6
s1092,TV Show,Show Title 1092,Director 92,"Actor 0, Actor 1, Actor 2, Actor 3",United Kingdom,"January 21, 2014",2014,TV-PG,5 Season,"Drama, Action, Sci-Fi",A generic description of the show content.,100.0
s1093,TV Show,Show Title 1093,Director 93,"Actor 0, Actor 1, Actor 2, Actor 3, Actor 4, Actor 5",United States,"January 6, 1997",1997,PG-13,2 Season,Action,A generic description of the show content.,83.0
s1094,Movie,Show Title 1094,Director 94,"Actor 0, Actor 1",United States,"January 14, 2003",2003,R,130 min,Thriller,A generic description of the show content.,85.8
s1095,TV Show,Show Title 1095,Director 95,"Actor 0, Actor 1, Actor 2, Actor 3",United States,"January 6, 2017",2016,PG-13,7 Season,"Romance, Thriller",A generic description of the show content.,100.0
s1096,TV Show,Show Title 1096,Director 96,"Actor 0, Actor 1, Actor 2, Actor 3, Actor 4, Actor 5, Actor 6, Actor 7, Actor 8, Actor 9",United Kingdom,"January 1, 1992",1992,TV-PG,2 Season,"Action, Thriller",A generic description of the show content.,83.8
s1097,TV Show,Show Title 1097,Director 97,"Actor 0, Actor 1",South Korea,"January 17, 2004",2002,TV-MA,10 Season,Documentary,A generic description of the show content.,57.0
s1098,Movie,Show Title 1098,Director 98,"Actor 0, Actor 1, Actor 2",United States,"January 24, 2005",2003,TV-MA,83 min,"Comedy, Sci-Fi",A generic description of the show content.,89.7
s1099,Movie,Show Title 1099,Director 99,"Actor 0, Actor 1, Actor 2, Actor 3, Actor 4, Actor 5, Actor 6, Actor 7, Actor 8",India,"January 24, 1996",1995,R,124 min,"Documentary, Romance, Action",A generic description of the show content.,89.0
s1100,Movie,Show Title 1100,Director 0,"Actor 0, Actor 1, Actor 2, Actor 3, Actor 4, Actor 5",United States,"January 13, 2002",2002,TV-PG,112 min,Comedy,A generic description of the show content.,95.0
s1101,TV Show,Show Title 1101,Director 1,"Actor 0, Actor 1, Actor 2, Actor 3, Actor 4, Actor 5, Actor 6, Actor 7",India,"January 20, 2002",2000,TV-14,4 Season,"Thriller, Sci-Fi, Romance",A generic description of the show content.,57.0
s1102,TV Show,Show Title 1102,Director 2,"Actor 0, Actor 1, Actor 2, Actor 3, Actor 4, Actor 5, Actor 6",United Kingdom,"January 12, 2016",2014,PG-13,7 Season,Documentary,A generic description of the show content.,100.0
s1103,Movie,Show Title 1103,Director 3,"Actor 0, Actor 1, Actor 2, Actor 3, Actor 4, Actor 5, Actor 6, Actor 7, Actor 8, Actor 9",Japan,"January 12, 2023",2022,PG-13,112 min,"Thriller, Action, Documentary",A generic description of the show content.,100.0
s1104,Movie,Show Title 1104,Director 4,"Actor 0, Actor 1, Actor 2, Actor 3, Actor 4",Japan,"January 22, 2018",2017,TV-14,103 min,"Comedy, Drama",A generic description of the show content.,100.0
s1105,Movie,Show Title 1105,Director 5,"Actor 0, Actor 1, Actor 2, Actor 3, Actor 4",United States,"January 15, 1992",1990,TV-14,120 min,"Drama, Romance, Action",A generic description of the show content.,59.6
s1106,TV Show,Show Title 1106,Director 6,"Actor 0, Actor 1, Actor 2",India,"January 18, 2015",2014,TV-PG,5 Season,"Comedy, Documentary, Sci-Fi",A generic description of the show content.,100.0
s1107,TV Show,Show Title 1107,Director 7,"Actor 0, Actor 1, Actor 2, Actor 3, Actor 4, Actor 5, Actor 6",Japan,"January 27, 1995",1994,TV-MA,10 Season,"Thriller, Romance, Sci-Fi",A generic description of the show content.,64.5
s1108,Movie,Show Title 1108,Director 8,"Actor 0, Actor 1, Actor 2",Japan,"January 15, 2021",2021,TV-PG,85 min,"Thriller, Drama",A generic description of the show content.,100.0
s1109,Movie,Show Title 1109,Director 9,"Actor 0, Actor 1",United States,"January 15, 1992",1991,TV-MA,116 min,Romance,A generic description of the show content.,79.6
s1110,TV Show,Show Title 1110,Director 10,"Actor 0, Actor 1",India,"January 3, 2025",2024,PG-13,9 Season,Action,A generic description of the show content.,100.0
s1111,TV Show,Show Title 1111,Director 11,"Actor 0, Actor 1, Actor 2, Actor 3, Actor 4, Actor 5, Actor 6, Actor 7",India,"January 3, 2011",2009,TV-14,5 Season,"Sci-Fi, Action",A generic description of the show content.,100.0
s1112,Movie,Show Title 1112,Director 12,"Actor 0, Actor 1, Actor 2",United States,"January 27, 2010",2009,TV-PG,169 min,"Thriller, Romance",A generic description of the show content.,98.2
s1113,Movie,Show Title 1113,Director 13,"Actor 0, Actor 1, Actor 2, Actor 3, Actor 4, Actor 5, Actor 6, Actor 7",United States,"January 8, 1990",1990,PG-13,97 min,Action,A generic description of the show content.,81.0
s1114,Movie,Show Title 1114,Director 14,"Actor 0, Actor 1",South Korea,"January 9, 2013",2013,PG-13,148 min,Romance,A generic description of the show content.,95.0
s1115,Movie,Show Title 1115,Director 15,"Actor 0, Actor 1, Actor 2, Actor 3",United States,"January 5, 2008",2006,R,122 min,"Documentary, Thriller, Action",A generic description of the show content.,95.6
s1116,Movie,Show Title 1116,Director 16,"Actor 0, Actor 1, Actor 2",United States,"January 17, 2001",1999,TV-MA,176 min,"Sci-Fi, Thriller, Romance",A generic description of the show content.,98.5
s1117,Movie,Show Title 1117,Director 17,"Actor 0, Actor 1, Actor 2, Actor 3, Actor 4, Actor 5",United Kingdom,"January 25, 2008",2007,PG-13,121 min,"Thriller, Comedy, Drama",A generic description of the show content.,96.9
s1118,Movie,Show Title 1118,Director 18,"Actor 0, Actor 1, Actor 2",Japan,"January 16, 2005",2005,TV-MA,164 min,"Romance, Comedy, Drama",A generic description of the show content.,90.5
s1119,Movie,Show Title 1119,Director 19,"Actor 0, Actor 1, Actor 2, Actor 3, Actor 4",United States,"January 27, 2016",2014,TV-PG,104 min,"Drama, Action",A generic description of the show content.,100.0
s1120,Movie,Show Title 1120,Director 20,"Actor 0, Actor 1, Actor 2, Actor 3, Actor 4, Actor 5, Actor 6, Actor 7, Actor 8, Actor 9",United States,"January 4, 2009",2009,TV-MA,170 min,"Romance, Comedy",A generic description of the show content.,100.0
s1121,TV Show,Show Title 1121,Director 21,"Actor 0, Actor 1, Actor 2",United States,"January 9, 2019",2018,TV-MA,10 Season,"Comedy, Thriller, Sci-Fi",A generic description of the show content.,100.0
s1122,Movie,Show Title 1122,Director 22,"Actor 0, Actor 1, Actor 2",South Korea,"January 8, 1996",1996,R,98 min,"Drama, Romance",A generic description of the show content.,81.4
s1123,Movie,Show Title 1123,Director 23,"Actor 0, Actor 1, Actor 2, Actor 3, Actor 4, Actor 5, Actor 6, Actor 7, Actor 8, Actor 9",United States,"January 3, 2024",2023,R,137 min,"Action, Drama",A generic description of the show content.,100.0
s1124,Movie,Show Title 1124,Director 24,"Actor 0, Actor 1, Actor 2, Actor 3, Actor 4, Actor 5",United States,"January 12, 2017",2017,PG-13,145 min,"Drama, Thriller",A generic description of the show content.,100.0
s1125,Movie,Show Title 1125,Director 25,"Actor 0, Actor 1, Actor 2, Actor 3",United Kingdom,"January 20, 2018",2017,TV-PG,104 min,"Comedy, Thriller",A generic description of the show content.,92.0
s1126,Movie,Show Title 1126,Director 26,"Actor 0, Actor 1, Actor 2, Actor 3, Actor 4",India,"January 4, 1996",1996,PG-13,167 min,Romance,A generic description of the show content.,77.0
s1127,Movie,Show Title 1127,Director 27,"Actor 0, Actor 1, Actor 2",United States,"January 9, 2007",2007,TV-PG,110 min,Documentary,A generic description of the show content.,79.0
s1128,Movie,Show Title 1128,Director 28,"Actor 0, Actor 1, Actor 2, Actor 3, Actor 4, Actor 5",India,"January 16, 2015",2015,TV-MA,92 min,Romance,A generic description of the show content.,100.0
s1129,TV Show,Show Title 1129,Director 29,"Actor 0, Actor 1, Actor 2",United States,"January 6, 2010",2008,TV-PG,10 Season,"Romance, Drama",A generic description of the show content.,96.3
s1130,Movie,Show Title 1130,Director 30,"Actor 0, Actor 1, Actor 2, Actor 3",United States,"January 6, 2006",2005,R,101 min,"Romance, Drama",A generic description of the show content.,93.7
s1131,Movie,Show Title 1131,Director 31,"Actor 0, Actor 1, Actor 2, Actor 3, Actor 4, Actor 5",United States,"January 3, 2020",2020,PG-13,134 min,"Drama, Comedy",A generic description of the show content.,100.0
s1132,Movie,Show Title 1132,Director 32,"Actor 0, Actor 1, Actor 2",South Korea,"January 2, 1990",1990,TV-PG,142 min,Thriller,A generic description of the show content.,77.1
s1133,Movie,Show Title 1133,Director 33,"Actor 0, Actor 1, Actor 2",United States,"January 10, 2006",2004,TV-14,147 min,"Comedy, Sci-Fi, Drama",A generic description of the show content.,91.5
s1134,Movie,Show Title 1134,Director 34,"Actor 0, Actor 1, Actor 2, Actor 3, Actor 4, Actor 5, Actor 6, Actor 7, Actor 8",United Kingdom,"January 1, 2025",2024,TV-14,112 min,"Thriller, Action, Romance",A generic description of the show content.,100.0
s1135,TV Show,Show Title 1135,Director 35,"Actor 0, Actor 1",Japan,"January 5, 2021",2020,TV-MA,2 Season,"Romance, Documentary",A generic description of the show content.,100.0
s1136,Movie,Show Title 1136,Director 36,"Actor 0, Actor 1, Actor 2, Actor 3, Actor 4, Actor 5, Actor 6, Actor 7",United States,"January 12, 2021",2021,PG-13,83 min,Documentary,A generic description of the show content.,100.0
s1137,Movie,Show Title 1137,Director 37,"Actor 0, Actor 1, Actor 2, Actor 3, Actor 4, Actor 5, Actor 6, Actor 7, Actor 8, Actor 9",South Korea,"January 6, 1997",1996,TV-14,115 min,"Romance, Documentary, Thriller",A generic description of the show content.,71.7
s1138,TV Show,Show Title 1138,Director 38,"Actor 0, Actor 1, Actor 2, Actor 3, Actor 4, Actor 5, Actor 6, Actor 7, Actor 8, Actor 9",United States,"January 23, 2017",2016,TV-PG,5 Season,"Comedy, Drama",A generic description of the show content.,100.0
s1139,Movie,Show Title 1139,Director 39,"Actor 0, Actor 1, Actor 2, Actor 3, Actor 4, Actor 5, Actor 6, Actor 7, Actor 8",United Kingdom,"January 22, 2012",2012,R,116 min,Drama,A generic description of the show content.,100.0
s1140,Movie,Show Title 1140,Director 40,"Actor 0, Actor 1, Actor 2, Actor 3, Actor 4, Actor 5, Actor 6, Actor 7, Actor 8",India,"January 10, 2008",2008,TV-14,159 min,"Romance, Comedy, Action",A generic description of the show content.,100.0
s1141,Movie,Show Title 1141,Director 41,"Actor 0, Actor 1, Actor 2, Actor 3, Actor 4, Actor 5, Actor 6, Actor 7, Actor 8",United States,"January 10, 2008",2008,R,155 min,Drama,A generic description of the show content.,100.0
s1142,Movie,Show Title 1142,Director 42,"Actor 0, Actor 1, Actor 2, Actor 3, Actor 4, Actor 5",Japan,"January 26, 1995",1993,TV-PG,112 min,Action,A generic description of the show content.,75.0
s1143,Movie,Show Title 1143,Director 43,"Actor 0, Actor 1, Actor 2",United States,"January 10, 2007",2007,PG-13,98 min,"Comedy, Thriller, Documentary",A generic description of the show content.,87.8
s1144,Movie,Show Title 1144,Director 44,"Actor 0, Actor 1, Actor 2, Actor 3, Actor 4, Actor 5",United States,"January 20, 2015",2014,TV-MA,134 min,"Drama, Action",A generic description of the show content.,100.0
s1145,Movie,Show Title 1145,Director 45,"Actor 0, Actor 1, Actor 2, Actor 3, Actor 4",United Kingdom,"January 9, 2010",2010,R,154 min,Romance,A generic description of the show content.,95.2
s1146,Movie,Show Title 1146,Director 46,"Actor 0, Actor 1, Actor 2, Actor 3",United States,"January 13, 1996",1995,PG-13,118 min,"Romance, Thriller, Documentary",A generic description of the show content.,59.5
s1147,Movie,Show Title 1147,Director 47,"Actor 0, Actor 1, Actor 2, Actor 3, Actor 4, Actor 5, Actor 6",India,"January 14, 2011",2010,R,144 min,"Romance, Action, Thriller",A generic description of the show content.,89.6
s1148,TV Show,Show Title 1148,Director 48,"Actor 0, Actor 1, Actor 2, Actor 3",India,"January 20, 1992",1991,TV-MA,7 Season,Sci-Fi,A generic description of the show content.,80.4
s1149,Movie,Show Title 1149,Director 49,"Actor 0, Actor 1, Actor 2, Actor 3",United States,"January 13, 2026",2024,PG-13,152 min,"Drama, Thriller",A generic description of the show content.,100.0
s1150,Movie,Show Title 1150,Director 50,"Actor 0, Actor 1",United Kingdom,"January 9, 2025",2023,PG-13,138 min,Drama,A generic description of the show content.,100.0
s1151,Movie,Show Title 1151,Director 51,"Actor 0, Actor 1",United States,"January 4, 2010",2008,TV-PG,152 min,"Romance, Action",A generic description of the show content.,69.5
s1152,Movie,Show Title 1152,Director 52,"Actor 0, Actor 1, Actor 2, Actor 3",United Kingdom,"January 18, 1995",1993,R,169 min,Documentary,A generic description of the show content.,61.1
s1153,Movie,Show Title 1153,Director 53,"Actor 0, Actor 1, Actor 2, Actor 3, Actor 4, Actor 5, Actor 6, Actor 7, Actor 8",Japan,"January 20, 2001",1999,TV-MA,118 min,"Action, Romance, Drama",A generic description of the show content.,78.3
s1154,Movie,Show Title 1154,Director 54,"Actor 0, Actor 1, Actor 2, Actor 3, Actor 4",United States,"January 4, 1998",1997,PG-13,146 min,Comedy,A generic description of the show content.,91.9
s1155,TV Show,Show Title 1155,Director 55,"Actor 0, Actor 1, Actor 2, Actor 3",India,"January 27, 1993",1993,TV-PG,2 Season,"Thriller, Sci-Fi",A generic description of the show content.,77.6
s1156,Movie,Show Title 1156,Director 56,"Actor 0, Actor 1",United Kingdom,"January 6, 2018",2018,TV-MA,164 min,"Drama, Thriller, Comedy",A generic description of the show content.,99.1
s1157,Movie,Show Title 1157,Director 57,"Actor 0, Actor 1, Actor 2, Actor 3, Actor 4, Actor 5",United Kingdom,"January 22, 2024",2024,TV-PG,105 min,"Thriller, Action",A generic description of the show content.,100.0
s1158,Movie,Show Title 1158,Director 58,"Actor 0, Actor 1, Actor 2, Actor 3, Actor 4, Actor 5, Actor 6, Actor 7",United Kingdom,"January 27, 2016",2015,TV-MA,129 min,"Sci-Fi, Drama, Thriller",A generic description of the show content.,100.0
s1159,Movie,Show Title 1159,Director 59,"Actor 0, Actor 1, Actor 2, Actor 3, Actor 4, Actor 5, Actor 6, Actor 7, Actor 8",India,"January 2, 2015",2014,TV-MA,81 min,"Action, Drama, Documentary",A generic description of the show content.,100.0
s1160,Movie,Show Title 1160,Director 60,"Actor 0, Actor 1, Actor 2, Actor 3, Actor 4, Actor 5, Actor 6, Actor 7, Actor 8, Actor 9",United Kingdom,"January 28, 2009",2007,TV-MA,81 min,Action,A generic description of the show content.,80.5
s1161,Movie,Show Title 1161,Director 61,"Actor 0, Actor 1, Actor 2, Actor 3",United Kingdom,"January 12, 2016",2014,TV-PG,145 min,Comedy,A generic description of the show content.,100.0
s1162,Movie,Show Title 1162,Director 62,"Actor 0, Actor 1, Actor 2, Actor 3, Actor 4, Actor 5, Actor 6, Actor 7, Actor 8",United Kingdom,"January 13, 1999",1998,TV-PG,115 min,"Action, Thriller, Drama",A generic description of the show content.,76.1
s1163,Movie,Show Title 1163,Director 63,"Actor 0, Actor 1, Actor 2, Actor 3, Actor 4, Actor 5, Actor 6",India,"January 19, 2024",2022,TV-14,179 min,"Documentary, Action, Comedy",A generic description of the show content.,100.0
s1164,Movie,Show Title 1164,Director 64,"Actor 0, Actor 1, Actor 2, Actor 3",Japan,"January 8, 1994",1994,PG-13,85 min,Sci-Fi,A generic description of the show content.,79.2
s1165,Movie,Show Title 1165,Director 65,"Actor 0, Actor 1, Actor 2, Actor 3, Actor 4",United Kingdom,"January 4, 2010",2010,R,177 min,Sci-Fi,A generic description of the show content.,100.0
s1166,TV Show,Show Title 1166,Director 66,"Actor 0, Actor 1, Actor 2",India,"January 15, 1995",1994,TV-PG,1 Season,"Action, Drama, Romance",A generic description of the show content.,85.8
s1167,Movie,Show Title 1167,Director 67,"Actor 0, Actor 1, Actor 2, Actor 3, Actor 4, Actor 5, Actor 6, Actor 7, Actor 8",United States,"January 13, 2001",2001,TV-PG,121 min,Romance,A generic description of the show content.,95.1
s1168,Movie,Show Title 1168,Director 68,"Actor 0, Actor 1, Actor 2, Actor 3",United States,"January 14, 2023",2021,TV-MA,136 min,"Action, Comedy, Romance",A generic description of the show content.,100.0
s1169,Movie,Show Title 1169,Director 69,"Actor 0, Actor 1, Actor 2, Actor 3",United States,"January 1, 1997",1996,R,106 min,Sci-Fi,A generic description of the show content.,80.5
s1170,Movie,Show Title 1170,Director 70,"Actor 0, Actor 1, Actor 2, Actor 3, Actor 4, Actor 5, Actor 6, Actor 7, Actor 8",Japan,"January 7, 2011",2011,TV-PG,103 min,"Romance, Sci-Fi, Documentary",A generic description of the show content.,100.0
s1171,TV Show,Show Title 1171,Director 71,"Actor 0, Actor 1, Actor 2, Actor 3, Actor 4, Actor 5, Actor 6, Actor 7, Actor 8",India,"January 14, 2014",2012,R,10 Season,"Sci-Fi, Comedy, Drama",A generic description of the show content.,100.0
s1172,TV Show,Show Title 1172,Director 72,"Actor 0, Actor 1, Actor 2, Actor 3, Actor 4, Actor 5, Actor 6, Actor 7, Actor 8",India,"January 8, 1998",1998,TV-PG,9 Season,"Drama, Sci-Fi",A generic description of the show content.,91.0
s1173,Movie,Show Title 1173,Director 73,"Actor 0, Actor 1, Actor 2",United States,"January 28, 2008",2008,TV-14,112 min,"Romance, Action",A generic description of the show content.,92.4
s1174,Movie,Show Title 1174,Director 74,"Actor 0, Actor 1",India,"January 18, 2025",2023,PG-13,158 min,"Action, Thriller, Documentary",A generic description of the show content.,100.0
s1175,Movie,Show Title 1175,Director 75,"Actor 0, Actor 1, Actor 2, Actor 3, Actor 4, Actor 5, Actor 6",South Korea,"January 14, 2007",2006,TV-MA,163 min,Drama,A generic description of the show content.,95.2
s1176,Movie,Show Title 1176,Director 76,"Actor 0, Actor 1",United Kingdom,"January 8, 1999",1998,PG-13,106 min,"Sci-Fi, Romance, Action",A generic description of the show content.,59.1
s1177,TV Show,Show Title 1177,Director 77,"Actor 0, Actor 1, Actor 2",India,"January 18, 1993",1992,TV-MA,6 Season,Thriller,A generic description of the show content.,63.0
s1178,Movie,Show Title 1178,Director 78,"Actor 0, Actor 1, Actor 2, Actor 3, Actor 4, Actor 5, Actor 6, Actor 7",United States,"January 16, 1993",1992,TV-MA,143 min,"Comedy, Romance, Action",A generic description of the show content.,69.1
s1179,Movie,Show Title 1179,Director 79,"Actor 0, Actor 1, Actor 2, Actor 3, Actor 4, Actor 5, Actor 6, Actor 7, Actor 8, Actor 9",United States,"January 16, 2002",2002,R,148 min,"Sci-Fi, Thriller, Drama",A generic description of the show content.,87.0
s1180,TV Show,Show Title 1180,Director 80,"Actor 0, Actor 1, Actor 2",United Kingdom,"January 20, 2018",2017,TV-14,7 Season,"Comedy, Drama, Thriller",A generic description of the show content.,100.0
s1181,Movie,Show Title 1181,Director 81,"Actor 0, Actor 1",India,"January 8, 1994",1993,TV-PG,110 min,Drama,A generic description of the show content.,82.4
s1182,Movie,Show Title 1182,Director 82,"Actor 0, Actor 1",South Korea,"January 3, 1990",1990,TV-MA,172 min,Sci-Fi,A generic description of the show content.,68.2
s1183,Movie,Show Title 1183,Director 83,"Actor 0, Actor 1, Actor 2, Actor 3",United States,"January 20, 2011",2010,R,124 min,"Romance, Comedy, Action",A generic description of the show content.,82.3
s1184,Movie,Show Title 1184,Director 84,"Actor 0, Actor 1, Actor 2, Actor 3, Actor 4",United Kingdom,"January 15, 1996",1994,TV-14,112 min,"Comedy, Thriller, Action",A generic description of the show content.,66.1
s1185,TV Show,Show Title 1185,Director 85,"Actor 0, Actor 1, Actor 2, Actor 3, Actor 4, Actor 5, Actor 6, Actor 7, Actor 8, Actor 9",United Kingdom,"January 4, 2008",2008,TV-14,4 Season,"Action, Sci-Fi, Documentary",A generic description of the show content.,100.0
s1186,TV Show,Show Title 1186,Director 86,"Actor 0, Actor 1, Actor 2, Actor 3",United Kingdom,"January 27, 2023",2021,TV-MA,5 Season,Comedy,A generic description of the show content.,99.7
s1187,Movie,Show Title 1187,Director 87,"Actor 0, Actor 1, Actor 2, Actor 3, Actor 4",India,"January 23, 1998",1997,R,127 min,"Sci-Fi, Comedy, Drama",A generic description of the show content.,78.3
s1188,TV Show,Show Title 1188,Director 88,"Actor 0, Actor 1, Actor 2, Actor 3, Actor 4, Actor 5",United States,"January 27, 1992",1992,PG-13,5 Season,"Documentary, Thriller",A generic description of the show content.,75.5
s1189,Movie,Show Title 1189,Director 89,"Actor 0, Actor 1",United Kingdom,"January 8, 2021",2021,R,82 min,"Thriller, Sci-Fi",A generic description of the show content.,95.8
s1190,Movie,Show Title 1190,Director 90,"Actor 0, Actor 1, Actor 2, Actor 3, Actor 4, Actor 5, Actor 6",India,"January 1, 1995",1993,TV-14,164 min,"Drama, Documentary",A generic description of the show content.,79.6
s1191,TV Show,Show Title 1191,Director 91,"Actor 0, Actor 1, Actor 2, Actor 3, Actor 4, Actor 5, Actor 6, Actor 7",South Korea,"January 28, 2004",2003,PG-13,1 Season,"Romance, Documentary",A generic description of the show content.,77.2
s1192,TV Show,Show Title 1192,Director 92,"Actor 0, Actor 1, Actor 2, Actor 3, Actor 4, Actor 5, Actor 6, Actor 7, Actor 8, Actor 9",India,"January 9, 2008",2008,R,9 Season,"Thriller, Documentary",A generic description of the show content.,96.0
s1193,Movie,Show Title 1193,Director 93,"Actor 0, Actor 1, Actor 2, Actor 3, Actor 4, Actor 5",South Korea,"January 3, 2005",2005,TV-PG,96 min,Action,A generic description of the show content.,97.7
s1194,Movie,Show Title 1194,Director 94,"Actor 0, Actor 1, Actor 2, Actor 3, Actor 4, Actor 5",India,"January 26, 1994",1992,TV-PG,158 min,"Action, Sci-Fi",A generic description of the show content.,59.1
s1195,Movie,Show Title 1195,Director 95,"Actor 0, Actor 1, Actor 2, Actor 3, Actor 4, Actor 5, Actor 6, Actor 7, Actor 8",United States,"January 1, 2011",2010,PG-13,113 min,Thriller,A generic description of the show content.,100.0
s1196,Movie,Show Title 1196,Director 96,"Actor 0, Actor 1, Actor 2",South Korea,"January 9, 2022",2020,TV-PG,161 min,"Comedy, Thriller, Drama",A generic description of the show content.,100.0
s1197,Movie,Show Title 1197,Director 97,"Actor 0, Actor 1, Actor 2, Actor 3",United States,"January 8, 2003",2001,TV-MA,113 min,"Action, Thriller",A generic description of the show content.,90.0
s1198,Movie,Show Title 1198,Director 98,"Actor 0, Actor 1",United Kingdom,"January 6, 1995",1993,TV-PG,109 min,Romance,A generic description of the show content.,65.7
s1199,TV Show,Show Title 1199,Director 99,"Actor 0, Actor 1, Actor 2, Actor 3, Actor 4, Actor 5",India,"January 1, 1994",1992,TV-14,9 Season,"Comedy, Drama, Action",A generic description of the show content.,88.6
s1200,Movie,Show Title 1200,Director 0,"Actor 0, Actor 1, Actor 2, Actor 3, Actor 4, Actor 5, Actor 6, Actor 7, Actor 8, Actor 9",United States,"January 15, 2005",2005,TV-PG,124 min,Drama,A generic description of the show content.,100.0
s1201,Movie,Show Title 1201,Director 1,"Actor 0, Actor 1, Actor 2, Actor 3, Actor 4, Actor 5, Actor 6, Actor 7",United States,"January 10, 2013",2013,PG-13,167 min,"Drama, Romance",A generic description of the show content.,100.0
s1202,Movie,Show Title 1202,Director 2,"Actor 0, Actor 1",United Kingdom,"January 6, 2012",2011,PG-13,132 min,"Action, Thriller, Sci-Fi",A generic description of the show content.,96.7
s1203,Movie,Show Title 1203,Director 3,"Actor 0, Actor 1, Actor 2, Actor 3, Actor 4, Actor 5, Actor 6, Actor 7, Actor 8, Actor 9",United States,"January 26, 1993",1991,TV-14,93 min,"Comedy, Action, Documentary",A generic description of the show content.,86.9
s1204,TV Show,Show Title 1204,Director 4,"Actor 0, Actor 1, Actor 2",United States,"January 3, 1992",1992,TV-PG,3 Season,"Sci-Fi, Romance",A generic description of the show content.,64.5
s1205,Movie,Show Title 1205,Director 5,"Actor 0, Actor 1, Actor 2, Actor 3, Actor 4, Actor 5, Actor 6, Actor 7, Actor 8",India,"January 22, 2018",2016,TV-PG,148 min,"Drama, Documentary, Sci-Fi",A generic description of the show content.,100.0
s1206,Movie,Show Title 1206,Director 6,"Actor 0, Actor 1, Actor 2, Actor 3, Actor 4",United States,"January 15, 2009",2008,PG-13,111 min,"Comedy, Action",A generic description of the show content.,90.0
s1207,Movie,Show Title 1207,Director 7,"Actor 0, Actor 1, Actor 2, Actor 3, Actor 4, Actor 5, Actor 6, Actor 7, Actor 8, Actor 9",India,"January 17, 2016",2016,TV-14,126 min,Action,A generic description of the show content.,100.0
s1208,Movie,Show Title 1208,Director 8,"Actor 0, Actor 1, Actor 2, Actor 3",United Kingdom,"January 18, 2018",2018,R,180 min,"Comedy, Documentary",A generic description of the show content.,91.0
s1209,Movie,Show Title 1209,Director 9,"Actor 0, Actor 1, Actor 2",United Kingdom,"January 14, 2007",2006,TV-PG,116 min,"Action, Drama",A generic description of the show content.,100.0
s1210,TV Show,Show Title 1210,Director 10,"Actor 0, Actor 1, Actor 2",India,"January 14, 2003",2002,TV-PG,3 Season,"Drama, Comedy",A generic description of the show content.,71.6
s1211,TV Show,Show Title 1211,Director 11,"Actor 0, Actor 1, Actor 2, Actor 3, Actor 4, Actor 5, Actor 6, Actor 7",India,"January 1, 1998",1996,TV-MA,3 Season,Sci-Fi,A generic description of the show content.,73.1
s1212,TV Show,Show Title 1212,Director 12,"Actor 0, Actor 1, Actor 2, Actor 3, Actor 4, Actor 5, Actor 6, Actor 7",United States,"January 23, 2025",2023,TV-MA,7 Season,"Action, Comedy",A generic description of the show content.,100.0
s1213,TV Show,Show Title 1213,Director 13,"Actor 0, Actor 1, Actor 2",United States,"January 24, 2012",2011,R,10 Season,"Documentary, Drama, Romance",A generic description of the show content.,100.0
s1214,TV Show,Show Title 1214,Director 14,"Actor 0, Actor 1, Actor 2, Actor 3",United Kingdom,"January 24, 2019",2017,TV-PG,5 Season,"Romance, Comedy",A generic description of the show content.,100.0
s1215,Movie,Show Title 1215,Director 15,"Actor 0, Actor 1, Actor 2, Actor 3, Actor 4, Actor 5, Actor 6, Actor 7, Actor 8",Japan,"January 6, 2015",2013,TV-PG,166 min,"Thriller, Sci-Fi, Action",A generic description of the show content.,100.0
s1216,Movie,Show Title 1216,Director 16,"Actor 0, Actor 1, Actor 2, Actor 3, Actor 4, Actor 5, Actor 6, Actor 7, Actor 8, Actor 9",United Kingdom,"January 17, 2006",2004,TV-PG,118 min,"Action, Drama",A generic description of the show content.,94.3
s1217,TV Show,Show Title 1217,Director 17,"Actor 0, Actor 1, Actor 2, Actor 3",India,"January 2, 2012",2010,TV-MA,7 Season,"Sci-Fi, Comedy",A generic description of the show content.,95.8
s1218,Movie,Show Title 1218,Director 18,"Actor 0, Actor 1, Actor 2",United States,"January 10, 2011",2010,R,92 min,"Action, Comedy",A generic description of the show content.,87.6
s1219,Movie,Show Title 1219,Director 19,"Actor 0, Actor 1, Actor 2, Actor 3, Actor 4, Actor 5",Japan,"January 5, 2008",2008,TV-MA,113 min,"Sci-Fi, Drama, Comedy",A generic description of the show content.,100.0
s1220,Movie,Show Title 1220,Director 20,"Actor 0, Actor 1, Actor 2, Actor 3, Actor 4",India,"January 1, 2001",2000,PG-13,83 min,"Drama, Documentary, Romance",A generic description of the show content.,73.1
s1221,Movie,Show Title 1221,Director 21,"Actor 0, Actor 1, Actor 2, Actor 3, Actor 4, Actor 5, Actor 6, Actor 7, Actor 8",United States,"January 10, 2017",2017,PG-13,173 min,"Documentary, Comedy",A generic description of the show content.,100.0
s1222,Movie,Show Title 1222,Director 22,"Actor 0, Actor 1, Actor 2",India,"January 12, 2006",2006,TV-MA,91 min,Action,A generic description of the show content.,96.3
s1223,TV Show,Show Title 1223,Director 23,"Actor 0, Actor 1, Actor 2, Actor 3, Actor 4, Actor 5, Actor 6, Actor 7, Actor 8, Actor 9",United States,"January 22, 2022",2022,TV-14,6 Season,"Thriller, Romance",A generic description of the show content.,100.0
s1224,TV Show,Show Title 1224,Director 24,"Actor 0, Actor 1",United States,"January 21, 1998",1996,PG-13,9 Season,"Comedy, Documentary",A generic description of the show content.,66.1
s1225,Movie,Show Title 1225,Director 25,"Actor 0, Actor 1, Actor 2, Actor 3, Actor 4, Actor 5, Actor 6, Actor 7, Actor 8",India,"January 5, 2005",2004,TV-MA,166 min,Action,A generic description of the show content.,97.7
s1226,TV Show,Show Title 1226,Director 26,"Actor 0, Actor 1",United States,"January 14, 2002",2002,R,2 Season,"Sci-Fi, Romance, Comedy",A generic description of the show content.,77.4
s1227,Movie,Show Title 1227,Director 27,"Actor 0, Actor 1, Actor 2, Actor 3, Actor 4, Actor 5, Actor 6, Actor 7",United States,"January 21, 2003",2001,TV-MA,84 min,"Romance, Action",A generic description of the show content.,91.0
s1228,Movie,Show Title 1228,Director 28,"Actor 0, Actor 1, Actor 2, Actor 3, Actor 4, Actor 5, Actor 6, Actor 7, Actor 8",India,"January 16, 2003",2001,R,118 min,Action,A generic description of the show content.,100.0
s1229,Movie,Show Title 1229,Director 29,"Actor 0, Actor 1, Actor 2, Actor 3, Actor 4, Actor 5",India,"January 14, 2009",2008,TV-14,92 min,Drama,A generic description of the show content.,100.0
s1230,Movie,Show Title 1230,Director 30,"Actor 0, Actor 1, Actor 2, Actor 3, Actor 4, Actor 5, Actor 6",India,"January 23, 2002",2001,TV-MA,139 min,"Romance, Drama",A generic description of the show content.,84.9
s1231,TV Show,Show Title 1231,Director 31,"Actor 0, Actor 1",India,"January 10, 2022",2021,TV-PG,10 Season,"Romance, Comedy",A generic description of the show content.,91.8
s1232,Movie,Show Title 1232,Director 32,"Actor 0, Actor 1, Actor 2, Actor 3, Actor 4, Actor 5, Actor 6",Japan,"January 14, 2017",2016,R,87 min,"Sci-Fi, Action, Romance",A generic description of the show content.,100.0
s1233,Movie,Show Title 1233,Director 33,"Actor 0, Actor 1, Actor 2, Actor 3, Actor 4, Actor 5, Actor 6",United States,"January 21, 1993",1993,TV-14,114 min,"Romance, Comedy",A generic description of the show content.,99.3
s1234,Movie,Show Title 1234,Director 34,"Actor 0, Actor 1, Actor 2",United States,"January 20, 2002",2000,TV-14,148 min,Sci-Fi,A generic description of the show content.,68.0
s1235,Movie,Show Title 1235,Director 35,"Actor 0, Actor 1, Actor 2, Actor 3, Actor 4, Actor 5, Actor 6",India,"January 12, 1993",1991,PG-13,128 min,Sci-Fi,A generic description of the show content.,86.9
s1236,Movie,Show Title 1236,Director 36,"Actor 0, Actor 1, Actor 2, Actor 3, Actor 4, Actor 5, Actor 6, Actor 7, Actor 8, Actor 9",India,"January 13, 2015",2013,TV-MA,148 min,Comedy,A generic description of the show content.,100.0
s1237,Movie,Show Title 1237,Director 37,"Actor 0, Actor 1, Actor 2, Actor 3, Actor 4",United States,"January 1, 2013",2013,PG-13,122 min,"Comedy, Documentary",A generic description of the show content.,94.0
s1238,TV Show,Show Title 1238,Director 38,"Actor 0, Actor 1, Actor 2, Actor 3, Actor 4, Actor 5",India,"January 10, 2022",2022,TV-MA,7 Season,"Drama, Comedy",A generic description of the show content.,100.0
s1239,Movie,Show Title 1239,Director 39,"Actor 0, Actor 1, Actor 2, Actor 3",United Kingdom,"January 27, 1994",1992,TV-14,114 min,"Drama, Thriller, Romance",A generic description of the show content.,87.3
s1240,TV Show,Show Title 1240,Director 40,"Actor 0, Actor 1, Actor 2, Actor 3, Actor 4, Actor 5, Actor 6, Actor 7, Actor 8, Actor 9",United States,"January 20, 2022",2022,PG-13,7 Season,Drama,A generic description of the show content.,100.0
s1241,TV Show,Show Title 1241,Director 41,"Actor 0, Actor 1, Actor 2, Actor 3, Actor 4, Actor 5, Actor 6, Actor 7",United Kingdom,"January 17, 2004",2002,PG-13,10 Season,"Sci-Fi, Action",A generic description of the show content.,92.0
s1242,Movie,Show Title 1242,Director 42,"Actor 0, Actor 1, Actor 2, Actor 3, Actor 4, Actor 5",India,"January 14, 1996",1996,TV-MA,113 min,"Documentary, Thriller, Romance",A generic description of the show content.,70.2
s1243,TV Show,Show Title 1243,Director 43,"Actor 0, Actor 1, Actor 2, Actor 3, Actor 4, Actor 5, Actor 6, Actor 7",India,"January 1, 2021",2020,R,5 Season,"Documentary, Sci-Fi, Comedy",A generic description of the show content.,100.0
s1244,TV Show,Show Title 1244,Director 44,"Actor 0, Actor 1",United Kingdom,"January 13, 1996",1996,R,8 Season,Documentary,A generic description of the show content.,61.5
s1245,Movie,Show Title 1245,Director 45,"Actor 0, Actor 1, Actor 2",India,"January 4, 2011",2009,TV-MA,122 min,Sci-Fi,A generic description of the show content.,77.3
s1246,Movie,Show Title 1246,Director 46,"Actor 0, Actor 1, Actor 2, Actor 3, Actor 4, Actor 5, Actor 6, Actor 7, Actor 8",South Korea,"January 17, 2007",2005,TV-PG,90 min,Thriller,A generic description of the show content.,95.8
s1247,TV Show,Show Title 1247,Director 47,"Actor 0, Actor 1, Actor 2, Actor 3, Actor 4, Actor 5, Actor 6",United States,"January 27, 2021",2021,PG-13,5 Season,"Action, Romance",A generic description of the show content.,100.0
s1248,Movie,Show Title 1248,Director 48,"Actor 0, Actor 1, Actor 2, Actor 3, Actor 4, Actor 5, Actor 6, Actor 7, Actor 8, Actor 9",India,"January 26, 2017",2016,TV-PG,80 min,"Romance, Comedy",A generic description of the show content.,100.0
s1249,Movie,Show Title 1249,Director 49,"Actor 0, Actor 1, Actor 2, Actor 3, Actor 4, Actor 5, Actor 6, Actor 7, Actor 8, Actor 9",South Korea,"January 18, 2007",2005,PG-13,121 min,"Romance, Thriller",A generic description of the show content.,81.9
s1250,TV Show,Show Title 1250,Director 50,"Actor 0, Actor 1",India,"January 6, 1996",1994,PG-13,7 Season,Sci-Fi,A generic description of the show content.,68.3
s1251,Movie,Show Title 1251,Director 51,"Actor 0, Actor 1, Actor 2, Actor 3, Actor 4, Actor 5, Actor 6, Actor 7, Actor 8, Actor 9",India,"January 16, 1997",1997,TV-PG,84 min,"Thriller, Comedy",A generic description of the show content.,93.8
s1252,Movie,Show Title 1252,Director 52,"Actor 0, Actor 1, Actor 2, Actor 3, Actor 4, Actor 5",United States,"January 17, 1998",1997,TV-PG,135 min,"Romance, Sci-Fi",A generic description of the show content.,57.6
s1253,TV Show,Show Title 1253,Director 53,"Actor 0, Actor 1, Actor 2, Actor 3, Actor 4",India,"January 26, 2002",2000,TV-14,3 Season,"Documentary, Romance",A generic description of the show content.,83.7
s1254,Movie,Show Title 1254,Director 54,"Actor 0, Actor 1, Actor 2, Actor 3",United States,"January 6, 2021",2019,R,106 min,"Romance, Sci-Fi",A generic description of the show content.,100.0
s1255,Movie,Show Title 1255,Director 55,"Actor 0, Actor 1, Actor 2, Actor 3, Actor 4, Actor 5",India,"January 23, 1999",1999,TV-MA,140 min,Drama,A generic description of the show content.,73.4
s1256,Movie,Show Title 1256,Director 56,"Actor 0, Actor 1, Actor 2, Actor 3, Actor 4, Actor 5, Actor 6, Actor 7, Actor 8",India,"January 20, 2011",2011,PG-13,92 min,Documentary,A generic description of the show content.,100.0
s1257,Movie,Show Title 1257,Director 57,"Actor 0, Actor 1, Actor 2, Actor 3, Actor 4, Actor 5",India,"January 27, 2005",2004,TV-PG,124 min,"Drama, Comedy, Action",A generic description of the show content.,97.2
s1258,TV Show,Show Title 1258,Director 58,"Actor 0, Actor 1, Actor 2",United States,"January 19, 2015",2015,PG-13,5 Season,"Documentary, Romance, Comedy",A generic description of the show content.,91.4
s1259,TV Show,Show Title 1259,Director 59,"Actor 0, Actor 1, Actor 2, Actor 3, Actor 4, Actor 5, Actor 6, Actor 7, Actor 8, Actor 9",United States,"January 19, 2008",2006,R,10 Season,Comedy,A generic description of the show content.,98.4
s1260,Movie,Show Title 1260,Director 60,"Actor 0, Actor 1, Actor 2, Actor 3",United Kingdom,"January 1, 2007",2007,TV-MA,174 min,"Romance, Thriller, Comedy",A generic description of the show content.,94.1
s1261,Movie,Show Title 1261,Director 61,"Actor 0, Actor 1",Japan,"January 11, 1999",1999,PG-13,98 min,Thriller,A generic description of the show content.,73.3
s1262,Movie,Show Title 1262,Director 62,"Actor 0, Actor 1, Actor 2, Actor 3, Actor 4, Actor 5, Actor 6, Actor 7, Actor 8, Actor 9",Japan,"January 25, 2017",2017,TV-MA,165 min,"Action, Sci-Fi",A generic description of the show content.,100.0
s1263,Movie,Show Title 1263,Director 63,"Actor 0, Actor 1, Actor 2, Actor 3, Actor 4, Actor 5, Actor 6, Actor 7, Actor 8, Actor 9",United States,"January 11, 2016",2014,PG-13,170 min,"Action, Sci-Fi",A generic description of the show content.,100.0
s1264,TV Show,Show Title 1264,Director 64,"Actor 0, Actor 1, Actor 2, Actor 3, Actor 4, Actor 5, Actor 6, Actor 7, Actor 8",Japan,"January 16, 2002",2000,TV-14,5 Season,"Comedy, Thriller, Documentary",A generic description of the show content.,89.7
s1265,Movie,Show Title 1265,Director 65,"Actor 0, Actor 1, Actor 2, Actor 3, Actor 4, Actor 5, Actor 6",India,"January 28, 2018",2017,TV-14,163 min,"Comedy, Drama",A generic description of the show content.,100.0
s1266,TV Show,Show Title 1266,Director 66,"Actor 0, Actor 1",United States,"January 7, 2003",2002,TV-14,7 Season,"Comedy, Romance",A generic description of the show content.,75.9
s1267,Movie,Show Title 1267,Director 67,"Actor 0, Actor 1, Actor 2, Actor 3, Actor 4, Actor 5",United States,"January 17, 2009",2009,TV-PG,122 min,Action,A generic description of the show content.,91.5
s1268,Movie,Show Title 1268,Director 68,"Actor 0, Actor 1, Actor 2, Actor 3, Actor 4, Actor 5",United Kingdom,"January 9, 2022",2020,PG-13,130 min,Romance,A generic description of the show content.,100.0
s1269,TV Show,Show Title 1269,Director 69,"Actor 0, Actor 1, Actor 2, Actor 3, Actor 4, Actor 5, Actor 6, Actor 7, Actor 8",Japan,"January 24, 2022",2020,TV-PG,10 Season,"Thriller, Sci-Fi, Comedy",A generic description of the show content.,100.0
s1270,TV Show,Show Title 1270,Director 70,"Actor 0, Actor 1, Actor 2, Actor 3",United States,"January 3, 1992",1991,PG-13,10 Season,"Comedy, Romance, Sci-Fi",A generic description of the show content.,75.4
s1271,Movie,Show Title 1271,Director 71,"Actor 0, Actor 1, Actor 2, Actor 3, Actor 4, Actor 5, Actor 6, Actor 7, Actor 8, Actor 9",United Kingdom,"January 9, 1993",1993,TV-PG,120 min,Sci-Fi,A generic description of the show content.,85.6
s1272,TV Show,Show Title 1272,Director 72,"Actor 0, Actor 1",United States,"January 22, 2011",2010,R,3 Season,"Romance, Action, Documentary",A generic description of the show content.,83.1
s1273,TV Show,Show Title 1273,Director 73,"Actor 0, Actor 1, Actor 2",United Kingdom,"January 6, 1995",1994,PG-13,4 Season,"Comedy, Romance, Action",A generic description of the show content.,68.8
s1274,Movie,Show Title 1274,Director 74,"Actor 0, Actor 1",United States,"January 10, 2023",2022,TV-PG,132 min,Romance,A generic description of the show content.,100.0
s1275,Movie,Show Title 1275,Director 75,"Actor 0, Actor 1, Actor 2",United States,"January 6, 1997",1995,PG-13,152 min,"Drama, Sci-Fi",A generic description of the show content.,74.9
s1276,Movie,Show Title 1276,Director 76,"Actor 0, Actor 1",India,"January 7, 1993",1991,TV-14,178 min,Sci-Fi,A generic description of the show content.,83.7
s1277,Movie,Show Title 1277,Director 77,"Actor 0, Actor 1, Actor 2, Actor 3, Actor 4, Actor 5",Japan,"January 2, 2006",2005,TV-14,119 min,"Romance, Comedy, Sci-Fi",A generic description of the show content.,93.4
s1278,Movie,Show Title 1278,Director 78,"Actor 0, Actor 1, Actor 2, Actor 3, Actor 4",United States,"January 9, 2010",2010,TV-MA,132 min,Sci-Fi,A generic description of the show content.,96.9
s1279,TV Show,Show Title 1279,Director 79,"Actor 0, Actor 1, Actor 2, Actor 3, Actor 4, Actor 5, Actor 6",United States,"January 19, 2019",2018,TV-14,5 Season,Thriller,A generic description of the show content.,100.0
s1280,TV Show,Show Title 1280,Director 80,"Actor 0, Actor 1, Actor 2, Actor 3, Actor 4",India,"January 23, 2001",2000,TV-14,1 Season,"Thriller, Comedy, Documentary",A generic description of the show content.,81.3
s1281,Movie,Show Title 1281,Director 81,"Actor 0, Actor 1, Actor 2, Actor 3, Actor 4, Actor 5, Actor 6, Actor 7, Actor 8, Actor 9",United Kingdom,"January 27, 2010",2008,TV-14,106 min,"Romance, Documentary",A generic description of the show content.,100.0
s1282,Movie,Show Title 1282,Director 82,"Actor 0, Actor 1, Actor 2",United Kingdom,"January 17, 2008",2006,TV-MA,107 min,"Action, Drama",A generic description of the show content.,97.1
s1283,Movie,Show Title 1283,Director 83,"Actor 0, Actor 1",India,"January 11, 2012",2010,PG-13,127 min,"Thriller, Romance, Documentary",A generic description of the show content.,98.6
s1284,Movie,Show Title 1284,Director 84,"Actor 0, Actor 1, Actor 2, Actor 3, Actor 4, Actor 5, Actor 6",Japan,"January 21, 1990",1990,TV-MA,100 min,"Thriller, Action",A generic description of the show content.,66.1
s1285,TV Show,Show Title 1285,Director 85,"Actor 0, Actor 1",United States,"January 15, 2021",2019,R,9 Season,Sci-Fi,A generic description of the show content.,89.2
s1286,Movie,Show Title 1286,Director 86,"Actor 0, Actor 1, Actor 2, Actor 3, Actor 4, Actor 5, Actor 6",United Kingdom,"January 20, 2016",2015,R,140 min,Action,A generic description of the show content.,93.1
s1287,Movie,Show Title 1287,Director 87,"Actor 0, Actor 1, Actor 2, Actor 3, Actor 4, Actor 5",United States,"January 19, 2005",2004,TV-PG,177 min,"Drama, Thriller, Romance",A generic description of the show content.,98.1
s1288,Movie,Show Title 1288,Director 88,"Actor 0, Actor 1, Actor 2, Actor 3",India,"January 5, 2011",2009,TV-14,156 min,"Documentary, Comedy, Sci-Fi",A generic description of the show content.,80.5
s1289,TV Show,Show Title 1289,Director 89,"Actor 0, Actor 1, Actor 2, Actor 3, Actor 4, Actor 5, Actor 6",United States,"January 15, 1996",1995,TV-MA,5 Season,Sci-Fi,A generic description of the show content.,55.0
s1290,Movie,Show Title 1290,Director 90,"Actor 0, Actor 1, Actor 2, Actor 3",United Kingdom,"January 8, 2002",2002,R,102 min,"Action, Drama",A generic description of the show content.,89.9
s1291,Movie,Show Title 1291,Director 91,"Actor 0, Actor 1, Actor 2",United States,"January 16, 2015",2013,R,80 min,"Comedy, Action",A generic description of the show content.,100.0
s1292,Movie,Show Title 1292,Director 92,"Actor 0, Actor 1, Actor 2, Actor 3",South Korea,"January 11, 2014",2014,R,139 min,"Comedy, Drama, Thriller",A generic description of the show content.,100.0
s1293,TV Show,Show Title 1293,Director 93,"Actor 0, Actor 1, Actor 2, Actor 3, Actor 4, Actor 5, Actor 6",Japan,"January 16, 2019",2017,TV-PG,10 Season,"Documentary, Drama",A generic description of the show content.,100.0
s1294,Movie,Show Title 1294,Director 94,"Actor 0, Actor 1, Actor 2, Actor 3, Actor 4, Actor 5, Actor 6",Japan,"January 11, 2003",2001,PG-13,178 min,Action,A generic description of the show content.,91.3
s1295,Movie,Show Title 1295,Director 95,"Actor 0, Actor 1, Actor 2, Actor 3, Actor 4, Actor 5, Actor 6, Actor 7, Actor 8",United Kingdom,"January 7, 1994",1994,TV-MA,162 min,Comedy,A generic description of the show content.,78.0
s1296,Movie,Show Title 1296,Director 96,"Actor 0, Actor 1, Actor 2, Actor 3",United States,"January 10, 2015",2014,R,163 min,Thriller,A generic description of the show content.,100.0
s1297,Movie,Show Title 1297,Director 97,"Actor 0, Actor 1, Actor 2, Actor 3, Actor 4, Actor 5, Actor 6, Actor 7",India,"January 22, 2008",2006,PG-13,133 min,Comedy,A generic description of the show content.,92.1
s1298,Movie,Show Title 1298,Director 98,"Actor 0, Actor 1, Actor 2, Actor 3",United States,"January 11, 1996",1996,TV-PG,163 min,"Sci-Fi, Drama",A generic description of the show content.,79.7
s1299,Movie,Show Title 1299,Director 99,"Actor 0, Actor 1",United Kingdom,"January 10, 1991",1990,TV-14,142 min,"Romance, Thriller, Sci-Fi",A generic description of the show content.,62.2
s1300,TV Show,Show Title 1300,Director 0,"Actor 0, Actor 1, Actor 2, Actor 3, Actor 4, Actor 5, Actor 6",United States,"January 28, 2020",2018,TV-14,9 Season,"Sci-Fi, Thriller",A generic description of the show content.,100.0
s1301,Movie,Show Title 1301,Director 1,"Actor 0, Actor 1, Actor 2",United States,"January 5, 2017",2017,TV-14,148 min,"Sci-Fi, Romance",A generic description of the show content.,100.0
s1302,TV Show,Show Title 1302,Director 2,"Actor 0, Actor 1, Actor 2, Actor 3, Actor 4, Actor 5, Actor 6, Actor 7",United Kingdom,"January 2, 2007",2006,TV-14,4 Season,"Sci-Fi, Documentary, Thriller",A generic description of the show content.,93.3
s1303,Movie,Show Title 1303,Director 3,"Actor 0, Actor 1, Actor 2, Actor 3, Actor 4, Actor 5, Actor 6",Japan,"January 9, 2020",2019,TV-14,126 min,Documentary,A generic description of the show content.,100.0
s1304,Movie,Show Title 1304,Director 4,"Actor 0, Actor 1, Actor 2, Actor 3, Actor 4, Actor 5, Actor 6",United Kingdom,"January 14, 1991",1991,R,149 min,"Comedy, Action",A generic description of the show content.,80.9
s1305,Movie,Show Title 1305,Director 5,"Actor 0, Actor 1, Actor 2, Actor 3, Actor 4",United Kingdom,"January 6, 1997",1997,TV-PG,125 min,"Drama, Documentary, Thriller",A generic description of the show content.,71.5
s1306,Movie,Show Title 1306,Director 6,"Actor 0, Actor 1, Actor 2, Actor 3, Actor 4",United Kingdom,"January 27, 2023",2021,TV-PG,135 min,"Action, Thriller",A generic description of the show content.,100.0
s1307,Movie,Show Title 1307,Director 7,"Actor 0, Actor 1, Actor 2",United States,"January 13, 2012",2010,PG-13,127 min,Comedy,A generic description of the show content.,90.9
s1308,Movie,Show Title 1308,Director 8,"Actor 0, Actor 1, Actor 2, Actor 3, Actor 4, Actor 5",United Kingdom,"January 24, 2011",2009,PG-13,134 min,"Drama, Comedy",A generic description of the show content.,100.0
s1309,TV Show,Show Title 1309,Director 9,"Actor 0, Actor 1, Actor 2, Actor 3, Actor 4, Actor 5, Actor 6, Actor 7, Actor 8, Actor 9",India,"January 18, 1997",1997,PG-13,4 Season,"Action, Sci-Fi, Documentary",A generic description of the show content.,95.2
s1310,Movie,Show Title 1310,Director 10,"Actor 0, Actor 1, Actor 2, Actor 3, Actor 4, Actor 5, Actor 6, Actor 7, Actor 8, Actor 9",India,"January 22, 2017",2017,TV-PG,115 min,"Romance, Comedy, Action",A generic description of the show content.,100.0
s1311,Movie,Show Title 1311,Director 11,"Actor 0, Actor 1, Actor 2, Actor 3, Actor 4",United States,"January 1, 2009",2008,TV-MA,114 min,Thriller,A generic description of the show content.,100.0
s1312,Movie,Show Title 1312,Director 12,"Actor 0, Actor 1",India,"January 23, 2011",2010,TV-MA,92 min,Comedy,A generic description of the show content.,100.0
s1313,Movie,Show Title 1313,Director 13,"Actor 0, Actor 1, Actor 2, Actor 3, Actor 4, Actor 5, Actor 6",United States,"January 18, 2020",2019,R,155 min,"Romance, Documentary",A generic description of the show content.,100.0
s1314,TV Show,Show Title 1314,Director 14,"Actor 0, Actor 1, Actor 2, Actor 3",United States,"January 15, 2013",2011,R,6 Season,"Sci-Fi, Thriller",A generic description of the show content.,94.6
s1315,Movie,Show Title 1315,Director 15,"Actor 0, Actor 1, Actor 2",United Kingdom,"January 21, 2015",2014,TV-PG,112 min,"Drama, Romance",A generic description of the show content.,88.9
s1316,TV Show,Show Title 1316,Director 16,"Actor 0, Actor 1, Actor 2, Actor 3, Actor 4, Actor 5, Actor 6, Actor 7, Actor 8",United States,"January 22, 2024",2023,PG-13,6 Season,"Action, Sci-Fi",A generic description of the show content.,100.0
s1317,Movie,Show Title 1317,Director 17,"Actor 0, Actor 1, Actor 2, Actor 3, Actor 4, Actor 5",India,"January 18, 2014",2012,R,152 min,"Thriller, Drama",A generic description of the show content.,100.0
s1318,TV Show,Show Title 1318,Director 18,"Actor 0, Actor 1, Actor 2",United States,"January 13, 2024",2024,TV-MA,3 Season,"Documentary, Drama",A generic description of the show content.,100.0
s1319,TV Show,Show Title 1319,Director 19,"Actor 0, Actor 1, Actor 2, Actor 3, Actor 4, Actor 5, Actor 6",India,"January 25, 2001",2001,R,3 Season,"Thriller, Documentary, Sci-Fi",A generic description of the show content.,83.6
s1320,TV Show,Show Title 1320,Director 20,"Actor 0, Actor 1, Actor 2, Actor 3, Actor 4, Actor 5, Actor 6, Actor 7, Actor 8, Actor 9",United States,"January 18, 2015",2013,R,2 Season,"Romance, Sci-Fi, Action",A generic description of the show content.,100.0
s1321,Movie,Show Title 1321,Director 21,"Actor 0, Actor 1, Actor 2, Actor 3, Actor 4, Actor 5, Actor 6, Actor 7",India,"January 10, 2019",2019,TV-PG,116 min,"Comedy, Sci-Fi",A generic description of the show content.,100.0
s1322,TV Show,Show Title 1322,Director 22,"Actor 0, Actor 1, Actor 2, Actor 3, Actor 4, Actor 5, Actor 6, Actor 7",United Kingdom,"January 14, 2002",2001,TV-MA,2 Season,"Documentary, Romance",A generic description of the show content.,86.8
s1323,Movie,Show Title 1323,Director 23,"Actor 0, Actor 1, Actor 2, Actor 3, Actor 4, Actor 5, Actor 6, Actor 7",United Kingdom,"January 1, 1999",1998,TV-PG,158 min,"Documentary, Drama, Sci-Fi",A generic description of the show content.,92.9
s1324,Movie,Show Title 1324,Director 24,"Actor 0, Actor 1",India,"January 24, 2022",2020,R,167 min,Action,A generic description of the show content.,100.0
s1325,Movie,Show Title 1325,Director 25,"Actor 0, Actor 1, Actor 2, Actor 3",Japan,"January 16, 2002",2000,TV-MA,138 min,"Romance, Comedy",A generic description of the show content.,58.2
s1326,Movie,Show Title 1326,Director 26,"Actor 0, Actor 1, Actor 2, Actor 3, Actor 4, Actor 5, Actor 6, Actor 7, Actor 8",United States,"January 8, 1991",1991,R,106 min,"Thriller, Sci-Fi, Comedy",A generic description of the show content.,65.1
s1327,Movie,Show Title 1327,Director 27,"Actor 0, Actor 1, Actor 2",United States,"January 1, 2013",2011,PG-13,100 min,Thriller,A generic description of the show content.,91.1
s1328,Movie,Show Title 1328,Director 28,"Actor 0, Actor 1, Actor 2, Actor 3, Actor 4, Actor 5",India,"January 23, 2025",2023,PG-13,140 min,"Drama, Thriller",A generic description of the show content.,100.0
s1329,TV Show,Show Title 1329,Director 29,"Actor 0, Actor 1",United Kingdom,"January 10, 2025",2024,PG-13,1 Season,"Thriller, Romance",A generic description of the show content.,100.0
s1330,Movie,Show Title 1330,Director 30,"Actor 0, Actor 1, Actor 2",United Kingdom,"January 5, 2023",2022,TV-PG,160 min,"Thriller, Sci-Fi, Drama",A generic description of the show content.,100.0
s1331,TV Show,Show Title 1331,Director 31,"Actor 0, Actor 1, Actor 2, Actor 3",United States,"January 8, 2001",2000,TV-MA,6 Season,"Romance, Action",A generic description of the show content.,95.2
s1332,Movie,Show Title 1332,Director 32,"Actor 0, Actor 1, Actor 2, Actor 3, Actor 4, Actor 5, Actor 6",United States,"January 10, 1996",1994,R,138 min,"Thriller, Comedy, Action",A generic description of the show content.,77.9
s1333,Movie,Show Title 1333,Director 33,"Actor 0, Actor 1, Actor 2, Actor 3",India,"January 5, 2008",2006,TV-14,152 min,"Documentary, Drama",A generic description of the show content.,100.0
s1334,Movie,Show Title 1334,Director 34,"Actor 0, Actor 1, Actor 2, Actor 3",Japan,"January 19, 2015",2013,TV-14,171 min,"Action, Romance",A generic description of the show content.,100.0
s1335,Movie,Show Title 1335,Director 35,"Actor 0, Actor 1, Actor 2, Actor 3",India,"January 20, 2009",2008,R,99 min,"Sci-Fi, Romance, Comedy",A generic description of the show content.,86.6
s1336,Movie,Show Title 1336,Director 36,"Actor 0, Actor 1",United States,"January 9, 2004",2003,TV-PG,154 min,"Comedy, Documentary",A generic description of the show content.,72.4
s1337,TV Show,Show Title 1337,Director 37,"Actor 0, Actor 1, Actor 2, Actor 3, Actor 4, Actor 5, Actor 6, Actor 7, Actor 8, Actor 9",South Korea,"January 11, 2017",2015,TV-14,8 Season,"Comedy, Action, Sci-Fi",A generic description of the show content.,100.0
s1338,Movie,Show Title 1338,Director 38,"Actor 0, Actor 1, Actor 2, Actor 3, Actor 4, Actor 5, Actor 6, Actor 7",South Korea,"January 1, 2002",2000,PG-13,147 min,"Comedy, Thriller",A generic description of the show content.,82.1
s1339,Movie,Show Title 1339,Director 39,"Actor 0, Actor 1, Actor 2",United States,"January 21, 2004",2004,TV-14,99 min,"Documentary, Romance",A generic description of the show content.,83.7
s1340,Movie,Show Title 1340,Director 40,"Actor 0, Actor 1, Actor 2, Actor 3, Actor 4, Actor 5, Actor 6",India,"January 22, 1990",1990,R,175 min,"Comedy, Romance, Sci-Fi",A generic description of the show content.,70.6
s1341,Movie,Show Title 1341,Director 41,"Actor 0, Actor 1, Actor 2, Actor 3, Actor 4, Actor 5, Actor 6, Actor 7, Actor 8, Actor 9",South Korea,"January 28, 2022",2022,PG-13,88 min,"Documentary, Sci-Fi",A generic description of the show content.,100.0
s1342,Movie,Show Title 1342,Director 42,"Actor 0, Actor 1, Actor 2, Actor 3, Actor 4",India,"January 23, 2007",2005,R,112 min,"Comedy, Romance, Sci-Fi",A generic description of the show content.,91.9
s1343,Movie,Show Title 1343,Director 43,"Actor 0, Actor 1, Actor 2, Actor 3, Actor 4",South Korea,"January 24, 2007",2007,TV-MA,150 min,"Drama, Romance",A generic description of the show content.,100.0
s1344,Movie,Show Title 1344,Director 44,"Actor 0, Actor 1, Actor 2, Actor 3, Actor 4, Actor 5, Actor 6, Actor 7, Actor 8",United States,"January 4, 2006",2004,PG-13,111 min,"Sci-Fi, Documentary, Thriller",A generic description of the show content.,100.0
s1345,Movie,Show Title 1345,Director 45,"Actor 0, Actor 1, Actor 2",United Kingdom,"January 16, 2002",2002,PG-13,141 min,Thriller,A generic description of the show content.,64.2
s1346,Movie,Show Title 1346,Director 46,"Actor 0, Actor 1, Actor 2",United States,"January 24, 2022",2021,TV-MA,118 min,"Drama, Documentary, Thriller",A generic description of the show content.,87.0
s1347,Movie,Show Title 1347,Director 47,"Actor 0, Actor 1, Actor 2, Actor 3, Actor 4, Actor 5",United Kingdom,"January 16, 2021",2019,TV-MA,80 min,"Sci-Fi, Thriller",A generic description of the show content.,100.0
s1348,Movie,Show Title 1348,Director 48,"Actor 0, Actor 1, Actor 2, Actor 3, Actor 4",India,"January 11, 2009",2008,TV-PG,162 min,"Action, Documentary",A generic description of the show content.,83.3
s1349,Movie,Show Title 1349,Director 49,"Actor 0, Actor 1",United Kingdom,"January 11, 1999",1997,R,176 min,Thriller,A generic description of the show content.,67.3
s1350,Movie,Show Title 1350,Director 50,"Actor 0, Actor 1, Actor 2, Actor 3, Actor 4, Actor 5, Actor 6",United States,"January 21, 2019",2017,TV-PG,166 min,"Drama, Thriller",A generic description of the show content.,100.0
s1351,TV Show,Show Title 1351,Director 51,"Actor 0, Actor 1, Actor 2, Actor 3, Actor 4, Actor 5, Actor 6, Actor 7, Actor 8, Actor 9",United States,"January 10, 1997",1996,TV-PG,4 Season,Action,A generic description of the show content.,71.0
s1352,Movie,Show Title 1352,Director 52,"Actor 0, Actor 1, Actor 2, Actor 3, Actor 4",United Kingdom,"January 25, 2004",2003,TV-MA,153 min,"Comedy, Action, Sci-Fi",A generic description of the show content.,94.9
s1353,TV Show,Show Title 1353,Director 53,"Actor 0, Actor 1, Actor 2, Actor 3, Actor 4, Actor 5, Actor 6, Actor 7",United Kingdom,"January 25, 2002",2000,TV-14,6 Season,"Thriller, Romance, Documentary",A generic description of the show content.,93.6
s1354,Movie,Show Title 1354,Director 54,"Actor 0, Actor 1, Actor 2, Actor 3, Actor 4, Actor 5, Actor 6",United States,"January 24, 2010",2009,TV-14,127 min,Action,A generic description of the show content.,96.7
s1355,Movie,Show Title 1355,Director 55,"Actor 0, Actor 1",India,"January 14, 2016",2015,TV-MA,177 min,"Drama, Thriller",A generic description of the show content.,75.6
s1356,TV Show,Show Title 1356,Director 56,"Actor 0, Actor 1, Actor 2, Actor 3, Actor 4, Actor 5",United Kingdom,"January 10, 1992",1991,PG-13,4 Season,Romance,A generic description of the show content.,63.0
s1357,Movie,Show Title 1357,Director 57,"Actor 0, Actor 1, Actor 2, Actor 3, Actor 4, Actor 5, Actor 6, Actor 7, Actor 8, Actor 9",United Kingdom,"January 15, 2011",2010,PG-13,151 min,"Romance, Comedy, Sci-Fi",A generic description of the show content.,100.0
s1358,Movie,Show Title 1358,Director 58,"Actor 0, Actor 1, Actor 2, Actor 3, Actor 4, Actor 5, Actor 6, Actor 7, Actor 8",United States,"January 8, 2021",2020,TV-PG,172 min,"Thriller, Drama, Sci-Fi",A generic description of the show content.,100.0
s1359,Movie,Show Title 1359,Director 59,"Actor 0, Actor 1, Actor 2, Actor 3, Actor 4, Actor 5, Actor 6",United States,"January 15, 1994",1993,PG-13,161 min,"Action, Documentary",A generic description of the show content.,80.3
s1360,Movie,Show Title 1360,Director 60,"Actor 0, Actor 1, Actor 2, Actor 3, Actor 4, Actor 5",Japan,"January 19, 1994",1994,TV-PG,121 min,"Thriller, Comedy, Romance",A generic description of the show content.,72.8
s1361,Movie,Show Title 1361,Director 61,"Actor 0, Actor 1, Actor 2, Actor 3, Actor 4, Actor 5",United States,"January 23, 2024",2024,TV-MA,177 min,"Action, Documentary, Romance",A generic description of the show content.,100.0
s1362,TV Show,Show Title 1362,Director 62,"Actor 0, Actor 1, Actor 2, Actor 3",United States,"January 11, 2011",2010,TV-MA,6 Season,"Romance, Comedy",A generic description of the show content.,94.2
s1363,Movie,Show Title 1363,Director 63,"Actor 0, Actor 1, Actor 2",United States,"January 21, 2007",2006,R,112 min,"Romance, Drama, Comedy",A generic description of the show content.,80.3
s1364,Movie,Show Title 1364,Director 64,"Actor 0, Actor 1, Actor 2, Actor 3, Actor 4, Actor 5, Actor 6",India,"January 1, 1995",1993,R,147 min,Documentary,A generic description of the show content.,85.5
s1365,TV Show,Show Title 1365,Director 65,"Actor 0, Actor 1, Actor 2, Actor 3, Actor 4, Actor 5, Actor 6",South Korea,"January 21, 2010",2010,PG-13,9 Season,"Action, Documentary",A generic description of the show content.,100.0
s1366,Movie,Show Title 1366,Director 66,"Actor 0, Actor 1, Actor 2, Actor 3, Actor 4, Actor 5, Actor 6, Actor 7, Actor 8, Actor 9",South Korea,"January 28, 1997",1997,TV-PG,148 min,Sci-Fi,A generic description of the show content.,85.2
s1367,TV Show,Show Title 1367,Director 67,"Actor 0, Actor 1, Actor 2, Actor 3, Actor 4, Actor 5, Actor 6, Actor 7, Actor 8",United Kingdom,"January 24, 2002",2002,TV-14,2 Season,"Thriller, Action, Sci-Fi",A generic description of the show content.,86.7
s1368,Movie,Show Title 1368,Director 68,"Actor 0, Actor 1",United Kingdom,"January 13, 2013",2011,TV-14,138 min,"Sci-Fi, Romance, Thriller",A generic description of the show content.,86.1
s1369,Movie,Show Title 1369,Director 69,"Actor 0, Actor 1, Actor 2, Actor 3, Actor 4, Actor 5, Actor 6, Actor 7",Japan,"January 5, 1992",1991,TV-MA,81 min,Action,A generic description of the show content.,68.7
s1370,Movie,Show Title 1370,Director 70,"Actor 0, Actor 1, Actor 2, Actor 3, Actor 4, Actor 5, Actor 6",United Kingdom,"January 23, 2026",2024,TV-MA,138 min,"Romance, Comedy, Documentary",A generic description of the show content.,100.0
s1371,Movie,Show Title 1371,Director 71,"Actor 0, Actor 1, Actor 2, Actor 3, Actor 4, Actor 5, Actor 6, Actor 7, Actor 8, Actor 9",United States,"January 20, 2009",2009,TV-MA,103 min,Drama,A generic description of the show content.,100.0
s1372,Movie,Show Title 1372,Director 72,"Actor 0, Actor 1, Actor 2, Actor 3, Actor 4",South Korea,"January 7, 2011",2010,TV-MA,120 min,Romance,A generic description of the show content.,81.3
s1373,Movie,Show Title 1373,Director 73,"Actor 0, Actor 1, Actor 2, Actor 3, Actor 4, Actor 5, Actor 6, Actor 7, Actor 8",United States,"January 4, 2004",2003,PG-13,178 min,"Drama, Comedy",A generic description of the show content.,81.4
s1374,Movie,Show Title 1374,Director 74,"Actor 0, Actor 1, Actor 2, Actor 3, Actor 4, Actor 5, Actor 6, Actor 7, Actor 8",United Kingdom,"January 13, 2003",2003,TV-MA,128 min,Thriller,A generic description of the show content.,100.0
s1375,TV Show,Show Title 1375,Director 75,"Actor 0, Actor 1, Actor 2, Actor 3, Actor 4, Actor 5, Actor 6, Actor 7, Actor 8, Actor 9",India,"January 4, 1997",1997,TV-MA,2 Season,Documentary,A generic description of the show content.,83.4
s1376,Movie,Show Title 1376,Director 76,"Actor 0, Actor 1, Actor 2, Actor 3, Actor 4",India,"January 3, 2014",2012,TV-14,175 min,"Thriller, Comedy",A generic description of the show content.,91.3
s1377,Movie,Show Title 1377,Director 77,"Actor 0, Actor 1, Actor 2, Actor 3, Actor 4, Actor 5, Actor 6, Actor 7",India,"January 13, 2019",2019,TV-14,82 min,Thriller,A generic description of the show content.,100.0
s1378,Movie,Show Title 1378,Director 78,"Actor 0, Actor 1, Actor 2, Actor 3, Actor 4, Actor 5, Actor 6, Actor 7",United States,"January 16, 1994",1994,TV-14,135 min,"Action, Comedy, Drama",A generic description of the show content.,75.9
s1379,TV Show,Show Title 1379,Director 79,"Actor 0, Actor 1",Japan,"January 5, 1994",1992,TV-MA,3 Season,Comedy,A generic description of the show content.,80.3
s1380,Movie,Show Title 1380,Director 80,"Actor 0, Actor 1, Actor 2, Actor 3, Actor 4, Actor 5, Actor 6",India,"January 20, 1993",1992,TV-MA,87 min,"Sci-Fi, Comedy, Action",A generic description of the show content.,83.8
s1381,Movie,Show Title 1381,Director 81,"Actor 0, Actor 1, Actor 2, Actor 3, Actor 4, Actor 5, Actor 6",United States,"January 4, 2023",2023,PG-13,99 min,"Sci-Fi, Romance, Comedy",A generic description of the show content.,100.0
s1382,Movie,Show Title 1382,Director 82,"Actor 0, Actor 1, Actor 2, Actor 3, Actor 4, Actor 5, Actor 6",United States,"January 1, 2014",2013,PG-13,113 min,"Action, Drama, Romance",A generic description of the show content.,100.0
s1383,TV Show,Show Title 1383,Director 83,"Actor 0, Actor 1, Actor 2, Actor 3",United States,"January 6, 2016",2016,PG-13,1 Season,"Thriller, Documentary, Romance",A generic description of the show content.,95.9
s1384,Movie,Show Title 1384,Director 84,"Actor 0, Actor 1, Actor 2, Actor 3, Actor 4, Actor 5, Actor 6, Actor 7, Actor 8",United States,"January 14, 2018",2016,R,88 min,Thriller,A generic description of the show content.,100.0
s1385,Movie,Show Title 1385,Director 85,"Actor 0, Actor 1, Actor 2, Actor 3",United Kingdom,"January 11, 1992",1990,TV-PG,119 min,"Thriller, Action",A generic description of the show content.,71.0
s1386,Movie,Show Title 1386,Director 86,"Actor 0, Actor 1, Actor 2, Actor 3, Actor 4",United Kingdom,"January 5, 1996",1996,TV-PG,141 min,"Romance, Documentary",A generic description of the show content.,87.0
s1387,Movie,Show Title 1387,Director 87,"Actor 0, Actor 1, Actor 2",South Korea,"January 23, 2005",2004,TV-14,164 min,Romance,A generic description of the show content.,97.6
s1388,TV Show,Show Title 1388,Director 88,"Actor 0, Actor 1, Actor 2, Actor 3, Actor 4, Actor 5",United States,"January 11, 2006",2004,R,5 Season,Romance,A generic description of the show content.,88.3
s1389,Movie,Show Title 1389,Director 89,"Actor 0, Actor 1, Actor 2, Actor 3, Actor 4, Actor 5, Actor 6, Actor 7",India,"January 12, 2009",2007,TV-MA,177 min,Action,A generic description of the show content.,94.0
s1390,Movie,Show Title 1390,Director 90,"Actor 0, Actor 1, Actor 2, Actor 3, Actor 4",South Korea,"January 6, 1992",1992,TV-MA,175 min,"Romance, Drama",A generic description of the show content.,77.6
s1391,Movie,Show Title 1391,Director 91,"Actor 0, Actor 1, Actor 2, Actor 3, Actor 4, Actor 5, Actor 6, Actor 7, Actor 8",Japan,"January 16, 2006",2005,TV-MA,100 min,"Action, Drama",A generic description of the show content.,93.7
s1392,Movie,Show Title 1392,Director 92,"Actor 0, Actor 1, Actor 2, Actor 3, Actor 4, Actor 5",Japan,"January 18, 2016",2015,PG-13,137 min,Thriller,A generic description of the show content.,100.0
s1393,TV Show,Show Title 1393,Director 93,"Actor 0, Actor 1, Actor 2, Actor 3, Actor 4, Actor 5, Actor 6",United Kingdom,"January 26, 2023",2022,TV-PG,6 Season,"Comedy, Action",A generic description of the show content.,100.0
s1394,Movie,Show Title 1394,Director 94,"Actor 0, Actor 1, Actor 2, Actor 3, Actor 4, Actor 5, Actor 6, Actor 7",United States,"January 21, 2011",2011,TV-PG,177 min,"Action, Drama, Sci-Fi",A generic description of the show content.,100.0
s1395,Movie,Show Title 1395,Director 95,"Actor 0, Actor 1, Actor 2, Actor 3, Actor 4, Actor 5",United States,"January 5, 2020",2019,TV-14,94 min,Documentary,A generic description of the show content.,100.0
s1396,Movie,Show Title 1396,Director 96,"Actor 0, Actor 1, Actor 2, Actor 3, Actor 4, Actor 5, Actor 6, Actor 7, Actor 8, Actor 9",India,"January 7, 1995",1995,TV-MA,144 min,Thriller,A generic description of the show content.,69.0
s1397,TV Show,Show Title 1397,Director 97,"Actor 0, Actor 1, Actor 2, Actor 3, Actor 4, Actor 5, Actor 6, Actor 7, Actor 8, Actor 9",United States,"January 17, 2012",2012,TV-PG,9 Season,"Sci-Fi, Comedy, Documentary",A generic description of the show content.,98.3
s1398,Movie,Show Title 1398,Director 98,"Actor 0, Actor 1, Actor 2, Actor 3",United States,"January 21, 2025",2023,TV-PG,101 min,"Comedy, Drama",A generic description of the show content.,100.0
s1399,Movie,Show Title 1399,Director 99,"Actor 0, Actor 1",South Korea,"January 13, 2000",1999,R,149 min,"Thriller, Comedy, Action",A generic description of the show content.,70.9
s1400,TV Show,Show Title 1400,Director 0,"Actor 0, Actor 1, Actor 2, Actor 3, Actor 4, Actor 5",South Korea,"January 1, 2020",2020,TV-14,8 Season,"Comedy, Romance",A generic description of the show content.,100.0
s1401,TV Show,Show Title 1401,Director 1,"Actor 0, Actor 1, Actor 2, Actor 3",United Kingdom,"January 5, 2004",2003,TV-MA,10 Season,"Drama, Sci-Fi, Thriller",A generic description of the show content.,92.9
s1402,TV Show,Show Title 1402,Director 2,"Actor 0, Actor 1, Actor 2, Actor 3, Actor 4, Actor 5, Actor 6, Actor 7",Japan,"January 13, 2007",2005,TV-MA,7 Season,Romance,A generic description of the show content.,100.0
s1403,Movie,Show Title 1403,Director 3,"Actor 0, Actor 1, Actor 2",United States,"January 24, 2006",2004,TV-PG,115 min,Thriller,A generic description of the show content.,89.2
s1404,TV Show,Show Title 1404,Director 4,"Actor 0, Actor 1, Actor 2",United States,"January 17, 2019",2018,TV-PG,3 Season,"Action, Sci-Fi, Drama",A generic description of the show content.,100.0
s1405,Movie,Show Title 1405,Director 5,"Actor 0, Actor 1, Actor 2, Actor 3, Actor 4, Actor 5, Actor 6, Actor 7, Actor 8, Actor 9",United Kingdom,"January 24, 2022",2020,R,109 min,"Thriller, Action, Drama",A generic description of the show content.,100.0
s1406,Movie,Show Title 1406,Director 6,"Actor 0, Actor 1, Actor 2, Actor 3, Actor 4, Actor 5",Japan,"January 4, 2013",2011,R,114 min,Thriller,A generic description of the show content.,84.3
s1407,Movie,Show Title 1407,Director 7,"Actor 0, Actor 1, Actor 2",United States,"January 3, 2023",2021,TV-PG,177 min,"Comedy, Documentary",A generic description of the show content.,100.0
s1408,TV Show,Show Title 1408,Director 8,"Actor 0, Actor 1, Actor 2",Japan,"January 28, 2006",2005,TV-14,8 Season,"Thriller, Sci-Fi, Drama",A generic description of the show content.,85.3
s1409,TV Show,Show Title 1409,Director 9,"Actor 0, Actor 1, Actor 2",United Kingdom,"January 1, 2011",2011,R,7 Season,"Sci-Fi, Action, Romance",A generic description of the show content.,95.0
s1410,Movie,Show Title 1410,Director 10,"Actor 0, Actor 1, Actor 2, Actor 3, Actor 4, Actor 5, Actor 6, Actor 7, Actor 8",India,"January 18, 2019",2017,TV-PG,165 min,"Drama, Romance",A generic description of the show content.,100.0
s1411,Movie,Show Title 1411,Director 11,"Actor 0, Actor 1, Actor 2",India,"January 4, 2014",2014,TV-14,85 min,"Drama, Documentary, Sci-Fi",A generic description of the show content.,100.0
s1412,Movie,Show Title 1412,Director 12,"Actor 0, Actor 1, Actor 2, Actor 3, Actor 4, Actor 5, Actor 6, Actor 7, Actor 8",United Kingdom,"January 28, 2017",2016,TV-PG,130 min,"Romance, Drama, Action",A generic description of the show content.,100.0
s1413,TV Show,Show Title 1413,Director 13,"Actor 0, Actor 1, Actor 2, Actor 3",United States,"January 1, 2017",2015,TV-14,7 Season,"Drama, Comedy, Documentary",A generic description of the show content.,100.0
s1414,Movie,Show Title 1414,Director 14,"Actor 0, Actor 1, Actor 2, Actor 3, Actor 4, Actor 5, Actor 6",South Korea,"January 27, 1993",1991,TV-14,173 min,"Sci-Fi, Action",A generic description of the show content.,69.1
s1415,Movie,Show Title 1415,Director 15,"Actor 0, Actor 1, Actor 2, Actor 3, Actor 4, Actor 5, Actor 6, Actor 7, Actor 8",South Korea,"January 23, 2009",2007,TV-14,137 min,Action,A generic description of the show content.,100.0
s1416,TV Show,Show Title 1416,Director 16,"Actor 0, Actor 1, Actor 2, Actor 3, Actor 4, Actor 5, Actor 6, Actor 7, Actor 8",United States,"January 28, 2010",2010,TV-14,7 Season,"Sci-Fi, Comedy",A generic description of the show content.,100.0
s1417,Movie,Show Title 1417,Director 17,"Actor 0, Actor 1, Actor 2",India,"January 21, 2005",2004,TV-14,120 min,"Drama, Romance",A generic description of the show content.,89.7
s1418,Movie,Show Title 1418,Director 18,"Actor 0, Actor 1, Actor 2, Actor 3, Actor 4, Actor 5, Actor 6, Actor 7, Actor 8",United Kingdom,"January 12, 2015",2014,R,105 min,"Sci-Fi, Romance",A generic description of the show content.,100.0
s1419,TV Show,Show Title 1419,Director 19,"Actor 0, Actor 1, Actor 2, Actor 3, Actor 4",United Kingdom,"January 19, 2001",2000,TV-PG,6 Season,Drama,A generic description of the show content.,90.1
s1420,TV Show,Show Title 1420,Director 20,"Actor 0, Actor 1, Actor 2",India,"January 7, 2024",2024,PG-13,3 Season,"Documentary, Romance",A generic description of the show content.,100.0
s1421,TV Show,Show Title 1421,Director 21,"Actor 0, Actor 1, Actor 2, Actor 3, Actor 4, Actor 5, Actor 6",South Korea,"January 18, 2016",2015,R,5 Season,Romance,A generic description of the show content.,100.0
s1422,Movie,Show Title 1422,Director 22,"Actor 0, Actor 1, Actor 2, Actor 3, Actor 4, Actor 5, Actor 6, Actor 7, Actor 8",United States,"January 27, 2008",2008,TV-MA,158 min,"Drama, Action, Comedy",A generic description of the show content.,100.0
s1423,Movie,Show Title 1423,Director 23,"Actor 0, Actor 1, Actor 2, Actor 3, Actor 4",United Kingdom,"January 8, 2007",2007,R,83 min,"Comedy, Romance",A generic description of the show content.,82.1
s1424,Movie,Show Title 1424,Director 24,"Actor 0, Actor 1, Actor 2, Actor 3, Actor 4, Actor 5, Actor 6, Actor 7, Actor 8",United States,"January 27, 1991",1990,R,117 min,Drama,A generic description of the show content.,67.6
s1425,Movie,Show Title 1425,Director 25,"Actor 0, Actor 1, Actor 2, Actor 3, Actor 4, Actor 5, Actor 6, Actor 7, Actor 8, Actor 9",South Korea,"January 19, 2003",2002,TV-PG,132 min,Sci-Fi,A generic description of the show content.,73.3
s1426,TV Show,Show Title 1426,Director 26,"Actor 0, Actor 1, Actor 2, Actor 3, Actor 4, Actor 5, Actor 6",South Korea,"January 8, 2007",2006,TV-PG,6 Season,"Thriller, Action",A generic description of the show content.,100.0
s1427,Movie,Show Title 1427,Director 27,"Actor 0, Actor 1, Actor 2, Actor 3",South Korea,"January 4, 2000",1998,R,121 min,"Comedy, Documentary, Romance",A generic description of the show content.,64.0
s1428,Movie,Show Title 1428,Director 28,"Actor 0, Actor 1, Actor 2, Actor 3, Actor 4, Actor 5, Actor 6, Actor 7, Actor 8, Actor 9",United States,"January 27, 2004",2004,R,172 min,"Romance, Sci-Fi",A generic description of the show content.,93.8
s1429,Movie,Show Title 1429,Director 29,"Actor 0, Actor 1, Actor 2, Actor 3, Actor 4, Actor 5, Actor 6, Actor 7",Japan,"January 3, 2019",2019,PG-13,159 min,"Thriller, Documentary",A generic description of the show content.,100.0
s1430,Movie,Show Title 1430,Director 30,"Actor 0, Actor 1, Actor 2, Actor 3",India,"January 3, 1995",1993,TV-14,124 min,"Sci-Fi, Romance",A generic description of the show content.,70.6
s1431,Movie,Show Title 1431,Director 31,"Actor 0, Actor 1, Actor 2, Actor 3, Actor 4, Actor 5, Actor 6, Actor 7, Actor 8",United Kingdom,"January 14, 2008",2006,TV-MA,173 min,Romance,A generic description of the show content.,100.0
s1432,TV Show,Show Title 1432,Director 32,"Actor 0, Actor 1, Actor 2, Actor 3, Actor 4, Actor 5, Actor 6",United States,"January 8, 2020",2018,TV-PG,5 Season,"Romance, Sci-Fi, Action",A generic description of the show content.,100.0
s1433,TV Show,Show Title 1433,Director 33,"Actor 0, Actor 1",United States,"January 23, 2025",2024,TV-PG,10 Season,"Sci-Fi, Drama",A generic description of the show content.,100.0
s1434,Movie,Show Title 1434,Director 34,"Actor 0, Actor 1, Actor 2, Actor 3, Actor 4",South Korea,"January 8, 1996",1994,TV-MA,147 min,"Romance, Comedy",A generic description of the show content.,69.3
s1435,TV Show,Show Title 1435,Director 35,"Actor 0, Actor 1, Actor 2, Actor 3, Actor 4, Actor 5, Actor 6, Actor 7",United States,"January 19, 2023",2021,R,2 Season,"Drama, Sci-Fi",A generic description of the show content.,100.0
s1436,TV Show,Show Title 1436,Director 36,"Actor 0, Actor 1, Actor 2, Actor 3, Actor 4, Actor 5",United States,"January 12, 2020",2020,R,3 Season,"Comedy, Drama",A generic description of the show content.,100.0
s1437,TV Show,Show Title 1437,Director 37,"Actor 0, Actor 1, Actor 2, Actor 3, Actor 4, Actor 5, Actor 6",India,"January 21, 2003",2001,PG-13,5 Season,"Comedy, Sci-Fi",A generic description of the show content.,100.0
s1438,Movie,Show Title 1438,Director 38,"Actor 0, Actor 1",United Kingdom,"January 18, 2023",2023,TV-14,112 min,Documentary,A generic description of the show content.,100.0
s1439,Movie,Show Title 1439,Director 39,"Actor 0, Actor 1, Actor 2, Actor 3, Actor 4, Actor 5, Actor 6, Actor 7",United States,"January 10, 2023",2023,TV-PG,81 min,Action,A generic description of the show content.,100.0
s1440,Movie,Show Title 1440,Director 40,"Actor 0, Actor 1, Actor 2, Actor 3, Actor 4, Actor 5, Actor 6, Actor 7, Actor 8, Actor 9",Japan,"January 7, 2002",2001,PG-13,104 min,"Documentary, Thriller, Comedy",A generic description of the show content.,98.1
s1441,TV Show,Show Title 1441,Director 41,"Actor 0, Actor 1, Actor 2, Actor 3",South Korea,"January 17, 2013",2013,R,10 Season,Thriller,A generic description of the show content.,100.0
s1442,Movie,Show Title 1442,Director 42,"Actor 0, Actor 1, Actor 2, Actor 3, Actor 4, Actor 5, Actor 6",United States,"January 22, 2024",2024,TV-PG,95 min,"Action, Drama",A generic description of the show content.,100.0
s1443,Movie,Show Title 1443,Director 43,"Actor 0, Actor 1, Actor 2, Actor 3, Actor 4, Actor 5, Actor 6, Actor 7, Actor 8",South Korea,"January 22, 2023",2021,R,104 min,"Comedy, Documentary, Action",A generic description of the show content.,100.0
s1444,TV Show,Show Title 1444,Director 44,"Actor 0, Actor 1, Actor 2, Actor 3",South Korea,"January 8, 1995",1994,TV-MA,6 Season,Action,A generic description of the show content.,78.0
s1445,TV Show,Show Title 1445,Director 45,"Actor 0, Actor 1, Actor 2, Actor 3, Actor 4, Actor 5, Actor 6, Actor 7, Actor 8, Actor 9",United States,"January 3, 1995",1993,TV-14,8 Season,"Romance, Documentary, Drama",A generic description of the show content.,78.0
s1446,TV Show,Show Title 1446,Director 46,"Actor 0, Actor 1, Actor 2, Actor 3, Actor 4",India,"January 10, 2025",2024,TV-MA,9 Season,"Sci-Fi, Documentary",A generic description of the show content.,100.0
s1447,Movie,Show Title 1447,Director 47,"Actor 0, Actor 1, Actor 2, Actor 3, Actor 4, Actor 5, Actor 6, Actor 7, Actor 8",United States,"January 1, 2018",2017,PG-13,131 min,"Thriller, Drama",A generic description of the show content.,100.0
s1448,Movie,Show Title 1448,Director 48,"Actor 0, Actor 1",India,"January 17, 2014",2014,TV-MA,119 min,"Sci-Fi, Action",A generic description of the show content.,100.0
s1449,TV Show,Show Title 1449,Director 49,"Actor 0, Actor 1, Actor 2, Actor 3, Actor 4, Actor 5, Actor 6, Actor 7, Actor 8, Actor 9",United States,"January 1, 2024",2024,TV-14,3 Season,"Action, Romance, Drama",A generic description of the show content.,100.0
s1450,Movie,Show Title 1450,Director 50,"Actor 0, Actor 1, Actor 2, Actor 3, Actor 4, Actor 5, Actor 6, Actor 7, Actor 8, Actor 9",United States,"January 28, 2024",2024,TV-PG,86 min,"Sci-Fi, Thriller, Documentary",A generic description of the show content.,100.0
s1451,Movie,Show Title 1451,Director 51,"Actor 0, Actor 1, Actor 2, Actor 3, Actor 4, Actor 5, Actor 6",United Kingdom,"January 3, 2005",2003,TV-MA,92 min,"Comedy, Sci-Fi",A generic description of the show content.,100.0
s1452,Movie,Show Title 1452,Director 52,"Actor 0, Actor 1, Actor 2",India,"January 10, 1990",1990,TV-MA,85 min,"Comedy, Romance",A generic description of the show content.,63.4
s1453,Movie,Show Title 1453,Director 53,"Actor 0, Actor 1, Actor 2, Actor 3, Actor 4, Actor 5, Actor 6",South Korea,"January 27, 2012",2011,PG-13,102 min,"Sci-Fi, Comedy",A generic description of the show content.,100.0
s1454,Movie,Show Title 1454,Director 54,"Actor 0, Actor 1, Actor 2, Actor 3, Actor 4",India,"January 21, 2008",2006,TV-14,134 min,"Documentary, Romance, Action",A generic description of the show content.,99.7
s1455,Movie,Show Title 1455,Director 55,"Actor 0, Actor 1, Actor 2, Actor 3, Actor 4, Actor 5, Actor 6, Actor 7, Actor 8",United States,"January 9, 2018",2016,PG-13,128 min,"Sci-Fi, Comedy",A generic description of the show content.,94.4
s1456,Movie,Show Title 1456,Director 56,"Actor 0, Actor 1, Actor 2",United States,"January 4, 2018",2018,R,96 min,"Romance, Comedy, Drama",A generic description of the show content.,100.0
s1457,Movie,Show Title 1457,Director 57,"Actor 0, Actor 1, Actor 2, Actor 3, Actor 4, Actor 5, Actor 6, Actor 7",India,"January 10, 2002",2000,TV-14,174 min,"Romance, Sci-Fi",A generic description of the show content.,89.8
s1458,Movie,Show Title 1458,Director 58,"Actor 0, Actor 1, Actor 2, Actor 3, Actor 4",India,"January 3, 1998",1996,R,177 min,Thriller,A generic description of the show content.,86.9
s1459,Movie,Show Title 1459,Director 59,"Actor 0, Actor 1, Actor 2, Actor 3, Actor 4",India,"January 2, 1993",1992,TV-MA,140 min,"Drama, Sci-Fi",A generic description of the show content.,79.7
s1460,Movie,Show Title 1460,Director 60,"Actor 0, Actor 1, Actor 2, Actor 3, Actor 4, Actor 5, Actor 6, Actor 7, Actor 8",United Kingdom,"January 24, 1994",1994,R,110 min,"Documentary, Action",A generic description of the show content.,82.6
s1461,Movie,Show Title 1461,Director 61,"Actor 0, Actor 1, Actor 2, Actor 3, Actor 4",United States,"January 24, 2023",2022,PG-13,178 min,Sci-Fi,A generic description of the show content.,100.0
s1462,Movie,Show Title 1462,Director 62,"Actor 0, Actor 1, Actor 2, Actor 3, Actor 4, Actor 5, Actor 6, Actor 7, Actor 8",South Korea,"January 7, 2013",2011,PG-13,112 min,Action,A generic description of the show content.,100.0
s1463,Movie,Show Title 1463,Director 63,"Actor 0, Actor 1, Actor 2, Actor 3",United States,"January 21, 2008",2008,TV-14,144 min,Comedy,A generic description of the show content.,81.5
s1464,Movie,Show Title 1464,Director 64,"Actor 0, Actor 1, Actor 2, Actor 3, Actor 4, Actor 5, Actor 6, Actor 7, Actor 8, Actor 9",India,"January 10, 2020",2018,TV-MA,88 min,Documentary,A generic description of the show content.,100.0
s1465,Movie,Show Title 1465,Director 65,"Actor 0, Actor 1, Actor 2, Actor 3, Actor 4, Actor 5, Actor 6, Actor 7, Actor 8, Actor 9",South Korea,"January 1, 1995",1993,TV-MA,94 min,"Drama, Thriller, Documentary",A generic description of the show content.,90.4
s1466,TV Show,Show Title 1466,Director 66,"Actor 0, Actor 1, Actor 2, Actor 3, Actor 4",United States,"January 1, 1993",1992,PG-13,3 Season,Romance,A generic description of the show content.,84.7
s1467,Movie,Show Title 1467,Director 67,"Actor 0, Actor 1, Actor 2",Japan,"January 1, 1999",1997,R,108 min,"Drama, Documentary, Romance",A generic description of the show content.,80.4
s1468,TV Show,Show Title 1468,Director 68,"Actor 0, Actor 1, Actor 2, Actor 3, Actor 4",United Kingdom,"January 22, 2009",2008,TV-PG,10 Season,"Thriller, Romance",A generic description of the show content.,80.0
s1469,Movie,Show Title 1469,Director 69,"Actor 0, Actor 1, Actor 2, Actor 3, Actor 4, Actor 5, Actor 6, Actor 7, Actor 8, Actor 9",South Korea,"January 12, 2019",2019,TV-MA,141 min,Thriller,A generic description of the show content.,100.0
s1470,Movie,Show Title 1470,Director 70,"Actor 0, Actor 1",United Kingdom,"January 14, 2015",2014,TV-MA,112 min,Action,A generic description of the show content.,100.0
s1471,Movie,Show Title 1471,Director 71,"Actor 0, Actor 1, Actor 2, Actor 3, Actor 4, Actor 5, Actor 6",India,"January 7, 2025",2024,R,109 min,"Comedy, Romance",A generic description of the show content.,100.0
s1472,TV Show,Show Title 1472,Director 72,"Actor 0, Actor 1, Actor 2, Actor 3, Actor 4, Actor 5, Actor 6",India,"January 11, 2020",2018,R,8 Season,"Thriller, Action",A generic description of the show content.,100.0
s1473,Movie,Show Title 1473,Director 73,"Actor 0, Actor 1, Actor 2, Actor 3, Actor 4, Actor 5, Actor 6",India,"January 15, 2007",2005,R,107 min,"Comedy, Documentary, Sci-Fi",A generic description of the show content.,91.6
s1474,Movie,Show Title 1474,Director 74,"Actor 0, Actor 1, Actor 2, Actor 3, Actor 4, Actor 5, Actor 6, Actor 7, Actor 8",United States,"January 10, 2017",2015,R,98 min,"Drama, Documentary",A generic description of the show content.,100.0
s1475,Movie,Show Title 1475,Director 75,"Actor 0, Actor 1, Actor 2, Actor 3",United States,"January 15, 2000",2000,TV-MA,164 min,"Documentary, Thriller",A generic description of the show content.,84.5
s1476,Movie,Show Title 1476,Director 76,"Actor 0, Actor 1, Actor 2, Actor 3, Actor 4",United Kingdom,"January 5, 2008",2007,TV-14,175 min,"Documentary, Comedy, Thriller",A generic description of the show content.,89.3
s1477,Movie,Show Title 1477,Director 77,"Actor 0, Actor 1, Actor 2, Actor 3, Actor 4, Actor 5, Actor 6, Actor 7, Actor 8, Actor 9",Japan,"January 24, 2000",1998,PG-13,177 min,"Action, Documentary",A generic description of the show content.,96.2
s1478,Movie,Show Title 1478,Director 78,"Actor 0, Actor 1",United Kingdom,"January 11, 1995",1995,TV-14,82 min,Sci-Fi,A generic description of the show content.,57.6
s1479,TV Show,Show Title 1479,Director 79,"Actor 0, Actor 1, Actor 2, Actor 3, Actor 4, Actor 5, Actor 6",United States,"January 20, 2000",1999,TV-PG,4 Season,"Sci-Fi, Drama",A generic description of the show content.,83.1
s1480,TV Show,Show Title 1480,Director 80,"Actor 0, Actor 1, Actor 2, Actor 3, Actor 4, Actor 5, Actor 6, Actor 7, Actor 8, Actor 9",India,"January 6, 2011",2011,TV-MA,3 Season,"Action, Drama",A generic description of the show content.,100.0
s1481,Movie,Show Title 1481,Director 81,"Actor 0, Actor 1, Actor 2, Actor 3, Actor 4, Actor 5",India,"January 23, 2016",2016,PG-13,100 min,"Documentary, Romance, Thriller",A generic description of the show content.,100.0
s1482,Movie,Show Title 1482,Director 82,"Actor 0, Actor 1, Actor 2, Actor 3, Actor 4, Actor 5, Actor 6, Actor 7",United States,"January 16, 2019",2018,R,92 min,Comedy,A generic description of the show content.,100.0
s1483,Movie,Show Title 1483,Director 83,"Actor 0, Actor 1",United States,"January 16, 2015",2013,TV-PG,136 min,"Documentary, Comedy, Thriller",A generic description of the show content.,89.5
s1484,Movie,Show Title 1484,Director 84,"Actor 0, Actor 1, Actor 2, Actor 3",United States,"January 20, 1996",1995,R,127 min,Comedy,A generic description of the show content.,72.7
s1485,TV Show,Show Title 1485,Director 85,"Actor 0, Actor 1, Actor 2, Actor 3, Actor 4, Actor 5, Actor 6",United States,"January 20, 2003",2002,PG-13,6 Season,"Romance, Drama",A generic description of the show content.,100.0
s1486,Movie,Show Title 1486,Director 86,"Actor 0, Actor 1, Actor 2, Actor 3, Actor 4, Actor 5",India,"January 17, 2000",2000,R,126 min,"Comedy, Documentary",A generic description of the show content.,67.8
s1487,Movie,Show Title 1487,Director 87,"Actor 0, Actor 1, Actor 2, Actor 3, Actor 4, Actor 5, Actor 6, Actor 7",United States,"January 11, 2005",2005,TV-14,169 min,"Action, Thriller",A generic description of the show content.,80.9
s1488,TV Show,Show Title 1488,Director 88,"Actor 0, Actor 1, Actor 2, Actor 3",United Kingdom,"January 28, 2021",2019,PG-13,2 Season,"Documentary, Drama",A generic description of the show content.,96.2
s1489,TV Show,Show Title 1489,Director 89,"Actor 0, Actor 1",United States,"January 23, 2016",2014,TV-14,4 Season,"Thriller, Sci-Fi",A generic description of the show content.,100.0
s1490,Movie,Show Title 1490,Director 90,"Actor 0, Actor 1, Actor 2, Actor 3, Actor 4, Actor 5, Actor 6",United States,"January 5, 2023",2022,TV-14,180 min,"Thriller, Romance",A generic description of the show content.,100.0
s1491,Movie,Show Title 1491,Director 91,"Actor 0, Actor 1, Actor 2, Actor 3, Actor 4, Actor 5, Actor 6",India,"January 28, 2009",2007,PG-13,90 min,"Romance, Drama",A generic description of the show content.,100.0
s1492,Movie,Show Title 1492,Director 92,"Actor 0, Actor 1, Actor 2, Actor 3, Actor 4, Actor 5, Actor 6",United States,"January 3, 1996",1996,TV-PG,111 min,Comedy,A generic description of the show content.,72.4
s1493,TV Show,Show Title 1493,Director 93,"Actor 0, Actor 1, Actor 2",United Kingdom,"January 5, 1996",1994,R,1 Season,"Drama, Romance, Action",A generic description of the show content.,73.8
s1494,Movie,Show Title 1494,Director 94,"Actor 0, Actor 1, Actor 2, Actor 3",United States,"January 7, 1998",1996,PG-13,158 min,Drama,A generic description of the show content.,92.4
s1495,Movie,Show Title 1495,Director 95,"Actor 0, Actor 1, Actor 2, Actor 3, Actor 4",United Kingdom,"January 7, 1995",1995,PG-13,80 min,"Sci-Fi, Romance",A generic description of the show content.,92.6
s1496,Movie,Show Title 1496,Director 96,"Actor 0, Actor 1, Actor 2, Actor 3, Actor 4, Actor 5, Actor 6, Actor 7, Actor 8",United Kingdom,"January 20, 2004",2002,TV-MA,140 min,Romance,A generic description of the show content.,100.0
s1497,Movie,Show Title 1497,Director 97,"Actor 0, Actor 1",United Kingdom,"January 3, 1993",1993,TV-MA,136 min,Documentary,A generic description of the show content.,75.6
s1498,Movie,Show Title 1498,Director 98,"Actor 0, Actor 1, Actor 2",Japan,"January 7, 2002",2002,TV-14,169 min,Romance,A generic description of the show content.,89.2
s1499,TV Show,Show Title 1499,Director 99,"Actor 0, Actor 1, Actor 2, Actor 3, Actor 4, Actor 5, Actor 6, Actor 7, Actor 8, Actor 9",United States,"January 21, 2016",2015,TV-MA,10 Season,"Documentary, Thriller",A generic description of the show content.,100.0
s1500,Movie,Show Title 1500,Director 0,"Actor 0, Actor 1, Actor 2, Actor 3, Actor 4, Actor 5",Japan,"January 10, 2005",2005,PG-13,147 min,Romance,A generic description of the show content.,97.3
s1501,Movie,Show Title 1501,Director 1,"Actor 0, Actor 1, Actor 2, Actor 3, Actor 4, Actor 5, Actor 6, Actor 7, Actor 8",India,"January 1, 1995",1993,PG-13,159 min,"Drama, Romance",A generic description of the show content.,77.0
s1502,Movie,Show Title 1502,Director 2,"Actor 0, Actor 1, Actor 2, Actor 3, Actor 4, Actor 5",United Kingdom,"January 24, 2014",2013,R,169 min,"Documentary, Romance, Drama",A generic description of the show content.,98.3
s1503,Movie,Show Title 1503,Director 3,"Actor 0, Actor 1, Actor 2, Actor 3, Actor 4, Actor 5, Actor 6",Japan,"January 18, 2015",2013,TV-MA,143 min,"Sci-Fi, Thriller",A generic description of the show content.,100.0
s1504,Movie,Show Title 1504,Director 4,"Actor 0, Actor 1, Actor 2, Actor 3, Actor 4, Actor 5, Actor 6, Actor 7",United States,"January 15, 2013",2012,R,132 min,"Thriller, Action",A generic description of the show content.,100.0
s1505,Movie,Show Title 1505,Director 5,"Actor 0, Actor 1, Actor 2, Actor 3",United Kingdom,"January 26, 2015",2014,R,133 min,Sci-Fi,A generic description of the show content.,94.5
s1506,TV Show,Show Title 1506,Director 6,"Actor 0, Actor 1, Actor 2, Actor 3",United Kingdom,"January 5, 2017",2015,TV-MA,6 Season,Thriller,A generic description of the show content.,100.0
s1507,Movie,Show Title 1507,Director 7,"Actor 0, Actor 1",United States,"January 16, 2021",2020,TV-MA,99 min,"Action, Comedy",A generic description of the show content.,100.0
s1508,Movie,Show Title 1508,Director 8,"Actor 0, Actor 1, Actor 2, Actor 3, Actor 4, Actor 5, Actor 6, Actor 7, Actor 8",South Korea,"January 14, 2008",2007,TV-MA,109 min,Thriller,A generic description of the show content.,99.4
s1509,Movie,Show Title 1509,Director 9,"Actor 0, Actor 1, Actor 2, Actor 3, Actor 4, Actor 5, Actor 6, Actor 7, Actor 8",United Kingdom,"January 20, 2013",2012,TV-MA,93 min,Action,A generic description of the show content.,100.0
s1510,Movie,Show Title 1510,Director 10,"Actor 0, Actor 1, Actor 2, Actor 3",South Korea,"January 11, 2005",2003,TV-14,133 min,"Drama, Action",A generic description of the show content.,76.1
s1511,Movie,Show Title 1511,Director 11,"Actor 0, Actor 1, Actor 2, Actor 3, Actor 4, Actor 5",India,"January 11, 1999",1997,TV-14,156 min,Documentary,A generic description of the show content.,75.6
s1512,TV Show,Show Title 1512,Director 12,"Actor 0, Actor 1, Actor 2, Actor 3, Actor 4, Actor 5, Actor 6, Actor 7, Actor 8",Japan,"January 12, 2014",2013,TV-MA,10 Season,"Drama, Sci-Fi",A generic description of the show content.,100.0
s1513,Movie,Show Title 1513,Director 13,"Actor 0, Actor 1, Actor 2, Actor 3, Actor 4, Actor 5, Actor 6",United States,"January 19, 2005",2004,TV-MA,120 min,"Thriller, Action, Documentary",A generic description of the show content.,76.3
s1514,TV Show,Show Title 1514,Director 14,"Actor 0, Actor 1, Actor 2, Actor 3, Actor 4, Actor 5, Actor 6, Actor 7, Actor 8",South Korea,"January 1, 2005",2004,TV-PG,10 Season,"Comedy, Sci-Fi, Thriller",A generic description of the show content.,93.2
s1515,TV Show,Show Title 1515,Director 15,"Actor 0, Actor 1, Actor 2, Actor 3, Actor 4, Actor 5, Actor 6, Actor 7, Actor 8",United States,"January 15, 2001",1999,TV-14,10 Season,"Drama, Documentary",A generic description of the show content.,90.3
s1516,Movie,Show Title 1516,Director 16,"Actor 0, Actor 1, Actor 2, Actor 3, Actor 4, Actor 5, Actor 6",United States,"January 28, 2002",2002,R,178 min,"Romance, Comedy",A generic description of the show content.,100.0
s1517,Movie,Show Title 1517,Director 17,"Actor 0, Actor 1, Actor 2, Actor 3, Actor 4, Actor 5",United Kingdom,"January 11, 2011",2010,TV-14,125 min,"Thriller, Documentary, Comedy",A generic description of the show content.,100.0
s1518,Movie,Show Title 1518,Director 18,"Actor 0, Actor 1, Actor 2, Actor 3, Actor 4",India,"January 17, 2004",2002,TV-14,156 min,"Drama, Action, Sci-Fi",A generic description of the show content.,77.8
s1519,Movie,Show Title 1519,Director 19,"Actor 0, Actor 1, Actor 2, Actor 3, Actor 4, Actor 5",United States,"January 1, 1990",1990,R,118 min,"Comedy, Sci-Fi",A generic description of the show content.,85.5
s1520,Movie,Show Title 1520,Director 20,"Actor 0, Actor 1, Actor 2, Actor 3, Actor 4, Actor 5, Actor 6, Actor 7, Actor 8",India,"January 25, 2000",1999,PG-13,137 min,"Thriller, Documentary, Comedy",A generic description of the show content.,98.7
s1521,TV Show,Show Title 1521,Director 21,"Actor 0, Actor 1, Actor 2, Actor 3",India,"January 11, 2002",2002,PG-13,10 Season,"Action, Comedy",A generic description of the show content.,91.8
s1522,Movie,Show Title 1522,Director 22,"Actor 0, Actor 1, Actor 2, Actor 3, Actor 4, Actor 5, Actor 6, Actor 7",United States,"January 18, 2020",2020,R,127 min,Action,A generic description of the show content.,100.0
s1523,Movie,Show Title 1523,Director 23,"Actor 0, Actor 1, Actor 2, Actor 3, Actor 4, Actor 5",United States,"January 11, 2012",2010,TV-PG,158 min,Romance,A generic description of the show content.,87.4
s1524,Movie,Show Title 1524,Director 24,"Actor 0, Actor 1, Actor 2, Actor 3",India,"January 5, 1998",1998,TV-PG,143 min,Drama,A generic description of the show content.,76.3
s1525,Movie,Show Title 1525,Director 25,"Actor 0, Actor 1, Actor 2",United Kingdom,"January 14, 1996",1995,PG-13,176 min,"Action, Sci-Fi",A generic description of the show content.,84.4
s1526,Movie,Show Title 1526,Director 26,"Actor 0, Actor 1, Actor 2, Actor 3, Actor 4, Actor 5, Actor 6, Actor 7, Actor 8, Actor 9",India,"January 27, 2023",2023,TV-MA,133 min,"Sci-Fi, Thriller, Comedy",A generic description of the show content.,100.0
s1527,Movie,Show Title 1527,Director 27,"Actor 0, Actor 1, Actor 2, Actor 3, Actor 4, Actor 5, Actor 6, Actor 7, Actor 8, Actor 9",United States,"January 1, 2006",2006,TV-MA,109 min,Drama,A generic description of the show content.,100.0
s1528,Movie,Show Title 1528,Director 28,"Actor 0, Actor 1, Actor 2, Actor 3, Actor 4, Actor 5, Actor 6",United States,"January 11, 2005",2004,R,99 min,Documentary,A generic description of the show content.,85.1
s1529,Movie,Show Title 1529,Director 29,"Actor 0, Actor 1, Actor 2, Actor 3, Actor 4, Actor 5, Actor 6, Actor 7, Actor 8, Actor 9",United Kingdom,"January 3, 2021",2021,TV-MA,83 min,"Romance, Sci-Fi, Thriller",A generic description of the show content.,100.0
s1530,Movie,Show Title 1530,Director 30,"Actor 0, Actor 1, Actor 2, Actor 3, Actor 4, Actor 5, Actor 6",United States,"January 17, 2021",2021,R,80 min,"Romance, Drama",A generic description of the show content.,100.0
s1531,Movie,Show Title 1531,Director 31,"Actor 0, Actor 1, Actor 2, Actor 3",India,"January 27, 2008",2008,TV-PG,114 min,"Action, Documentary, Thriller",A generic description of the show content.,77.3
s1532,Movie,Show Title 1532,Director 32,"Actor 0, Actor 1, Actor 2, Actor 3, Actor 4, Actor 5",United States,"January 15, 2006",2006,R,130 min,Romance,A generic description of the show content.,94.2
s1533,Movie,Show Title 1533,Director 33,"Actor 0, Actor 1, Actor 2",United Kingdom,"January 2, 2023",2022,PG-13,178 min,"Comedy, Sci-Fi",A generic description of the show content.,100.0
s1534,TV Show,Show Title 1534,Director 34,"Actor 0, Actor 1, Actor 2, Actor 3, Actor 4, Actor 5",Japan,"January 12, 2003",2002,PG-13,10 Season,"Romance, Action, Comedy",A generic description of the show content.,85.3
s1535,Movie,Show Title 1535,Director 35,"Actor 0, Actor 1, Actor 2, Actor 3, Actor 4",United States,"January 27, 2006",2006,TV-14,107 min,"Drama, Action, Sci-Fi",A generic description of the show content.,78.1
s1536,Movie,Show Title 1536,Director 36,"Actor 0, Actor 1, Actor 2, Actor 3",South Korea,"January 16, 2015",2014,TV-PG,172 min,"Thriller, Sci-Fi",A generic description of the show content.,100.0
s1537,Movie,Show Title 1537,Director 37,"Actor 0, Actor 1",United Kingdom,"January 28, 2005",2005,TV-14,89 min,"Drama, Sci-Fi, Romance",A generic description of the show content.,81.2
s1538,TV Show,Show Title 1538,Director 38,"Actor 0, Actor 1",United States,"January 12, 2014",2014,TV-MA,10 Season,Drama,A generic description of the show content.,88.3
s1539,TV Show,Show Title 1539,Director 39,"Actor 0, Actor 1",United Kingdom,"January 10, 2013",2013,PG-13,2 Season,"Thriller, Romance",A generic description of the show content.,64.8
s1540,Movie,Show Title 1540,Director 40,"Actor 0, Actor 1, Actor 2, Actor 3, Actor 4, Actor 5, Actor 6, Actor 7, Actor 8",United States,"January 6, 2003",2003,PG-13,95 min,"Romance, Sci-Fi, Drama",A generic description of the show content.,97.2
s1541,Movie,Show Title 1541,Director 41,"Actor 0, Actor 1, Actor 2, Actor 3, Actor 4, Actor 5, Actor 6, Actor 7, Actor 8",United States,"January 3, 2009",2007,TV-MA,114 min,Romance,A generic description of the show content.,100.0
s1542,Movie,Show Title 1542,Director 42,"Actor 0, Actor 1, Actor 2, Actor 3, Actor 4, Actor 5, Actor 6, Actor 7",United States,"January 27, 2015",2014,R,83 min,Thriller,A generic description of the show content.,100.0
s1543,Movie,Show Title 1543,Director 43,"Actor 0, Actor 1, Actor 2, Actor 3, Actor 4, Actor 5",United States,"January 23, 1993",1992,R,164 min,Sci-Fi,A generic description of the show content.,65.4
s1544,Movie,Show Title 1544,Director 44,"Actor 0, Actor 1, Actor 2, Actor 3, Actor 4, Actor 5, Actor 6, Actor 7, Actor 8",United States,"January 26, 2007",2007,PG-13,104 min,Romance,A generic description of the show content.,92.5
s1545,TV Show,Show Title 1545,Director 45,"Actor 0, Actor 1, Actor 2, Actor 3, Actor 4, Actor 5",Japan,"January 12, 2017",2017,TV-PG,9 Season,"Thriller, Comedy, Drama",A generic description of the show content.,100.0
s1546,Movie,Show Title 1546,Director 46,"Actor 0, Actor 1, Actor 2, Actor 3, Actor 4, Actor 5, Actor 6, Actor 7, Actor 8, Actor 9",Japan,"January 18, 2024",2024,TV-14,100 min,"Romance, Action",A generic description of the show content.,100.0
s1547,TV Show,Show Title 1547,Director 47,"Actor 0, Actor 1, Actor 2, Actor 3, Actor 4, Actor 5, Actor 6",United States,"January 25, 2002",2001,TV-MA,10 Season,"Action, Thriller",A generic description of the show content.,93.5
s1548,TV Show,Show Title 1548,Director 48,"Actor 0, Actor 1, Actor 2",United Kingdom,"January 20, 2022",2021,TV-MA,9 Season,"Action, Thriller",A generic description of the show content.,100.0
s1549,Movie,Show Title 1549,Director 49,"Actor 0, Actor 1",United States,"January 11, 2021",2019,TV-MA,137 min,"Sci-Fi, Romance, Comedy",A generic description of the show content.,100.0
s1550,Movie,Show Title 1550,Director 50,"Actor 0, Actor 1, Actor 2, Actor 3, Actor 4",India,"January 27, 2002",2000,R,153 min,Sci-Fi,A generic description of the show content.,79.0
s1551,Movie,Show Title 1551,Director 51,"Actor 0, Actor 1",India,"January 9, 1999",1997,TV-MA,144 min,"Drama, Documentary, Sci-Fi",A generic description of the show content.,72.5
s1552,TV Show,Show Title 1552,Director 52,"Actor 0, Actor 1, Actor 2, Actor 3, Actor 4, Actor 5, Actor 6",United Kingdom,"January 18, 2012",2011,TV-PG,8 Season,Action,A generic description of the show content.,96.7
s1553,Movie,Show Title 1553,Director 53,"Actor 0, Actor 1, Actor 2, Actor 3, Actor 4",United States,"January 21, 2014",2012,R,175 min,"Romance, Drama",A generic description of the show content.,94.7
s1554,Movie,Show Title 1554,Director 54,"Actor 0, Actor 1, Actor 2, Actor 3, Actor 4, Actor 5, Actor 6, Actor 7, Actor 8, Actor 9",United Kingdom,"January 26, 2002",2002,R,171 min,Sci-Fi,A generic description of the show content.,90.7
s1555,Movie,Show Title 1555,Director 55,"Actor 0, Actor 1, Actor 2, Actor 3, Actor 4, Actor 5, Actor 6, Actor 7, Actor 8, Actor 9",United States,"January 21, 2009",2009,TV-MA,110 min,"Action, Comedy",A generic description of the show content.,100.0
s1556,Movie,Show Title 1556,Director 56,"Actor 0, Actor 1, Actor 2",United States,"January 3, 1998",1997,R,106 min,Sci-Fi,A generic description of the show content.,80.6
s1557,TV Show,Show Title 1557,Director 57,"Actor 0, Actor 1, Actor 2, Actor 3, Actor 4, Actor 5",India,"January 11, 2013",2012,TV-14,7 Season,Romance,A generic description of the show content.,92.0
s1558,Movie,Show Title 1558,Director 58,"Actor 0, Actor 1",India,"January 16, 2021",2020,TV-14,161 min,"Documentary, Drama, Thriller",A generic description of the show content.,100.0
s1559,Movie,Show Title 1559,Director 59,"Actor 0, Actor 1, Actor 2, Actor 3, Actor 4, Actor 5, Actor 6",United Kingdom,"January 22, 2015",2014,PG-13,176 min,"Sci-Fi, Drama, Thriller",A generic description of the show content.,100.0
s1560,Movie,Show Title 1560,Director 60,"Actor 0, Actor 1, Actor 2",South Korea,"January 8, 1997",1995,PG-13,140 min,"Documentary, Drama",A generic description of the show content.,73.3
s1561,Movie,Show Title 1561,Director 61,"Actor 0, Actor 1, Actor 2, Actor 3, Actor 4, Actor 5",United Kingdom,"January 18, 2007",2005,R,157 min,"Drama, Action",A generic description of the show content.,87.0
s1562,Movie,Show Title 1562,Director 62,"Actor 0, Actor 1",India,"January 17, 1991",1990,PG-13,167 min,Documentary,A generic description of the show content.,34.8
s1563,Movie,Show Title 1563,Director 63,"Actor 0, Actor 1, Actor 2",India,"January 23, 2016",2014,R,148 min,"Romance, Drama, Action",A generic description of the show content.,100.0
s1564,Movie,Show Title 1564,Director 64,"Actor 0, Actor 1, Actor 2, Actor 3, Actor 4, Actor 5, Actor 6, Actor 7",India,"January 4, 2002",2000,TV-MA,85 min,"Documentary, Action",A generic description of the show content.,98.4
s1565,TV Show,Show Title 1565,Director 65,"Actor 0, Actor 1, Actor 2, Actor 3, Actor 4, Actor 5, Actor 6, Actor 7",United States,"January 25, 2022",2020,TV-MA,8 Season,Drama,A generic description of the show content.,100.0
s1566,TV Show,Show Title 1566,Director 66,"Actor 0, Actor 1, Actor 2, Actor 3, Actor 4, Actor 5, Actor 6, Actor 7, Actor 8",United States,"January 8, 2003",2001,R,4 Season,"Sci-Fi, Romance",A generic description of the show content.,90.2
s1567,TV Show,Show Title 1567,Director 67,"Actor 0, Actor 1, Actor 2, Actor 3",South Korea,"January 24, 1999",1997,TV-PG,2 Season,Comedy,A generic description of the show content.,78.7
s1568,Movie,Show Title 1568,Director 68,"Actor 0, Actor 1, Actor 2, Actor 3, Actor 4, Actor 5, Actor 6, Actor 7, Actor 8, Actor 9",India,"January 4, 2018",2017,R,82 min,"Documentary, Romance, Action",A generic description of the show content.,100.0
s1569,Movie,Show Title 1569,Director 69,"Actor 0, Actor 1, Actor 2, Actor 3, Actor 4, Actor 5",India,"January 22, 2018",2017,R,88 min,Drama,A generic description of the show content.,100.0
s1570,Movie,Show Title 1570,Director 70,"Actor 0, Actor 1, Actor 2",South Korea,"January 19, 1998",1998,TV-MA,95 min,Comedy,A generic description of the show content.,80.9
s1571,Movie,Show Title 1571,Director 71,"Actor 0, Actor 1, Actor 2, Actor 3",South Korea,"January 19, 2014",2013,PG-13,151 min,"Thriller, Drama",A generic description of the show content.,90.0
s1572,Movie,Show Title 1572,Director 72,"Actor 0, Actor 1, Actor 2, Actor 3, Actor 4, Actor 5, Actor 6, Actor 7",United States,"January 1, 2000",1999,PG-13,118 min,Romance,A generic description of the show content.,87.4
s1573,Movie,Show Title 1573,Director 73,"Actor 0, Actor 1",United States,"January 10, 2023",2023,TV-14,165 min,"Documentary, Sci-Fi",A generic description of the show content.,94.9
s1574,TV Show,Show Title 1574,Director 74,"Actor 0, Actor 1, Actor 2, Actor 3, Actor 4",Japan,"January 4, 2003",2003,R,4 Season,"Thriller, Sci-Fi, Romance",A generic description of the show content.,89.2
s1575,Movie,Show Title 1575,Director 75,"Actor 0, Actor 1, Actor 2",United Kingdom,"January 16, 1996",1994,PG-13,98 min,"Comedy, Documentary, Sci-Fi",A generic description of the show content.,66.6
s1576,Movie,Show Title 1576,Director 76,"Actor 0, Actor 1, Actor 2, Actor 3, Actor 4, Actor 5, Actor 6, Actor 7",United States,"January 2, 2017",2016,PG-13,160 min,"Comedy, Action",A generic description of the show content.,98.8
s1577,TV Show,Show Title 1577,Director 77,"Actor 0, Actor 1, Actor 2, Actor 3, Actor 4, Actor 5, Actor 6, Actor 7, Actor 8",United Kingdom,"January 20, 1991",1991,TV-MA,4 Season,"Romance, Action, Thriller",A generic description of the show content.,91.1
s1578,Movie,Show Title 1578,Director 78,"Actor 0, Actor 1, Actor 2, Actor 3, Actor 4",South Korea,"January 20, 2024",2022,TV-14,132 min,"Sci-Fi, Romance, Comedy",A generic description of the show content.,100.0
s1579,Movie,Show Title 1579,Director 79,"Actor 0, Actor 1, Actor 2",United States,"January 23, 1991",1991,PG-13,133 min,Documentary,A generic description of the show content.,54.4
s1580,Movie,Show Title 1580,Director 80,"Actor 0, Actor 1, Actor 2, Actor 3, Actor 4, Actor 5, Actor 6",United States,"January 10, 2020",2019,TV-PG,163 min,"Action, Documentary",A generic description of the show content.,100.0
s1581,Movie,Show Title 1581,Director 81,"Actor 0, Actor 1, Actor 2, Actor 3, Actor 4, Actor 5, Actor 6, Actor 7, Actor 8",United Kingdom,"January 11, 2000",1998,TV-PG,140 min,"Drama, Romance",A generic description of the show content.,100.0
s1582,Movie,Show Title 1582,Director 82,"Actor 0, Actor 1, Actor 2, Actor 3, Actor 4",United States,"January 11, 2008",2007,TV-MA,114 min,"Documentary, Sci-Fi",A generic description of the show content.,80.3
s1583,Movie,Show Title 1583,Director 83,"Actor 0, Actor 1, Actor 2, Actor 3, Actor 4, Actor 5, Actor 6, Actor 7",United States,"January 9, 2010",2009,TV-PG,104 min,"Documentary, Romance",A generic description of the show content.,100.0
s1584,Movie,Show Title 1584,Director 84,"Actor 0, Actor 1, Actor 2, Actor 3, Actor 4, Actor 5, Actor 6, Actor 7, Actor 8, Actor 9",United Kingdom,"January 18, 1999",1998,TV-MA,178 min,"Action, Comedy, Sci-Fi",A generic description of the show content.,96.3
s1585,TV Show,Show Title 1585,Director 85,"Actor 0, Actor 1, Actor 2, Actor 3, Actor 4",India,"January 20, 2003",2001,TV-14,2 Season,"Romance, Action, Comedy",A generic description of the show content.,93.4
s1586,Movie,Show Title 1586,Director 86,"Actor 0, Actor 1, Actor 2, Actor 3, Actor 4, Actor 5, Actor 6, Actor 7, Actor 8",United Kingdom,"January 23, 2022",2021,TV-PG,127 min,Thriller,A generic description of the show content.,100.0
s1587,Movie,Show Title 1587,Director 87,"Actor 0, Actor 1, Actor 2",United States,"January 13, 2008",2006,R,157 min,Action,A generic description of the show content.,86.3
s1588,Movie,Show Title 1588,Director 88,"Actor 0, Actor 1, Actor 2, Actor 3, Actor 4, Actor 5",United States,"January 17, 2008",2006,R,143 min,"Documentary, Sci-Fi",A generic description of the show content.,82.7
s1589,Movie,Show Title 1589,Director 89,"Actor 0, Actor 1, Actor 2, Actor 3, Actor 4, Actor 5, Actor 6, Actor 7, Actor 8",United States,"January 14, 2018",2017,TV-14,160 min,"Documentary, Drama",A generic description of the show content.,100.0
s1590,Movie,Show Title 1590,Director 90,"Actor 0, Actor 1, Actor 2",United States,"January 9, 2013",2013,TV-PG,177 min,Drama,A generic description of the show content.,89.8
s1591,Movie,Show Title 1591,Director 91,"Actor 0, Actor 1",United States,"January 1, 1996",1996,TV-14,175 min,"Thriller, Comedy, Drama",A generic description of the show content.,43.8
s1592,TV Show,Show Title 1592,Director 92,"Actor 0, Actor 1, Actor 2, Actor 3, Actor 4",United Kingdom,"January 20, 2010",2008,TV-PG,7 Season,Comedy,A generic description of the show content.,96.4
s1593,TV Show,Show Title 1593,Director 93,"Actor 0, Actor 1, Actor 2, Actor 3, Actor 4, Actor 5, Actor 6, Actor 7, Actor 8, Actor 9",South Korea,"January 19, 2013",2012,TV-MA,4 Season,Drama,A generic description of the show content.,100.0
s1594,Movie,Show Title 1594,Director 94,"Actor 0, Actor 1, Actor 2",South Korea,"January 19, 2016",2014,TV-PG,106 min,"Documentary, Drama, Comedy",A generic description of the show content.,78.4
s1595,TV Show,Show Title 1595,Director 95,"Actor 0, Actor 1, Actor 2, Actor 3, Actor 4, Actor 5, Actor 6, Actor 7",United States,"January 8, 2021",2021,R,2 Season,Comedy,A generic description of the show content.,100.0
s1596,Movie,Show Title 1596,Director 96,"Actor 0, Actor 1, Actor 2, Actor 3, Actor 4",Japan,"January 22, 2005",2004,R,115 min,Drama,A generic description of the show content.,97.2
s1597,Movie,Show Title 1597,Director 97,"Actor 0, Actor 1, Actor 2",India,"January 28, 2014",2014,R,137 min,Comedy,A generic description of the show content.,100.0
s1598,TV Show,Show Title 1598,Director 98,"Actor 0, Actor 1, Actor 2, Actor 3, Actor 4, Actor 5",India,"January 7, 2016",2014,R,10 Season,"Drama, Documentary",A generic description of the show content.,100.0
s1599,Movie,Show Title 1599,Director 99,"Actor 0, Actor 1, Actor 2, Actor 3, Actor 4, Actor 5, Actor 6, Actor 7, Actor 8, Actor 9",Japan,"January 20, 2012",2011,R,121 min,Thriller,A generic description of the show content.,99.2
s1600,Movie,Show Title 1600,Director 0,"Actor 0, Actor 1, Actor 2, Actor 3, Actor 4, Actor 5, Actor 6, Actor 7",United States,"January 7, 1994",1994,TV-14,156 min,"Romance, Thriller, Comedy",A generic description of the show content.,75.2
s1601,Movie,Show Title 1601,Director 1,"Actor 0, Actor 1",United States,"January 22, 2010",2008,TV-MA,109 min,"Documentary, Thriller",A generic description of the show content.,99.7
s1602,Movie,Show Title 1602,Director 2,"Actor 0, Actor 1",United States,"January 16, 1992",1991,R,129 min,"Action, Sci-Fi, Thriller",A generic description of the show content.,59.0
s1603,TV Show,Show Title 1603,Director 3,"Actor 0, Actor 1, Actor 2, Actor 3, Actor 4, Actor 5, Actor 6",United States,"January 9, 2007",2006,TV-MA,6 Season,Action,A generic description of the show content.,90.0
s1604,Movie,Show Title 1604,Director 4,"Actor 0, Actor 1, Actor 2, Actor 3, Actor 4, Actor 5, Actor 6, Actor 7",Japan,"January 12, 2023",2023,TV-MA,156 min,"Sci-Fi, Comedy, Drama",A generic description of the show content.,100.0
s1605,Movie,Show Title 1605,Director 5,"Actor 0, Actor 1, Actor 2",South Korea,"January 17, 1996",1995,R,158 min,"Documentary, Drama, Action",A generic description of the show content.,64.0
s1606,Movie,Show Title 1606,Director 6,"Actor 0, Actor 1, Actor 2, Actor 3, Actor 4, Actor 5, Actor 6, Actor 7",United States,"January 10, 2017",2017,TV-PG,115 min,Comedy,A generic description of the show content.,100.0
s1607,Movie,Show Title 1607,Director 7,"Actor 0, Actor 1, Actor 2, Actor 3, Actor 4, Actor 5",Japan,"January 18, 1994",1993,R,153 min,"Sci-Fi, Romance, Comedy",A generic description of the show content.,87.7
s1608,TV Show,Show Title 1608,Director 8,"Actor 0, Actor 1, Actor 2, Actor 3, Actor 4, Actor 5",United States,"January 27, 2002",2002,TV-PG,10 Season,"Drama, Sci-Fi, Romance",A generic description of the show content.,93.2
s1609,Movie,Show Title 1609,Director 9,"Actor 0, Actor 1, Actor 2, Actor 3, Actor 4, Actor 5, Actor 6, Actor 7, Actor 8, Actor 9",India,"January 6, 2013",2013,PG-13,172 min,Comedy,A generic description of the show content.,100.0
s1610,Movie,Show Title 1610,Director 10,"Actor 0, Actor 1, Actor 2, Actor 3, Actor 4, Actor 5, Actor 6, Actor 7, Actor 8, Actor 9",United States,"January 2, 2008",2007,TV-MA,145 min,Documentary,A generic description of the show content.,97.6
s1611,Movie,Show Title 1611,Director 11,"Actor 0, Actor 1, Actor 2, Actor 3, Actor 4, Actor 5",India,"January 15, 1998",1998,R,110 min,"Sci-Fi, Action, Documentary",A generic description of the show content.,68.4
s1612,Movie,Show Title 1612,Director 12,"Actor 0, Actor 1, Actor 2, Actor 3, Actor 4, Actor 5, Actor 6, Actor 7",United States,"January 5, 2005",2005,TV-14,100 min,"Documentary, Drama, Romance",A generic description of the show content.,100.0
s1613,Movie,Show Title 1613,Director 13,"Actor 0, Actor 1, Actor 2, Actor 3, Actor 4, Actor 5, Actor 6, Actor 7, Actor 8",United Kingdom,"January 21, 2017",2015,TV-14,150 min,"Romance, Thriller, Documentary",A generic description of the show content.,100.0
s1614,TV Show,Show Title 1614,Director 14,"Actor 0, Actor 1, Actor 2, Actor 3, Actor 4, Actor 5, Actor 6, Actor 7, Actor 8",India,"January 5, 2015",2015,TV-MA,5 Season,"Thriller, Comedy, Documentary",A generic description of the show content.,100.0
s1615,Movie,Show Title 1615,Director 15,"Actor 0, Actor 1, Actor 2, Actor 3, Actor 4, Actor 5",South Korea,"January 12, 2009",2009,TV-14,94 min,"Thriller, Sci-Fi, Romance",A generic description of the show content.,100.0
s1616,Movie,Show Title 1616,Director 16,"Actor 0, Actor 1, Actor 2, Actor 3",United Kingdom,"January 21, 2004",2003,R,135 min,"Sci-Fi, Comedy, Thriller",A generic description of the show content.,85.5
s1617,Movie,Show Title 1617,Director 17,"Actor 0, Actor 1, Actor 2, Actor 3, Actor 4, Actor 5, Actor 6, Actor 7, Actor 8",United States,"January 23, 2005",2004,TV-14,136 min,"Thriller, Sci-Fi",A generic description of the show content.,86.5
s1618,TV Show,Show Title 1618,Director 18,"Actor 0, Actor 1, Actor 2",India,"January 10, 2017",2016,PG-13,1 Season,Comedy,A generic description of the show content.,95.7
s1619,Movie,Show Title 1619,Director 19,"Actor 0, Actor 1, Actor 2, Actor 3, Actor 4, Actor 5, Actor 6, Actor 7, Actor 8, Actor 9",South Korea,"January 16, 2017",2017,R,89 min,"Action, Sci-Fi, Documentary",A generic description of the show content.,100.0
s1620,Movie,Show Title 1620,Director 20,"Actor 0, Actor 1, Actor 2",United States,"January 5, 2011",2009,TV-PG,144 min,Drama,A generic description of the show content.,95.6
s1621,Movie,Show Title 1621,Director 21,"Actor 0, Actor 1, Actor 2, Actor 3, Actor 4, Actor 5, Actor 6, Actor 7",United States,"January 11, 2005",2003,R,160 min,"Action, Drama, Thriller",A generic description of the show content.,81.1
s1622,Movie,Show Title 1622,Director 22,"Actor 0, Actor 1, Actor 2, Actor 3, Actor 4, Actor 5, Actor 6, Actor 7, Actor 8",United States,"January 14, 2015",2013,PG-13,86 min,"Documentary, Drama, Thriller",A generic description of the show content.,100.0
s1623,Movie,Show Title 1623,Director 23,"Actor 0, Actor 1, Actor 2, Actor 3, Actor 4, Actor 5, Actor 6, Actor 7",India,"January 11, 2024",2022,R,88 min,Sci-Fi,A generic description of the show content.,100.0
s1624,TV Show,Show Title 1624,Director 24,"Actor 0, Actor 1, Actor 2, Actor 3, Actor 4, Actor 5, Actor 6, Actor 7",United Kingdom,"January 9, 2000",1999,TV-MA,3 Season,Drama,A generic description of the show content.,100.0
s1625,Movie,Show Title 1625,Director 25,"Actor 0, Actor 1, Actor 2, Actor 3, Actor 4, Actor 5, Actor 6, Actor 7",United States,"January 26, 1998",1998,R,104 min,"Documentary, Comedy",A generic description of the show content.,93.8
s1626,Movie,Show Title 1626,Director 26,"Actor 0, Actor 1",United States,"January 9, 2005",2003,R,80 min,Comedy,A generic description of the show content.,74.0
s1627,TV Show,Show Title 1627,Director 27,"Actor 0, Actor 1, Actor 2, Actor 3, Actor 4, Actor 5, Actor 6, Actor 7, Actor 8",United States,"January 26, 2001",2000,TV-PG,8 Season,Drama,A generic description of the show content.,100.0
s1628,TV Show,Show Title 1628,Director 28,"Actor 0, Actor 1, Actor 2, Actor 3, Actor 4, Actor 5, Actor 6",United States,"January 17, 2020",2020,TV-PG,5 Season,"Documentary, Sci-Fi, Action",A generic description of the show content.,100.0
s1629,Movie,Show Title 1629,Director 29,"Actor 0, Actor 1, Actor 2, Actor 3, Actor 4, Actor 5, Actor 6, Actor 7, Actor 8",United States,"January 9, 2006",2005,TV-PG,108 min,Thriller,A generic description of the show content.,100.0
s1630,Movie,Show Title 1630,Director 30,"Actor 0, Actor 1, Actor 2, Actor 3",South Korea,"January 18, 2015",2015,TV-MA,86 min,"Action, Sci-Fi, Drama",A generic description of the show content.,100.0
s1631,TV Show,Show Title 1631,Director 31,"Actor 0, Actor 1, Actor 2, Actor 3, Actor 4, Actor 5, Actor 6, Actor 7",United States,"January 24, 2000",1999,R,2 Season,"Documentary, Sci-Fi, Action",A generic description of the show content.,81.0
s1632,Movie,Show Title 1632,Director 32,"Actor 0, Actor 1, Actor 2, Actor 3, Actor 4, Actor 5, Actor 6",United States,"January 2, 2006",2005,R,100 min,"Thriller, Romance, Drama",A generic description of the show content.,90.1
s1633,TV Show,Show Title 1633,Director 33,"Actor 0, Actor 1, Actor 2, Actor 3, Actor 4, Actor 5",United States,"January 8, 2021",2020,R,1 Season,"Action, Drama",A generic description of the show content.,100.0
s1634,TV Show,Show Title 1634,Director 34,"Actor 0, Actor 1, Actor 2, Actor 3, Actor 4, Actor 5",United States,"January 8, 2005",2003,TV-MA,7 Season,"Sci-Fi, Comedy",A generic description of the show content.,83.2
s1635,Movie,Show Title 1635,Director 35,"Actor 0, Actor 1, Actor 2",India,"January 26, 2016",2014,PG-13,90 min,Drama,A generic description of the show content.,98.0
s1636,Movie,Show Title 1636,Director 36,"Actor 0, Actor 1, Actor 2, Actor 3, Actor 4, Actor 5, Actor 6, Actor 7, Actor 8",India,"January 6, 1995",1995,TV-MA,169 min,"Comedy, Drama, Romance",A generic description of the show content.,75.9
s1637,Movie,Show Title 1637,Director 37,"Actor 0, Actor 1, Actor 2, Actor 3, Actor 4, Actor 5",Japan,"January 11, 2012",2012,PG-13,165 min,"Drama, Sci-Fi, Comedy",A generic description of the show content.,100.0
s1638,TV Show,Show Title 1638,Director 38,"Actor 0, Actor 1, Actor 2, Actor 3, Actor 4",United States,"January 26, 1992",1992,R,10 Season,Sci-Fi,A generic description of the show content.,88.6
s1639,TV Show,Show Title 1639,Director 39,"Actor 0, Actor 1, Actor 2",India,"January 27, 2009",2007,TV-14,10 Season,"Documentary, Sci-Fi",A generic description of the show content.,75.8
s1640,Movie,Show Title 1640,Director 40,"Actor 0, Actor 1, Actor 2",India,"January 16, 2008",2006,TV-MA,100 min,"Sci-Fi, Romance, Documentary",A generic description of the show content.,85.2
s1641,Movie,Show Title 1641,Director 41,"Actor 0, Actor 1, Actor 2, Actor 3, Actor 4, Actor 5, Actor 6, Actor 7, Actor 8",United States,"January 26, 2012",2011,TV-14,165 min,Romance,A generic description of the show content.,100.0
s1642,TV Show,Show Title 1642,Director 42,"Actor 0, Actor 1, Actor 2, Actor 3, Actor 4, Actor 5",United States,"January 22, 2016",2015,TV-MA,7 Season,Sci-Fi,A generic description of the show content.,100.0
s1643,Movie,Show Title 1643,Director 43,"Actor 0, Actor 1, Actor 2",United States,"January 5, 1999",1999,R,84 min,Drama,A generic description of the show content.,84.0
s1644,Movie,Show Title 1644,Director 44,"Actor 0, Actor 1, Actor 2, Actor 3, Actor 4",United Kingdom,"January 23, 2009",2008,R,178 min,"Romance, Action",A generic description of the show content.,86.4
s1645,Movie,Show Title 1645,Director 45,"Actor 0, Actor 1",South Korea,"January 12, 2009",2009,R,170 min,Thriller,A generic description of the show content.,91.8
s1646,Movie,Show Title 1646,Director 46,"Actor 0, Actor 1, Actor 2, Actor 3, Actor 4, Actor 5, Actor 6, Actor 7, Actor 8",United States,"January 22, 1993",1992,TV-14,112 min,"Comedy, Thriller",A generic description of the show content.,74.1
s1647,Movie,Show Title 1647,Director 47,"Actor 0, Actor 1, Actor 2, Actor 3",Japan,"January 1, 2017",2017,TV-14,164 min,"Sci-Fi, Documentary",A generic description of the show content.,100.0
s1648,Movie,Show Title 1648,Director 48,"Actor 0, Actor 1, Actor 2, Actor 3, Actor 4",India,"January 17, 2013",2011,R,98 min,Comedy,A generic description of the show content.,100.0
s1649,TV Show,Show Title 1649,Director 49,"Actor 0, Actor 1",South Korea,"January 21, 2002",2001,TV-14,7 Season,Sci-Fi,A generic description of the show content.,100.0
s1650,TV Show,Show Title 1650,Director 50,"Actor 0, Actor 1, Actor 2, Actor 3, Actor 4",United States,"January 7, 1990",1990,TV-14,2 Season,"Sci-Fi, Documentary",A generic description of the show content.,70.8
s1651,Movie,Show Title 1651,Director 51,"Actor 0, Actor 1, Actor 2, Actor 3, Actor 4",Japan,"January 14, 2024",2022,PG-13,115 min,"Thriller, Documentary, Romance",A generic description of the show content.,100.0
s1652,Movie,Show Title 1652,Director 52,"Actor 0, Actor 1, Actor 2, Actor 3, Actor 4, Actor 5, Actor 6",United Kingdom,"January 1, 2009",2008,TV-PG,148 min,"Drama, Action",A generic description of the show content.,100.0
s1653,Movie,Show Title 1653,Director 53,"Actor 0, Actor 1, Actor 2, Actor 3, Actor 4",United Kingdom,"January 11, 2022",2020,TV-MA,133 min,"Documentary, Sci-Fi",A generic description of the show content.,100.0
s1654,Movie,Show Title 1654,Director 54,"Actor 0, Actor 1, Actor 2, Actor 3, Actor 4, Actor 5",United States,"January 1, 1994",1992,TV-MA,109 min,"Documentary, Action, Thriller",A generic description of the show content.,78.4
s1655,Movie,Show Title 1655,Director 55,"Actor 0, Actor 1",South Korea,"January 3, 2019",2018,TV-PG,110 min,"Drama, Thriller",A generic description of the show content.,100.0
s1656,TV Show,Show Title 1656,Director 56,"Actor 0, Actor 1",India,"January 16, 2018",2016,TV-MA,1 Season,"Sci-Fi, Romance, Action",A generic description of the show content.,100.0
s1657,Movie,Show Title 1657,Director 57,"Actor 0, Actor 1, Actor 2, Actor 3, Actor 4, Actor 5, Actor 6",India,"January 6, 1999",1997,TV-MA,110 min,"Documentary, Romance",A generic description of the show content.,92.7
s1658,Movie,Show Title 1658,Director 58,"Actor 0, Actor 1",India,"January 4, 2011",2011,TV-14,162 min,Thriller,A generic description of the show content.,80.4
s1659,Movie,Show Title 1659,Director 59,"Actor 0, Actor 1, Actor 2, Actor 3, Actor 4",United States,"January 24, 2006",2006,TV-14,133 min,Thriller,A generic description of the show content.,100.0
s1660,Movie,Show Title 1660,Director 60,"Actor 0, Actor 1, Actor 2",South Korea,"January 5, 2009",2009,PG-13,149 min,"Documentary, Romance, Drama",A generic description of the show content.,100.0
s1661,TV Show,Show Title 1661,Director 61,"Actor 0, Actor 1, Actor 2, Actor 3, Actor 4, Actor 5, Actor 6, Actor 7, Actor 8",United States,"January 11, 2007",2007,TV-PG,3 Season,Sci-Fi,A generic description of the show content.,97.3
s1662,TV Show,Show Title 1662,Director 62,"Actor 0, Actor 1, Actor 2, Actor 3, Actor 4, Actor 5",United Kingdom,"January 26, 2019",2019,TV-14,9 Season,Thriller,A generic description of the show content.,89.3
s1663,TV Show,Show Title 1663,Director 63,"Actor 0, Actor 1, Actor 2",United States,"January 3, 2014",2014,TV-MA,4 Season,"Action, Romance, Drama",A generic description of the show content.,95.9
s1664,Movie,Show Title 1664,Director 64,"Actor 0, Actor 1, Actor 2, Actor 3, Actor 4, Actor 5, Actor 6",India,"January 1, 2025",2024,R,104 min,"Sci-Fi, Romance",A generic description of the show content.,100.0
s1665,TV Show,Show Title 1665,Director 65,"Actor 0, Actor 1, Actor 2, Actor 3, Actor 4",India,"January 20, 2024",2022,R,7 Season,Comedy,A generic description of the show content.,100.0
s1666,TV Show,Show Title 1666,Director 66,"Actor 0, Actor 1, Actor 2, Actor 3, Actor 4, Actor 5, Actor 6, Actor 7, Actor 8",United Kingdom,"January 13, 1995",1994,TV-14,4 Season,"Sci-Fi, Thriller, Documentary",A generic description of the show content.,69.0
s1667,Movie,Show Title 1667,Director 67,"Actor 0, Actor 1, Actor 2, Actor 3, Actor 4, Actor 5, Actor 6",United States,"January 1, 2020",2018,TV-14,104 min,Documentary,A generic description of the show content.,100.0
s1668,Movie,Show Title 1668,Director 68,"Actor 0, Actor 1, Actor 2",India,"January 20, 1992",1990,TV-PG,120 min,"Drama, Comedy",A generic description of the show content.,74.4
s1669,TV Show,Show Title 1669,Director 69,"Actor 0, Actor 1, Actor 2",India,"January 20, 2020",2020,TV-14,8 Season,"Documentary, Romance, Action",A generic description of the show content.,100.0
s1670,Movie,Show Title 1670,Director 70,"Actor 0, Actor 1, Actor 2",India,"January 2, 2018",2017,TV-MA,117 min,Sci-Fi,A generic description of the show content.,99.1
s1671,Movie,Show Title 1671,Director 71,"Actor 0, Actor 1, Actor 2",Japan,"January 17, 2000",1999,PG-13,115 min,"Sci-Fi, Thriller",A generic description of the show content.,70.8
s1672,Movie,Show Title 1672,Director 72,"Actor 0, Actor 1, Actor 2, Actor 3, Actor 4, Actor 5, Actor 6",United Kingdom,"January 6, 2018",2016,PG-13,82 min,Action,A generic description of the show content.,100.0
s1673,TV Show,Show Title 1673,Director 73,"Actor 0, Actor 1, Actor 2, Actor 3, Actor 4, Actor 5",South Korea,"January 25, 1997",1996,TV-14,6 Season,Drama,A generic description of the show content.,71.8
s1674,TV Show,Show Title 1674,Director 74,"Actor 0, Actor 1",United States,"January 9, 2004",2003,TV-PG,10 Season,Comedy,A generic description of the show content.,94.7
s1675,TV Show,Show Title 1675,Director 75,"Actor 0, Actor 1, Actor 2, Actor 3, Actor 4, Actor 5",South Korea,"January 18, 1997",1995,TV-14,9 Season,"Sci-Fi, Romance, Documentary",A generic description of the show content.,71.3
s1676,Movie,Show Title 1676,Director 76,"Actor 0, Actor 1, Actor 2, Actor 3, Actor 4, Actor 5, Actor 6",India,"January 9, 1994",1992,PG-13,119 min,"Drama, Romance",A generic description of the show content.,89.2
s1677,Movie,Show Title 1677,Director 77,"Actor 0, Actor 1, Actor 2, Actor 3, Actor 4, Actor 5, Actor 6",United States,"January 13, 1992",1990,PG-13,93 min,"Drama, Thriller",A generic description of the show content.,89.2
s1678,Movie,Show Title 1678,Director 78,"Actor 0, Actor 1, Actor 2",India,"January 21, 2005",2005,R,90 min,"Comedy, Sci-Fi",A generic description of the show content.,93.5
s1679,Movie,Show Title 1679,Director 79,"Actor 0, Actor 1",United Kingdom,"January 22, 2002",2000,TV-14,174 min,"Documentary, Comedy, Thriller",A generic description of the show content.,69.7
s1680,Movie,Show Title 1680,Director 80,"Actor 0, Actor 1, Actor 2, Actor 3, Actor 4",United Kingdom,"January 20, 2004",2002,R,143 min,"Comedy, Drama, Thriller",A generic description of the show content.,92.0
s1681,Movie,Show Title 1681,Director 81,"Actor 0, Actor 1, Actor 2, Actor 3, Actor 4, Actor 5",India,"January 9, 2012",2012,TV-PG,97 min,"Documentary, Thriller",A generic description of the show content.,99.8
s1682,TV Show,Show Title 1682,Director 82,"Actor 0, Actor 1, Actor 2",United States,"January 13, 2018",2016,TV-MA,5 Season,"Documentary, Thriller, Drama",A generic description of the show content.,96.0
s1683,TV Show,Show Title 1683,Director 83,"Actor 0, Actor 1, Actor 2, Actor 3, Actor 4",United Kingdom,"January 5, 2003",2001,PG-13,10 Season,Romance,A generic description of the show content.,84.7
s1684,Movie,Show Title 1684,Director 84,"Actor 0, Actor 1, Actor 2, Actor 3, Actor 4, Actor 5, Actor 6, Actor 7",United States,"January 5, 1992",1992,TV-14,173 min,Romance,A generic description of the show content.,62.2
s1685,TV Show,Show Title 1685,Director 85,"Actor 0, Actor 1, Actor 2, Actor 3, Actor 4, Actor 5, Actor 6",India,"January 7, 2004",2003,TV-MA,2 Season,"Drama, Thriller, Sci-Fi",A generic description of the show content.,100.0
s1686,Movie,Show Title 1686,Director 86,"Actor 0, Actor 1, Actor 2, Actor 3, Actor 4, Actor 5, Actor 6, Actor 7, Actor 8, Actor 9",United Kingdom,"January 22, 1998",1997,R,127 min,"Thriller, Sci-Fi",A generic description of the show content.,80.9
s1687,Movie,Show Title 1687,Director 87,"Actor 0, Actor 1, Actor 2, Actor 3, Actor 4",Japan,"January 16, 2000",1999,TV-14,106 min,"Action, Comedy",A generic description of the show content.,85.5
s1688,Movie,Show Title 1688,Director 88,"Actor 0, Actor 1",United States,"January 24, 2018",2017,TV-PG,139 min,Drama,A generic description of the show content.,100.0
s1689,Movie,Show Title 1689,Director 89,"Actor 0, Actor 1, Actor 2, Actor 3, Actor 4, Actor 5, Actor 6, Actor 7",India,"January 25, 2008",2008,R,98 min,"Action, Comedy",A generic description of the show content.,100.0
s1690,TV Show,Show Title 1690,Director 90,"Actor 0, Actor 1, Actor 2, Actor 3, Actor 4, Actor 5, Actor 6, Actor 7, Actor 8",India,"January 7, 2021",2019,TV-14,6 Season,"Romance, Comedy",A generic description of the show content.,100.0
s1691,TV Show,Show Title 1691,Director 91,"Actor 0, Actor 1, Actor 2, Actor 3",South Korea,"January 1, 2007",2007,R,3 Season,"Comedy, Thriller",A generic description of the show content.,83.8
s1692,Movie,Show Title 1692,Director 92,"Actor 0, Actor 1, Actor 2, Actor 3, Actor 4, Actor 5",South Korea,"January 24, 2023",2022,TV-PG,162 min,Drama,A generic description of the show content.,100.0
s1693,Movie,Show Title 1693,Director 93,"Actor 0, Actor 1, Actor 2",United States,"January 8, 2024",2023,TV-14,119 min,"Thriller, Drama, Romance",A generic description of the show content.,100.0
s1694,TV Show,Show Title 1694,Director 94,"Actor 0, Actor 1, Actor 2, Actor 3",United Kingdom,"January 1, 2024",2023,TV-PG,3 Season,"Thriller, Documentary, Drama",A generic description of the show content.,100.0
s1695,Movie,Show Title 1695,Director 95,"Actor 0, Actor 1, Actor 2, Actor 3, Actor 4, Actor 5",United States,"January 24, 2021",2020,TV-14,104 min,Drama,A generic description of the show content.,100.0
s1696,Movie,Show Title 1696,Director 96,"Actor 0, Actor 1, Actor 2, Actor 3, Actor 4, Actor 5, Actor 6",United States,"January 4, 2003",2002,R,160 min,"Romance, Documentary",A generic description of the show content.,77.0
s1697,Movie,Show Title 1697,Director 97,"Actor 0, Actor 1, Actor 2, Actor 3, Actor 4",Japan,"January 18, 2011",2010,R,85 min,"Action, Thriller",A generic description of the show content.,93.2
s1698,Movie,Show Title 1698,Director 98,"Actor 0, Actor 1, Actor 2, Actor 3",South Korea,"January 8, 1992",1991,PG-13,168 min,Drama,A generic description of the show content.,74.6
s1699,Movie,Show Title 1699,Director 99,"Actor 0, Actor 1, Actor 2, Actor 3, Actor 4",India,"January 24, 1994",1994,TV-MA,93 min,"Documentary, Thriller, Comedy",A generic description of the show content.,72.8
s1700,Movie,Show Title 1700,Director 0,"Actor 0, Actor 1, Actor 2, Actor 3, Actor 4, Actor 5, Actor 6, Actor 7, Actor 8",United States,"January 7, 1990",1990,TV-14,155 min,"Drama, Action",A generic description of the show content.,81.5
s1701,TV Show,Show Title 1701,Director 1,"Actor 0, Actor 1",United Kingdom,"January 16, 1997",1995,TV-14,5 Season,"Documentary, Romance, Comedy",A generic description of the show content.,71.4
s1702,Movie,Show Title 1702,Director 2,"Actor 0, Actor 1, Actor 2, Actor 3, Actor 4, Actor 5, Actor 6, Actor 7",United Kingdom,"January 11, 1990",1990,PG-13,142 min,Sci-Fi,A generic description of the show content.,77.3
s1703,Movie,Show Title 1703,Director 3,"Actor 0, Actor 1, Actor 2, Actor 3, Actor 4, Actor 5, Actor 6",United States,"January 25, 2008",2007,TV-PG,80 min,"Romance, Action",A generic description of the show content.,100.0
s1704,Movie,Show Title 1704,Director 4,"Actor 0, Actor 1, Actor 2, Actor 3, Actor 4",United States,"January 6, 1996",1996,TV-MA,160 min,"Drama, Romance, Action",A generic description of the show content.,83.1
s1705,TV Show,Show Title 1705,Director 5,"Actor 0, Actor 1, Actor 2, Actor 3, Actor 4, Actor 5",United Kingdom,"January 15, 2002",2002,R,4 Season,Comedy,A generic description of the show content.,82.6
s1706,Movie,Show Title 1706,Director 6,"Actor 0, Actor 1, Actor 2, Actor 3, Actor 4, Actor 5, Actor 6, Actor 7",United States,"January 5, 1999",1997,PG-13,172 min,"Comedy, Action, Romance",A generic description of the show content.,93.2
s1707,TV Show,Show Title 1707,Director 7,"Actor 0, Actor 1",United States,"January 18, 2014",2014,R,1 Season,Action,A generic description of the show content.,100.0
s1708,Movie,Show Title 1708,Director 8,"Actor 0, Actor 1, Actor 2",United Kingdom,"January 14, 2003",2003,TV-MA,89 min,Thriller,A generic description of the show content.,79.2
s1709,Movie,Show Title 1709,Director 9,"Actor 0, Actor 1, Actor 2, Actor 3, Actor 4, Actor 5, Actor 6, Actor 7, Actor 8, Actor 9",India,"January 22, 2025",2023,TV-MA,155 min,"Action, Thriller, Comedy",A generic description of the show content.,100.0
s1710,TV Show,Show Title 1710,Director 10,"Actor 0, Actor 1, Actor 2, Actor 3, Actor 4",India,"January 24, 2018",2018,TV-MA,5 Season,"Action, Documentary",A generic description of the show content.,100.0
s1711,Movie,Show Title 1711,Director 11,"Actor 0, Actor 1, Actor 2",United States,"January 26, 2026",2024,TV-MA,139 min,Sci-Fi,A generic description of the show content.,100.0
s1712,TV Show,Show Title 1712,Director 12,"Actor 0, Actor 1, Actor 2, Actor 3",United States,"January 2, 2026",2024,TV-MA,2 Season,"Thriller, Sci-Fi, Documentary",A generic description of the show content.,92.3
s1713,Movie,Show Title 1713,Director 13,"Actor 0, Actor 1, Actor 2, Actor 3, Actor 4, Actor 5, Actor 6, Actor 7, Actor 8, Actor 9",United States,"January 3, 1998",1998,TV-PG,110 min,Documentary,A generic description of the show content.,95.5
s1714,Movie,Show Title 1714,Director 14,"Actor 0, Actor 1, Actor 2, Actor 3, Actor 4, Actor 5, Actor 6, Actor 7, Actor 8, Actor 9",United States,"January 5, 2024",2024,PG-13,91 min,"Action, Sci-Fi",A generic description of the show content.,100.0
s1715,Movie,Show Title 1715,Director 15,"Actor 0, Actor 1, Actor 2",Japan,"January 17, 2003",2003,TV-PG,97 min,Romance,A generic description of the show content.,79.6
s1716,Movie,Show Title 1716,Director 16,"Actor 0, Actor 1, Actor 2, Actor 3",India,"January 22, 2025",2024,TV-14,90 min,"Sci-Fi, Action, Thriller",A generic description of the show content.,100.0
s1717,Movie,Show Title 1717,Director 17,"Actor 0, Actor 1, Actor 2",United Kingdom,"January 11, 1991",1991,TV-PG,179 min,"Romance, Drama, Sci-Fi",A generic description of the show content.,69.4
s1718,Movie,Show Title 1718,Director 18,"Actor 0, Actor 1, Actor 2, Actor 3, Actor 4, Actor 5, Actor 6",United Kingdom,"January 2, 2022",2020,TV-PG,92 min,"Sci-Fi, Documentary",A generic description of the show content.,100.0
s1719,Movie,Show Title 1719,Director 19,"Actor 0, Actor 1, Actor 2, Actor 3, Actor 4, Actor 5, Actor 6, Actor 7, Actor 8, Actor 9",United States,"January 21, 2013",2012,TV-14,120 min,"Romance, Drama",A generic description of the show content.,100.0
s1720,Movie,Show Title 1720,Director 20,"Actor 0, Actor 1, Actor 2, Actor 3, Actor 4, Actor 5",United States,"January 16, 2001",1999,PG-13,156 min,"Documentary, Sci-Fi, Thriller",A generic description of the show content.,85.6
s1721,Movie,Show Title 1721,Director 21,"Actor 0, Actor 1, Actor 2, Actor 3, Actor 4, Actor 5, Actor 6, Actor 7",Japan,"January 16, 2008",2008,TV-PG,144 min,"Sci-Fi, Drama, Action",A generic description of the show content.,100.0
s1722,Movie,Show Title 1722,Director 22,"Actor 0, Actor 1, Actor 2, Actor 3, Actor 4, Actor 5, Actor 6",United States,"January 21, 1994",1993,PG-13,80 min,"Action, Comedy, Thriller",A generic description of the show content.,85.9
s1723,Movie,Show Title 1723,Director 23,"Actor 0, Actor 1, Actor 2",India,"January 8, 2024",2023,TV-MA,99 min,"Thriller, Documentary",A generic description of the show content.,100.0
s1724,TV Show,Show Title 1724,Director 24,"Actor 0, Actor 1, Actor 2, Actor 3",India,"January 26, 2012",2010,R,6 Season,"Drama, Action, Romance",A generic description of the show content.,88.6
s1725,TV Show,Show Title 1725,Director 25,"Actor 0, Actor 1, Actor 2, Actor 3, Actor 4",India,"January 8, 1993",1992,TV-PG,8 Season,Thriller,A generic description of the show content.,78.9
s1726,TV Show,Show Title 1726,Director 26,"Actor 0, Actor 1, Actor 2, Actor 3",India,"January 5, 2012",2012,PG-13,1 Season,"Sci-Fi, Romance, Documentary",A generic description of the show content.,90.6
s1727,Movie,Show Title 1727,Director 27,"Actor 0, Actor 1, Actor 2",United States,"January 18, 1999",1997,PG-13,130 min,"Sci-Fi, Documentary",A generic description of the show content.,79.6
s1728,Movie,Show Title 1728,Director 28,"Actor 0, Actor 1, Actor 2, Actor 3, Actor 4, Actor 5, Actor 6, Actor 7, Actor 8, Actor 9",United Kingdom,"January 7, 2002",2001,TV-MA,150 min,"Thriller, Comedy",A generic description of the show content.,95.2
s1729,Movie,Show Title 1729,Director 29,"Actor 0, Actor 1, Actor 2",United States,"January 5, 2009",2007,R,111 min,Romance,A generic description of the show content.,100.0
s1730,Movie,Show Title 1730,Director 30,"Actor 0, Actor 1, Actor 2, Actor 3, Actor 4, Actor 5, Actor 6, Actor 7",United States,"January 10, 2000",2000,PG-13,146 min,"Romance, Sci-Fi, Action",A generic description of the show content.,88.8
s1731,Movie,Show Title 1731,Director 31,"Actor 0, Actor 1, Actor 2, Actor 3, Actor 4",India,"January 4, 1999",1998,TV-14,127 min,"Romance, Documentary, Thriller",A generic description of the show content.,73.5
s1732,Movie,Show Title 1732,Director 32,"Actor 0, Actor 1, Actor 2, Actor 3, Actor 4, Actor 5, Actor 6",Japan,"January 25, 2015",2014,PG-13,117 min,"Thriller, Comedy, Action",A generic description of the show content.,100.0
s1733,Movie,Show Title 1733,Director 33,"Actor 0, Actor 1, Actor 2, Actor 3, Actor 4",United Kingdom,"January 28, 2015",2013,PG-13,123 min,"Romance, Comedy, Action",A generic description of the show content.,100.0
s1734,Movie,Show Title 1734,Director 34,"Actor 0, Actor 1, Actor 2, Actor 3, Actor 4, Actor 5, Actor 6, Actor 7, Actor 8, Actor 9",India,"January 19, 2011",2009,TV-PG,132 min,"Sci-Fi, Action",A generic description of the show content.,100.0
s1735,TV Show,Show Title 1735,Director 35,"Actor 0, Actor 1, Actor 2, Actor 3, Actor 4, Actor 5, Actor 6, Actor 7, Actor 8, Actor 9",United States,"January 17, 2004",2004,TV-14,2 Season,"Comedy, Documentary",A generic description of the show content.,79.8
s1736,Movie,Show Title 1736,Director 36,"Actor 0, Actor 1",South Korea,"January 10, 2021",2019,PG-13,158 min,"Drama, Romance, Action",A generic description of the show content.,97.0
s1737,TV Show,Show Title 1737,Director 37,"Actor 0, Actor 1, Actor 2, Actor 3, Actor 4, Actor 5, Actor 6",United States,"January 7, 2005",2003,TV-14,4 Season,Sci-Fi,A generic description of the show content.,77.8
s1738,Movie,Show Title 1738,Director 38,"Actor 0, Actor 1, Actor 2",Japan,"January 4, 1999",1997,TV-PG,130 min,"Comedy, Sci-Fi, Drama",A generic description of the show content.,86.0
s1739,Movie,Show Title 1739,Director 39,"Actor 0, Actor 1, Actor 2, Actor 3, Actor 4",India,"January 8, 1999",1997,PG-13,149 min,Documentary,A generic description of the show content.,92.6
s1740,Movie,Show Title 1740,Director 40,"Actor 0, Actor 1, Actor 2, Actor 3, Actor 4",United States,"January 2, 2004",2003,PG-13,97 min,"Romance, Action",A generic description of the show content.,88.5
s1741,TV Show,Show Title 1741,Director 41,"Actor 0, Actor 1, Actor 2, Actor 3, Actor 4, Actor 5, Actor 6, Actor 7, Actor 8",South Korea,"January 17, 2023",2022,TV-PG,8 Season,"Thriller, Drama",A generic description of the show content.,100.0
s1742,TV Show,Show Title 1742,Director 42,"Actor 0, Actor 1",India,"January 26, 1990",1990,TV-PG,1 Season,Comedy,A generic description of the show content.,59.7
s1743,Movie,Show Title 1743,Director 43,"Actor 0, Actor 1, Actor 2, Actor 3, Actor 4, Actor 5, Actor 6, Actor 7, Actor 8, Actor 9",United Kingdom,"January 1, 1997",1997,R,150 min,Sci-Fi,A generic description of the show content.,97.1
s1744,Movie,Show Title 1744,Director 44,"Actor 0, Actor 1, Actor 2, Actor 3, Actor 4, Actor 5, Actor 6, Actor 7",United Kingdom,"January 1, 2023",2021,TV-MA,113 min,"Action, Documentary, Drama",A generic description of the show content.,100.0
s1745,Movie,Show Title 1745,Director 45,"Actor 0, Actor 1, Actor 2, Actor 3, Actor 4, Actor 5",United Kingdom,"January 20, 2012",2012,PG-13,97 min,Drama,A generic description of the show content.,100.0
s1746,TV Show,Show Title 1746,Director 46,"Actor 0, Actor 1, Actor 2, Actor 3, Actor 4, Actor 5, Actor 6, Actor 7",United Kingdom,"January 17, 2009",2008,TV-14,2 Season,"Action, Comedy, Romance",A generic description of the show content.,100.0
s1747,TV Show,Show Title 1747,Director 47,"Actor 0, Actor 1, Actor 2, Actor 3",India,"January 7, 2018",2016,TV-PG,4 Season,Sci-Fi,A generic description of the show content.,100.0
s1748,Movie,Show Title 1748,Director 48,"Actor 0, Actor 1, Actor 2",United States,"January 3, 2019",2018,PG-13,115 min,"Action, Thriller",A generic description of the show content.,100.0
s1749,Movie,Show Title 1749,Director 49,"Actor 0, Actor 1, Actor 2, Actor 3, Actor 4, Actor 5, Actor 6",Japan,"January 21, 2008",2008,TV-14,96 min,"Documentary, Thriller, Drama",A generic description of the show content.,100.0
s1750,Movie,Show Title 1750,Director 50,"Actor 0, Actor 1, Actor 2",South Korea,"January 24, 2017",2017,R,135 min,"Drama, Documentary, Sci-Fi",A generic description of the show content.,79.5
s1751,TV Show,Show Title 1751,Director 51,"Actor 0, Actor 1, Actor 2, Actor 3, Actor 4",United States,"January 12, 1993",1992,R,4 Season,Documentary,A generic description of the show content.,74.8
s1752,TV Show,Show Title 1752,Director 52,"Actor 0, Actor 1, Actor 2, Actor 3, Actor 4, Actor 5, Actor 6, Actor 7, Actor 8",United States,"January 3, 1992",1991,TV-MA,7 Season,Romance,A generic description of the show content.,68.0
s1753,Movie,Show Title 1753,Director 53,"Actor 0, Actor 1, Actor 2, Actor 3, Actor 4, Actor 5, Actor 6, Actor 7",United States,"January 17, 2005",2003,TV-MA,112 min,"Action, Drama",A generic description of the show content.,77.2
s1754,Movie,Show Title 1754,Director 54,"Actor 0, Actor 1, Actor 2, Actor 3, Actor 4",United States,"January 17, 2022",2021,TV-14,134 min,"Romance, Comedy, Documentary",A generic description of the show content.,100.0
s1755,TV Show,Show Title 1755,Director 55,"Actor 0, Actor 1, Actor 2, Actor 3, Actor 4",United States,"January 11, 2006",2005,TV-MA,5 Season,"Drama, Documentary, Thriller",A generic description of the show content.,100.0
s1756,Movie,Show Title 1756,Director 56,"Actor 0, Actor 1, Actor 2, Actor 3, Actor 4",United Kingdom,"January 21, 2024",2023,TV-PG,97 min,"Drama, Comedy",A generic description of the show content.,100.0
s1757,TV Show,Show Title 1757,Director 57,"Actor 0, Actor 1",United States,"January 17, 2014",2013,TV-PG,8 Season,"Romance, Drama, Documentary",A generic description of the show content.,100.0
s1758,Movie,Show Title 1758,Director 58,"Actor 0, Actor 1, Actor 2, Actor 3, Actor 4, Actor 5",United States,"January 19, 2008",2008,R,116 min,"Comedy, Drama, Thriller",A generic description of the show content.,100.0
s1759,TV Show,Show Title 1759,Director 59,"Actor 0, Actor 1, Actor 2, Actor 3, Actor 4, Actor 5, Actor 6, Actor 7, Actor 8, Actor 9",United Kingdom,"January 21, 2018",2016,TV-PG,10 Season,"Sci-Fi, Thriller, Action",A generic description of the show content.,100.0
s1760,TV Show,Show Title 1760,Director 60,"Actor 0, Actor 1, Actor 2, Actor 3, Actor 4, Actor 5, Actor 6",United Kingdom,"January 19, 2020",2019,TV-PG,2 Season,"Action, Comedy, Documentary",A generic description of the show content.,100.0
s1761,Movie,Show Title 1761,Director 61,"Actor 0, Actor 1, Actor 2, Actor 3, Actor 4, Actor 5, Actor 6, Actor 7, Actor 8, Actor 9",United States,"January 10, 1998",1996,TV-PG,117 min,Sci-Fi,A generic description of the show content.,91.4
s1762,TV Show,Show Title 1762,Director 62,"Actor 0, Actor 1, Actor 2, Actor 3, Actor 4",Japan,"January 10, 2001",2001,R,4 Season,Comedy,A generic description of the show content.,82.3
s1763,Movie,Show Title 1763,Director 63,"Actor 0, Actor 1, Actor 2, Actor 3, Actor 4, Actor 5, Actor 6, Actor 7, Actor 8",India,"January 5, 1994",1993,PG-13,132 min,"Romance, Drama, Documentary",A generic description of the show content.,66.5
s1764,Movie,Show Title 1764,Director 64,"Actor 0, Actor 1, Actor 2, Actor 3, Actor 4",India,"January 10, 1993",1991,TV-MA,162 min,"Comedy, Romance",A generic description of the show content.,64.0
s1765,Movie,Show Title 1765,Director 65,"Actor 0, Actor 1, Actor 2, Actor 3",United States,"January 22, 2015",2013,PG-13,163 min,Documentary,A generic description of the show content.,89.1
s1766,TV Show,Show Title 1766,Director 66,"Actor 0, Actor 1, Actor 2, Actor 3",South Korea,"January 23, 1992",1990,TV-PG,6 Season,"Romance, Drama",A generic description of the show content.,89.7
s1767,Movie,Show Title 1767,Director 67,"Actor 0, Actor 1, Actor 2, Actor 3",United States,"January 14, 2001",1999,TV-14,131 min,"Sci-Fi, Action, Documentary",A generic description of the show content.,79.7
s1768,Movie,Show Title 1768,Director 68,"Actor 0, Actor 1, Actor 2, Actor 3, Actor 4",India,"January 1, 2016",2014,R,124 min,"Romance, Drama",A generic description of the show content.,100.0
s1769,TV Show,Show Title 1769,Director 69,"Actor 0, Actor 1, Actor 2",United States,"January 9, 1999",1999,TV-14,4 Season,"Action, Documentary, Sci-Fi",A generic description of the show content.,85.0
s1770,Movie,Show Title 1770,Director 70,"Actor 0, Actor 1",United States,"January 27, 2009",2009,R,145 min,"Romance, Drama",A generic description of the show content.,92.9
s1771,TV Show,Show Title 1771,Director 71,"Actor 0, Actor 1",United States,"January 4, 2023",2022,TV-PG,7 Season,"Thriller, Sci-Fi, Drama",A generic description of the show content.,100.0
s1772,Movie,Show Title 1772,Director 72,"Actor 0, Actor 1",United States,"January 3, 2003",2002,TV-PG,158 min,"Sci-Fi, Drama",A generic description of the show content.,75.8
s1773,Movie,Show Title 1773,Director 73,"Actor 0, Actor 1",United Kingdom,"January 15, 1996",1995,TV-MA,117 min,"Documentary, Drama, Action",A generic description of the show content.,73.4
s1774,TV Show,Show Title 1774,Director 74,"Actor 0, Actor 1, Actor 2, Actor 3, Actor 4",India,"January 21, 2019",2018,TV-14,7 Season,"Comedy, Drama, Action",A generic description of the show content.,100.0
s1775,Movie,Show Title 1775,Director 75,"Actor 0, Actor 1",India,"January 23, 2019",2018,TV-MA,156 min,"Thriller, Comedy",A generic description of the show content.,87.8
s1776,TV Show,Show Title 1776,Director 76,"Actor 0, Actor 1, Actor 2, Actor 3, Actor 4, Actor 5, Actor 6, Actor 7, Actor 8, Actor 9",United Kingdom,"January 26, 2016",2016,R,3 Season,"Comedy, Action, Drama",A generic description of the show content.,100.0
s1777,TV Show,Show Title 1777,Director 77,"Actor 0, Actor 1, Actor 2",Japan,"January 25, 2015",2014,PG-13,1 Season,Documentary,A generic description of the show content.,96.6
s1778,Movie,Show Title 1778,Director 78,"Actor 0, Actor 1, Actor 2, Actor 3, Actor 4",India,"January 7, 2025",2024,TV-MA,113 min,Comedy,A generic description of the show content.,100.0
s1779,Movie,Show Title 1779,Director 79,"Actor 0, Actor 1, Actor 2, Actor 3, Actor 4, Actor 5, Actor 6, Actor 7",United States,"January 4, 2011",2010,TV-PG,125 min,"Comedy, Sci-Fi, Action",A generic description of the show content.,99.1
s1780,TV Show,Show Title 1780,Director 80,"Actor 0, Actor 1, Actor 2, Actor 3",India,"January 1, 2004",2003,PG-13,3 Season,"Drama, Sci-Fi, Documentary",A generic description of the show content.,73.4
s1781,Movie,Show Title 1781,Director 81,"Actor 0, Actor 1, Actor 2, Actor 3, Actor 4, Actor 5, Actor 6, Actor 7, Actor 8",India,"January 18, 2024",2022,TV-14,165 min,"Comedy, Thriller",A generic description of the show content.,100.0
s1782,Movie,Show Title 1782,Director 82,"Actor 0, Actor 1, Actor 2, Actor 3, Actor 4, Actor 5",United States,"January 19, 2018",2018,TV-MA,89 min,"Documentary, Action, Romance",A generic description of the show content.,99.0
s1783,TV Show,Show Title 1783,Director 83,"Actor 0, Actor 1, Actor 2",United States,"January 14, 2000",1999,TV-14,7 Season,"Documentary, Drama",A generic description of the show content.,87.1
s1784,TV Show,Show Title 1784,Director 84,"Actor 0, Actor 1, Actor 2, Actor 3, Actor 4, Actor 5, Actor 6, Actor 7, Actor 8",United States,"January 18, 2003",2003,TV-MA,5 Season,Thriller,A generic description of the show content.,93.3
s1785,TV Show,Show Title 1785,Director 85,"Actor 0, Actor 1, Actor 2",United Kingdom,"January 1, 2021",2021,PG-13,9 Season,Comedy,A generic description of the show content.,92.9
s1786,TV Show,Show Title 1786,Director 86,"Actor 0, Actor 1, Actor 2, Actor 3, Actor 4",Japan,"January 9, 2026",2024,R,3 Season,Romance,A generic description of the show content.,100.0
s1787,Movie,Show Title 1787,Director 87,"Actor 0, Actor 1, Actor 2, Actor 3, Actor 4",India,"January 25, 2022",2021,TV-MA,180 min,"Romance, Documentary, Thriller",A generic description of the show content.,100.0
s1788,TV Show,Show Title 1788,Director 88,"Actor 0, Actor 1, Actor 2, Actor 3, Actor 4, Actor 5, Actor 6",India,"January 14, 1997",1997,TV-14,9 Season,Documentary,A generic description of the show content.,82.7
s1789,Movie,Show Title 1789,Director 89,"Actor 0, Actor 1, Actor 2, Actor 3, Actor 4, Actor 5, Actor 6, Actor 7",United Kingdom,"January 22, 1991",1991,R,143 min,"Documentary, Sci-Fi, Thriller",A generic description of the show content.,85.9
s1790,Movie,Show Title 1790,Director 90,"Actor 0, Actor 1",United States,"January 12, 2021",2021,R,110 min,"Documentary, Comedy",A generic description of the show content.,86.7
s1791,Movie,Show Title 1791,Director 91,"Actor 0, Actor 1, Actor 2, Actor 3, Actor 4, Actor 5, Actor 6",United States,"January 11, 2002",2000,TV-MA,103 min,Romance,A generic description of the show content.,85.2
s1792,Movie,Show Title 1792,Director 92,"Actor 0, Actor 1, Actor 2",United States,"January 22, 2014",2013,R,81 min,"Documentary, Thriller",A generic description of the show content.,93.9
s1793,Movie,Show Title 1793,Director 93,"Actor 0, Actor 1, Actor 2, Actor 3",United Kingdom,"January 11, 2025",2023,R,163 min,Drama,A generic description of the show content.,100.0
s1794,TV Show,Show Title 1794,Director 94,"Actor 0, Actor 1, Actor 2, Actor 3, Actor 4",United Kingdom,"January 14, 1994",1992,TV-PG,9 Season,"Documentary, Romance, Action",A generic description of the show content.,75.1
s1795,Movie,Show Title 1795,Director 95,"Actor 0, Actor 1, Actor 2, Actor 3, Actor 4, Actor 5, Actor 6",United Kingdom,"January 26, 1991",1991,TV-PG,100 min,Drama,A generic description of the show content.,68.0
s1796,Movie,Show Title 1796,Director 96,"Actor 0, Actor 1, Actor 2, Actor 3, Actor 4, Actor 5, Actor 6, Actor 7, Actor 8, Actor 9",United States,"January 10, 2026",2024,TV-MA,135 min,"Documentary, Romance, Action",A generic description of the show content.,100.0
s1797,Movie,Show Title 1797,Director 97,"Actor 0, Actor 1, Actor 2, Actor 3, Actor 4, Actor 5",United Kingdom,"January 12, 2023",2022,TV-PG,150 min,"Drama, Romance, Sci-Fi",A generic description of the show content.,100.0
s1798,Movie,Show Title 1798,Director 98,"Actor 0, Actor 1, Actor 2, Actor 3",South Korea,"January 8, 1994",1992,R,168 min,"Thriller, Drama, Action",A generic description of the show content.,81.8
s1799,Movie,Show Title 1799,Director 99,"Actor 0, Actor 1, Actor 2, Actor 3, Actor 4, Actor 5, Actor 6, Actor 7, Actor 8",India,"January 9, 2025",2024,PG-13,178 min,"Comedy, Drama, Documentary",A generic description of the show content.,100.0
s1800,TV Show,Show Title 1800,Director 0,"Actor 0, Actor 1, Actor 2, Actor 3, Actor 4, Actor 5, Actor 6, Actor 7, Actor 8, Actor 9",United States,"January 5, 2021",2019,TV-PG,8 Season,"Documentary, Thriller, Romance",A generic description of the show content.,100.0
s1801,TV Show,Show Title 1801,Director 1,"Actor 0, Actor 1, Actor 2, Actor 3, Actor 4",India,"January 16, 2001",1999,PG-13,3 Season,"Documentary, Sci-Fi",A generic description of the show content.,77.9
s1802,TV Show,Show Title 1802,Director 2,"Actor 0, Actor 1, Actor 2, Actor 3, Actor 4",India,"January 12, 2023",2023,TV-14,1 Season,"Romance, Comedy",A generic description of the show content.,100.0
s1803,TV Show,Show Title 1803,Director 3,"Actor 0, Actor 1, Actor 2, Actor 3, Actor 4, Actor 5, Actor 6",United Kingdom,"January 22, 2014",2013,TV-PG,7 Season,"Romance, Documentary",A generic description of the show content.,88.4
s1804,Movie,Show Title 1804,Director 4,"Actor 0, Actor 1, Actor 2, Actor 3, Actor 4, Actor 5, Actor 6",United Kingdom,"January 9, 2001",2000,TV-MA,115 min,"Comedy, Romance, Action",A generic description of the show content.,71.0
s1805,TV Show,Show Title 1805,Director 5,"Actor 0, Actor 1, Actor 2, Actor 3, Actor 4, Actor 5",United States,"January 6, 2017",2015,TV-MA,4 Season,Action,A generic description of the show content.,93.7
s1806,Movie,Show Title 1806,Director 6,"Actor 0, Actor 1, Actor 2, Actor 3, Actor 4",United States,"January 28, 2024",2024,TV-PG,174 min,"Sci-Fi, Action, Thriller",A generic description of the show content.,100.0
s1807,TV Show,Show Title 1807,Director 7,"Actor 0, Actor 1, Actor 2",South Korea,"January 22, 1998",1996,TV-14,6 Season,"Comedy, Action",A generic description of the show content.,80.1
s1808,Movie,Show Title 1808,Director 8,"Actor 0, Actor 1, Actor 2, Actor 3",United Kingdom,"January 13, 2022",2020,TV-MA,102 min,"Thriller, Comedy",A generic description of the show content.,92.2
s1809,TV Show,Show Title 1809,Director 9,"Actor 0, Actor 1, Actor 2, Actor 3, Actor 4, Actor 5, Actor 6, Actor 7, Actor 8, Actor 9",United States,"January 4, 2025",2023,R,10 Season,"Action, Drama, Comedy",A generic description of the show content.,100.0
s1810,Movie,Show Title 1810,Director 10,"Actor 0, Actor 1, Actor 2, Actor 3, Actor 4, Actor 5, Actor 6",United States,"January 1, 2023",2021,TV-14,146 min,"Thriller, Documentary",A generic description of the show content.,100.0
s1811,TV Show,Show Title 1811,Director 11,"Actor 0, Actor 1, Actor 2, Actor 3, Actor 4",United Kingdom,"January 10, 2010",2008,TV-PG,5 Season,Drama,A generic description of the show content.,98.5
s1812,Movie,Show Title 1812,Director 12,"Actor 0, Actor 1, Actor 2",United Kingdom,"January 16, 2024",2022,R,153 min,Sci-Fi,A generic description of the show content.,100.0
s1813,Movie,Show Title 1813,Director 13,"Actor 0, Actor 1",United States,"January 3, 2012",2011,TV-MA,154 min,Action,A generic description of the show content.,100.0
s1814,Movie,Show Title 1814,Director 14,"Actor 0, Actor 1, Actor 2, Actor 3, Actor 4, Actor 5, Actor 6",United States,"January 7, 2008",2008,TV-MA,138 min,Action,A generic description of the show content.,98.3
s1815,TV Show,Show Title 1815,Director 15,"Actor 0, Actor 1, Actor 2",United States,"January 8, 2004",2003,R,7 Season,"Romance, Documentary",A generic description of the show content.,71.6
s1816,TV Show,Show Title 1816,Director 16,"Actor 0, Actor 1, Actor 2, Actor 3, Actor 4, Actor 5",United States,"January 25, 2007",2007,PG-13,3 Season,"Sci-Fi, Romance, Drama",A generic description of the show content.,76.0
s1817,TV Show,Show Title 1817,Director 17,"Actor 0, Actor 1, Actor 2, Actor 3, Actor 4, Actor 5, Actor 6, Actor 7, Actor 8, Actor 9",United States,"January 16, 2016",2014,PG-13,10 Season,"Drama, Romance, Documentary",A generic description of the show content.,100.0
s1818,Movie,Show Title 1818,Director 18,"Actor 0, Actor 1, Actor 2, Actor 3, Actor 4",Japan,"January 28, 2022",2020,TV-PG,80 min,"Action, Comedy",A generic description of the show content.,100.0
s1819,Movie,Show Title 1819,Director 19,"Actor 0, Actor 1, Actor 2, Actor 3, Actor 4, Actor 5, Actor 6, Actor 7, Actor 8, Actor 9",United Kingdom,"January 26, 2016",2015,R,100 min,Action,A generic description of the show content.,100.0
s1820,Movie,Show Title 1820,Director 20,"Actor 0, Actor 1, Actor 2, Actor 3, Actor 4, Actor 5",United States,"January 10, 2022",2022,TV-MA,133 min,"Documentary, Thriller",A generic description of the show content.,100.0
s1821,Movie,Show Title 1821,Director 21,"Actor 0, Actor 1, Actor 2, Actor 3, Actor 4, Actor 5, Actor 6, Actor 7",United States,"January 12, 2012",2011,TV-PG,174 min,"Action, Documentary, Sci-Fi",A generic description of the show content.,100.0
s1822,Movie,Show Title 1822,Director 22,"Actor 0, Actor 1, Actor 2, Actor 3, Actor 4, Actor 5, Actor 6, Actor 7",India,"January 11, 2009",2009,TV-MA,158 min,Drama,A generic description of the show content.,100.0
s1823,TV Show,Show Title 1823,Director 23,"Actor 0, Actor 1, Actor 2, Actor 3, Actor 4, Actor 5",United States,"January 12, 1994",1992,TV-MA,1 Season,Sci-Fi,A generic description of the show content.,63.5
s1824,Movie,Show Title 1824,Director 24,"Actor 0, Actor 1, Actor 2",Japan,"January 26, 1995",1994,TV-14,110 min,Romance,A generic description of the show content.,68.7
s1825,Movie,Show Title 1825,Director 25,"Actor 0, Actor 1, Actor 2, Actor 3, Actor 4",United States,"January 21, 2013",2011,R,141 min,Documentary,A generic description of the show content.,100.0
s1826,Movie,Show Title 1826,Director 26,"Actor 0, Actor 1, Actor 2, Actor 3, Actor 4, Actor 5, Actor 6, Actor 7, Actor 8, Actor 9",United States,"January 20, 1997",1996,R,116 min,"Action, Documentary",A generic description of the show content.,78.1
s1827,Movie,Show Title 1827,Director 27,"Actor 0, Actor 1, Actor 2, Actor 3, Actor 4",South Korea,"January 14, 2022",2021,R,98 min,"Sci-Fi, Romance",A generic description of the show content.,100.0
s1828,TV Show,Show Title 1828,Director 28,"Actor 0, Actor 1, Actor 2, Actor 3, Actor 4, Actor 5, Actor 6, Actor 7, Actor 8, Actor 9",United States,"January 24, 2018",2016,TV-MA,3 Season,"Drama, Comedy, Action",A generic description of the show content.,100.0
s1829,TV Show,Show Title 1829,Director 29,"Actor 0, Actor 1, Actor 2, Actor 3",United States,"January 23, 1996",1994,PG-13,9 Season,Sci-Fi,A generic description of the show content.,69.2
s1830,TV Show,Show Title 1830,Director 30,"Actor 0, Actor 1, Actor 2, Actor 3",United States,"January 27, 1996",1994,PG-13,3 Season,Documentary,A generic description of the show content.,76.1
s1831,Movie,Show Title 1831,Director 31,"Actor 0, Actor 1, Actor 2, Actor 3, Actor 4",United Kingdom,"January 14, 1994",1993,R,128 min,"Drama, Sci-Fi, Documentary",A generic description of the show content.,76.8
s1832,Movie,Show Title 1832,Director 32,"Actor 0, Actor 1, Actor 2, Actor 3",United Kingdom,"January 25, 2020",2019,R,124 min,Documentary,A generic description of the show content.,100.0
s1833,Movie,Show Title 1833,Director 33,"Actor 0, Actor 1, Actor 2, Actor 3, Actor 4, Actor 5, Actor 6, Actor 7, Actor 8",United States,"January 15, 2020",2019,TV-14,102 min,Action,A generic description of the show content.,100.0
s1834,TV Show,Show Title 1834,Director 34,"Actor 0, Actor 1, Actor 2, Actor 3",United States,"January 28, 2009",2007,PG-13,8 Season,Thriller,A generic description of the show content.,82.4
s1835,Movie,Show Title 1835,Director 35,"Actor 0, Actor 1, Actor 2, Actor 3, Actor 4, Actor 5, Actor 6, Actor 7, Actor 8, Actor 9",United Kingdom,"January 8, 2024",2022,PG-13,179 min,"Romance, Thriller, Sci-Fi",A generic description of the show content.,100.0
s1836,Movie,Show Title 1836,Director 36,"Actor 0, Actor 1, Actor 2, Actor 3, Actor 4, Actor 5, Actor 6, Actor 7, Actor 8",India,"January 6, 2001",2001,R,171 min,"Drama, Romance",A generic description of the show content.,83.1
s1837,Movie,Show Title 1837,Director 37,"Actor 0, Actor 1, Actor 2, Actor 3, Actor 4, Actor 5, Actor 6",United States,"January 6, 2003",2003,TV-MA,152 min,"Documentary, Comedy, Drama",A generic description of the show content.,94.6
s1838,Movie,Show Title 1838,Director 38,"Actor 0, Actor 1, Actor 2, Actor 3, Actor 4, Actor 5, Actor 6, Actor 7",India,"January 26, 2004",2003,TV-PG,174 min,"Comedy, Drama",A generic description of the show content.,95.2
s1839,Movie,Show Title 1839,Director 39,"Actor 0, Actor 1, Actor 2, Actor 3, Actor 4, Actor 5, Actor 6",United States,"January 23, 1999",1999,TV-PG,110 min,Action,A generic description of the show content.,85.4
s1840,TV Show,Show Title 1840,Director 40,"Actor 0, Actor 1, Actor 2",India,"January 16, 2012",2010,R,9 Season,"Action, Thriller",A generic description of the show content.,94.7
s1841,TV Show,Show Title 1841,Director 41,"Actor 0, Actor 1",Japan,"January 19, 2005",2004,TV-14,3 Season,"Action, Comedy",A generic description of the show content.,66.2
s1842,TV Show,Show Title 1842,Director 42,"Actor 0, Actor 1, Actor 2, Actor 3, Actor 4, Actor 5, Actor 6, Actor 7, Actor 8",India,"January 20, 2023",2021,R,10 Season,"Romance, Drama, Comedy",A generic description of the show content.,100.0
s1843,Movie,Show Title 1843,Director 43,"Actor 0, Actor 1, Actor 2, Actor 3, Actor 4, Actor 5, Actor 6",India,"January 8, 2020",2018,TV-PG,88 min,Drama,A generic description of the show content.,100.0
s1844,Movie,Show Title 1844,Director 44,"Actor 0, Actor 1, Actor 2, Actor 3, Actor 4, Actor 5, Actor 6, Actor 7, Actor 8",India,"January 23, 2022",2021,TV-MA,172 min,Comedy,A generic description of the show content.,100.0
s1845,Movie,Show Title 1845,Director 45,"Actor 0, Actor 1",India,"January 26, 2025",2023,PG-13,111 min,Comedy,A generic description of the show content.,98.2
s1846,Movie,Show Title 1846,Director 46,"Actor 0, Actor 1",United States,"January 2, 1994",1993,TV-PG,150 min,Comedy,A generic description of the show content.,76.2
s1847,Movie,Show Title 1847,Director 47,"Actor 0, Actor 1, Actor 2, Actor 3, Actor 4, Actor 5, Actor 6",Japan,"January 22, 2019",2019,TV-14,146 min,"Documentary, Sci-Fi, Thriller",A generic description of the show content.,100.0
s1848,Movie,Show Title 1848,Director 48,"Actor 0, Actor 1, Actor 2, Actor 3, Actor 4",United States,"January 1, 2006",2005,TV-14,161 min,"Thriller, Drama, Romance",A generic description of the show content.,100.0
s1849,Movie,Show Title 1849,Director 49,"Actor 0, Actor 1, Actor 2",United States,"January 12, 1995",1995,TV-MA,153 min,"Action, Drama, Thriller",A generic description of the show content.,77.8
s1850,TV Show,Show Title 1850,Director 50,"Actor 0, Actor 1, Actor 2, Actor 3",India,"January 25, 1997",1995,TV-PG,1 Season,Romance,A generic description of the show content.,64.0
s1851,TV Show,Show Title 1851,Director 51,"Actor 0, Actor 1, Actor 2, Actor 3, Actor 4, Actor 5",United Kingdom,"January 21, 1997",1995,TV-PG,5 Season,Thriller,A generic description of the show content.,92.3
s1852,Movie,Show Title 1852,Director 52,"Actor 0, Actor 1, Actor 2, Actor 3, Actor 4",United Kingdom,"January 22, 2004",2002,R,80 min,"Thriller, Sci-Fi, Drama",A generic description of the show content.,76.1
s1853,Movie,Show Title 1853,Director 53,"Actor 0, Actor 1, Actor 2, Actor 3",South Korea,"January 24, 1999",1999,PG-13,130 min,Romance,A generic description of the show content.,85.7
s1854,Movie,Show Title 1854,Director 54,"Actor 0, Actor 1, Actor 2, Actor 3",United States,"January 2, 2019",2019,TV-PG,132 min,"Sci-Fi, Romance",A generic description of the show content.,100.0
s1855,TV Show,Show Title 1855,Director 55,"Actor 0, Actor 1, Actor 2, Actor 3",United Kingdom,"January 6, 1997",1997,PG-13,2 Season,"Thriller, Drama",A generic description of the show content.,71.8
s1856,Movie,Show Title 1856,Director 56,"Actor 0, Actor 1, Actor 2, Actor 3, Actor 4, Actor 5, Actor 6, Actor 7, Actor 8, Actor 9",United States,"January 25, 1999",1998,TV-MA,172 min,"Romance, Sci-Fi",A generic description of the show content.,100.0
s1857,Movie,Show Title 1857,Director 57,"Actor 0, Actor 1, Actor 2, Actor 3, Actor 4, Actor 5, Actor 6, Actor 7",United Kingdom,"January 13, 2004",2003,TV-MA,84 min,"Documentary, Comedy",A generic description of the show content.,88.0
s1858,Movie,Show Title 1858,Director 58,"Actor 0, Actor 1, Actor 2",United Kingdom,"January 5, 2020",2019,TV-MA,163 min,"Sci-Fi, Action, Documentary",A generic description of the show content.,100.0
s1859,Movie,Show Title 1859,Director 59,"Actor 0, Actor 1, Actor 2, Actor 3, Actor 4, Actor 5, Actor 6",United States,"January 5, 2015",2015,TV-PG,160 min,"Comedy, Action, Drama",A generic description of the show content.,100.0
s1860,Movie,Show Title 1860,Director 60,"Actor 0, Actor 1, Actor 2, Actor 3, Actor 4, Actor 5, Actor 6, Actor 7",United States,"January 27, 2002",2002,PG-13,169 min,"Action, Romance",A generic description of the show content.,92.7
s1861,TV Show,Show Title 1861,Director 61,"Actor 0, Actor 1, Actor 2",United States,"January 8, 2013",2012,PG-13,3 Season,"Documentary, Thriller, Drama",A generic description of the show content.,100.0
s1862,Movie,Show Title 1862,Director 62,"Actor 0, Actor 1, Actor 2, Actor 3, Actor 4, Actor 5, Actor 6, Actor 7",United States,"January 10, 2012",2012,TV-MA,150 min,"Documentary, Action",A generic description of the show content.,100.0
s1863,TV Show,Show Title 1863,Director 63,"Actor 0, Actor 1, Actor 2, Actor 3, Actor 4, Actor 5, Actor 6, Actor 7, Actor 8",United States,"January 2, 1995",1994,PG-13,3 Season,Comedy,A generic description of the show content.,61.5
s1864,Movie,Show Title 1864,Director 64,"Actor 0, Actor 1, Actor 2, Actor 3",United States,"January 20, 2006",2004,PG-13,151 min,"Action, Drama",A generic description of the show content.,100.0
s1865,Movie,Show Title 1865,Director 65,"Actor 0, Actor 1",United Kingdom,"January 14, 1995",1995,TV-MA,135 min,"Sci-Fi, Documentary",A generic description of the show content.,49.9
s1866,Movie,Show Title 1866,Director 66,"Actor 0, Actor 1",United States,"January 8, 1998",1996,TV-14,123 min,"Action, Comedy",A generic description of the show content.,83.3
s1867,Movie,Show Title 1867,Director 67,"Actor 0, Actor 1, Actor 2, Actor 3, Actor 4, Actor 5, Actor 6, Actor 7, Actor 8",United States,"January 12, 1992",1991,TV-14,158 min,"Thriller, Sci-Fi",A generic description of the show content.,85.8
s1868,Movie,Show Title 1868,Director 68,"Actor 0, Actor 1, Actor 2, Actor 3, Actor 4",United States,"January 9, 2013",2012,PG-13,127 min,"Thriller, Comedy",A generic description of the show content.,87.1
s1869,Movie,Show Title 1869,Director 69,"Actor 0, Actor 1",Japan,"January 18, 2019",2019,PG-13,135 min,Drama,A generic description of the show content.,100.0
s1870,TV Show,Show Title 1870,Director 70,"Actor 0, Actor 1, Actor 2, Actor 3, Actor 4, Actor 5, Actor 6, Actor 7",India,"January 18, 1992",1992,PG-13,4 Season,Sci-Fi,A generic description of the show content.,62.9
s1871,Movie,Show Title 1871,Director 71,"Actor 0, Actor 1, Actor 2, Actor 3, Actor 4, Actor 5, Actor 6, Actor 7, Actor 8, Actor 9",United States,"January 2, 1997",1995,PG-13,142 min,Thriller,A generic description of the show content.,80.4
s1872,Movie,Show Title 1872,Director 72,"Actor 0, Actor 1",Japan,"January 28, 2015",2013,PG-13,137 min,Comedy,A generic description of the show content.,90.4
s1873,TV Show,Show Title 1873,Director 73,"Actor 0, Actor 1",United Kingdom,"January 14, 2020",2019,PG-13,2 Season,Documentary,A generic description of the show content.,100.0
s1874,Movie,Show Title 1874,Director 74,"Actor 0, Actor 1, Actor 2, Actor 3, Actor 4, Actor 5",India,"January 12, 2006",2004,TV-14,122 min,Drama,A generic description of the show content.,100.0
s1875,Movie,Show Title 1875,Director 75,"Actor 0, Actor 1, Actor 2, Actor 3, Actor 4",United States,"January 1, 2015",2015,TV-PG,102 min,Romance,A generic description of the show content.,100.0
s1876,Movie,Show Title 1876,Director 76,"Actor 0, Actor 1, Actor 2, Actor 3, Actor 4, Actor 5, Actor 6, Actor 7",United States,"January 20, 2024",2023,R,166 min,"Thriller, Sci-Fi",A generic description of the show content.,100.0
s1877,Movie,Show Title 1877,Director 77,"Actor 0, Actor 1, Actor 2, Actor 3, Actor 4",United States,"January 20, 1991",1990,TV-MA,122 min,Romance,A generic description of the show content.,62.9
s1878,TV Show,Show Title 1878,Director 78,"Actor 0, Actor 1, Actor 2, Actor 3",South Korea,"January 3, 2019",2018,TV-PG,5 Season,"Thriller, Sci-Fi",A generic description of the show content.,88.2
s1879,Movie,Show Title 1879,Director 79,"Actor 0, Actor 1",United States,"January 9, 1999",1998,R,169 min,"Drama, Sci-Fi",A generic description of the show content.,67.9
s1880,Movie,Show Title 1880,Director 80,"Actor 0, Actor 1",United States,"January 15, 2013",2011,R,160 min,"Drama, Sci-Fi, Romance",A generic description of the show content.,100.0
s1881,Movie,Show Title 1881,Director 81,"Actor 0, Actor 1, Actor 2, Actor 3, Actor 4, Actor 5",United States,"January 19, 2006",2006,TV-PG,84 min,Romance,A generic description of the show content.,100.0
s1882,TV Show,Show Title 1882,Director 82,"Actor 0, Actor 1, Actor 2, Actor 3, Actor 4",India,"January 22, 2009",2007,PG-13,10 Season,Action,A generic description of the show content.,83.2
s1883,Movie,Show Title 1883,Director 83,"Actor 0, Actor 1, Actor 2, Actor 3, Actor 4, Actor 5",United States,"January 21, 2008",2006,R,158 min,"Documentary, Drama, Sci-Fi",A generic description of the show content.,90.1
s1884,TV Show,Show Title 1884,Director 84,"Actor 0, Actor 1, Actor 2, Actor 3, Actor 4",United States,"January 15, 2025",2023,R,8 Season,"Comedy, Romance, Drama",A generic description of the show content.,100.0
s1885,Movie,Show Title 1885,Director 85,"Actor 0, Actor 1, Actor 2, Actor 3, Actor 4, Actor 5, Actor 6, Actor 7",Japan,"January 13, 2014",2014,TV-MA,157 min,"Romance, Action, Drama",A generic description of the show content.,100.0
s1886,Movie,Show Title 1886,Director 86,"Actor 0, Actor 1, Actor 2, Actor 3, Actor 4",United States,"January 8, 1993",1993,TV-14,142 min,"Documentary, Action",A generic description of the show content.,66.4
s1887,Movie,Show Title 1887,Director 87,"Actor 0, Actor 1, Actor 2",United States,"January 20, 2023",2022,PG-13,165 min,"Documentary, Action, Sci-Fi",A generic description of the show content.,100.0
s1888,Movie,Show Title 1888,Director 88,"Actor 0, Actor 1, Actor 2, Actor 3",Japan,"January 1, 2006",2006,R,101 min,"Sci-Fi, Romance",A generic description of the show content.,82.3
s1889,Movie,Show Title 1889,Director 89,"Actor 0, Actor 1, Actor 2, Actor 3, Actor 4, Actor 5, Actor 6, Actor 7",India,"January 2, 2024",2024,PG-13,101 min,Drama,A generic description of the show content.,100.0
s1890,Movie,Show Title 1890,Director 90,"Actor 0, Actor 1, Actor 2, Actor 3, Actor 4, Actor 5, Actor 6",United Kingdom,"January 22, 2008",2006,TV-PG,92 min,"Sci-Fi, Drama, Comedy",A generic description of the show content.,100.0
s1891,Movie,Show Title 1891,Director 91,"Actor 0, Actor 1, Actor 2, Actor 3, Actor 4, Actor 5, Actor 6, Actor 7, Actor 8",India,"January 1, 2020",2018,TV-PG,98 min,Drama,A generic description of the show content.,100.0
s1892,Movie,Show Title 1892,Director 92,"Actor 0, Actor 1, Actor 2, Actor 3, Actor 4, Actor 5, Actor 6, Actor 7",India,"January 9, 2009",2008,TV-PG,164 min,"Drama, Sci-Fi, Documentary",A generic description of the show content.,98.6
s1893,Movie,Show Title 1893,Director 93,"Actor 0, Actor 1, Actor 2, Actor 3, Actor 4, Actor 5, Actor 6, Actor 7, Actor 8",United Kingdom,"January 17, 2019",2018,R,125 min,"Documentary, Romance, Comedy",A generic description of the show content.,100.0
s1894,TV Show,Show Title 1894,Director 94,"Actor 0, Actor 1, Actor 2, Actor 3, Actor 4, Actor 5, Actor 6, Actor 7",India,"January 16, 1994",1993,R,1 Season,"Documentary, Drama",A generic description of the show content.,79.6
s1895,Movie,Show Title 1895,Director 95,"Actor 0, Actor 1, Actor 2, Actor 3, Actor 4, Actor 5",Japan,"January 20, 2002",2001,PG-13,104 min,"Documentary, Drama",A generic description of the show content.,84.8
s1896,TV Show,Show Title 1896,Director 96,"Actor 0, Actor 1, Actor 2, Actor 3, Actor 4, Actor 5",United Kingdom,"January 26, 2000",2000,TV-PG,9 Season,"Romance, Documentary",A generic description of the show content.,79.4
s1897,Movie,Show Title 1897,Director 97,"Actor 0, Actor 1, Actor 2, Actor 3, Actor 4, Actor 5, Actor 6, Actor 7, Actor 8",India,"January 22, 2024",2022,PG-13,99 min,"Romance, Thriller",A generic description of the show content.,100.0
s1898,Movie,Show Title 1898,Director 98,"Actor 0, Actor 1, Actor 2",India,"January 26, 2006",2004,R,171 min,Action,A generic description of the show content.,92.6
s1899,Movie,Show Title 1899,Director 99,"Actor 0, Actor 1, Actor 2, Actor 3, Actor 4, Actor 5",India,"January 22, 2023",2021,TV-PG,150 min,"Comedy, Sci-Fi, Thriller",A generic description of the show content.,100.0
s1900,Movie,Show Title 1900,Director 0,"Actor 0, Actor 1, Actor 2, Actor 3, Actor 4, Actor 5, Actor 6, Actor 7, Actor 8",United States,"January 19, 2016",2014,R,125 min,Sci-Fi,A generic description of the show content.,100.0
s1901,Movie,Show Title 1901,Director 1,"Actor 0, Actor 1, Actor 2, Actor 3, Actor 4, Actor 5, Actor 6, Actor 7",United Kingdom,"January 18, 2016",2016,TV-14,169 min,"Action, Documentary, Thriller",A generic description of the show content.,100.0
s1902,TV Show,Show Title 1902,Director 2,"Actor 0, Actor 1, Actor 2, Actor 3, Actor 4, Actor 5, Actor 6, Actor 7, Actor 8",India,"January 1, 2007",2007,TV-PG,8 Season,"Action, Comedy, Drama",A generic description of the show content.,100.0
s1903,Movie,Show Title 1903,Director 3,"Actor 0, Actor 1, Actor 2, Actor 3, Actor 4, Actor 5",United States,"January 18, 2002",2000,TV-MA,125 min,"Sci-Fi, Comedy, Thriller",A generic description of the show content.,85.7
s1904,Movie,Show Title 1904,Director 4,"Actor 0, Actor 1, Actor 2, Actor 3, Actor 4",South Korea,"January 20, 2004",2004,R,114 min,"Thriller, Documentary, Romance",A generic description of the show content.,84.9
s1905,Movie,Show Title 1905,Director 5,"Actor 0, Actor 1, Actor 2",United States,"January 14, 2020",2020,TV-PG,99 min,"Thriller, Documentary, Romance",A generic description of the show content.,100.0
s1906,TV Show,Show Title 1906,Director 6,"Actor 0, Actor 1, Actor 2, Actor 3, Actor 4",United States,"January 12, 1996",1994,TV-PG,4 Season,Documentary,A generic description of the show content.,55.3
s1907,Movie,Show Title 1907,Director 7,"Actor 0, Actor 1, Actor 2, Actor 3, Actor 4",United States,"January 16, 2005",2003,R,171 min,"Drama, Comedy",A generic description of the show content.,78.2
s1908,TV Show,Show Title 1908,Director 8,"Actor 0, Actor 1, Actor 2, Actor 3, Actor 4, Actor 5, Actor 6, Actor 7, Actor 8, Actor 9",United States,"January 4, 2006",2005,TV-14,1 Season,"Action, Documentary",A generic description of the show content.,90.6
s1909,TV Show,Show Title 1909,Director 9,"Actor 0, Actor 1, Actor 2, Actor 3, Actor 4, Actor 5, Actor 6, Actor 7, Actor 8",United Kingdom,"January 5, 2001",2000,PG-13,6 Season,"Sci-Fi, Action",A generic description of the show content.,94.4
s1910,Movie,Show Title 1910,Director 10,"Actor 0, Actor 1, Actor 2, Actor 3, Actor 4, Actor 5, Actor 6, Actor 7",India,"January 13, 1992",1992,R,104 min,"Action, Sci-Fi, Drama",A generic description of the show content.,96.3
s1911,TV Show,Show Title 1911,Director 11,"Actor 0, Actor 1, Actor 2, Actor 3, Actor 4, Actor 5",India,"January 20, 1996",1994,TV-PG,9 Season,Romance,A generic description of the show content.,95.3
s1912,TV Show,Show Title 1912,Director 12,"Actor 0, Actor 1, Actor 2, Actor 3, Actor 4, Actor 5, Actor 6, Actor 7, Actor 8, Actor 9",United Kingdom,"January 5, 2024",2024,TV-14,9 Season,"Drama, Thriller, Romance",A generic description of the show content.,100.0
s1913,Movie,Show Title 1913,Director 13,"Actor 0, Actor 1, Actor 2, Actor 3, Actor 4, Actor 5, Actor 6",United States,"January 20, 2023",2023,R,93 min,Sci-Fi,A generic description of the show content.,100.0
s1914,Movie,Show Title 1914,Director 14,"Actor 0, Actor 1, Actor 2, Actor 3, Actor 4",South Korea,"January 23, 2026",2024,R,134 min,"Romance, Documentary, Sci-Fi",A generic description of the show content.,98.0
s1915,Movie,Show Title 1915,Director 15,"Actor 0, Actor 1, Actor 2",India,"January 11, 2010",2009,TV-PG,144 min,"Documentary, Action",A generic description of the show content.,89.1
s1916,Movie,Show Title 1916,Director 16,"Actor 0, Actor 1, Actor 2, Actor 3",United States,"January 24, 1995",1993,TV-MA,94 min,Documentary,A generic description of the show content.,59.6
s1917,Movie,Show Title 1917,Director 17,"Actor 0, Actor 1, Actor 2, Actor 3, Actor 4, Actor 5, Actor 6, Actor 7",United Kingdom,"January 23, 2020",2020,TV-14,126 min,Romance,A generic description of the show content.,100.0
s1918,Movie,Show Title 1918,Director 18,"Actor 0, Actor 1, Actor 2, Actor 3, Actor 4, Actor 5, Actor 6, Actor 7, Actor 8, Actor 9",India,"January 25, 2019",2017,R,167 min,"Drama, Comedy, Documentary",A generic description of the show content.,100.0
s1919,Movie,Show Title 1919,Director 19,"Actor 0, Actor 1, Actor 2, Actor 3, Actor 4, Actor 5",United States,"January 11, 2017",2016,TV-PG,170 min,"Comedy, Drama, Documentary",A generic description of the show content.,100.0
s1920,Movie,Show Title 1920,Director 20,"Actor 0, Actor 1, Actor 2, Actor 3, Actor 4, Actor 5",India,"January 26, 1993",1993,TV-14,83 min,"Romance, Sci-Fi, Documentary",A generic description of the show content.,51.7
s1921,Movie,Show Title 1921,Director 21,"Actor 0, Actor 1, Actor 2, Actor 3, Actor 4, Actor 5",India,"January 26, 2003",2001,TV-PG,86 min,"Thriller, Sci-Fi",A generic description of the show content.,91.0
s1922,Movie,Show Title 1922,Director 22,"Actor 0, Actor 1, Actor 2, Actor 3, Actor 4, Actor 5",India,"January 6, 2016",2016,TV-14,86 min,"Sci-Fi, Thriller",A generic description of the show content.,95.3
s1923,Movie,Show Title 1923,Director 23,"Actor 0, Actor 1",Japan,"January 19, 2022",2021,TV-14,176 min,"Action, Documentary",A generic description of the show content.,100.0
s1924,TV Show,Show Title 1924,Director 24,"Actor 0, Actor 1, Actor 2, Actor 3, Actor 4",South Korea,"January 28, 2003",2002,TV-14,9 Season,"Drama, Thriller, Comedy",A generic description of the show content.,100.0
s1925,TV Show,Show Title 1925,Director 25,"Actor 0, Actor 1, Actor 2, Actor 3, Actor 4, Actor 5",Japan,"January 2, 1998",1998,R,3 Season,"Action, Romance",A generic description of the show content.,74.8
s1926,Movie,Show Title 1926,Director 26,"Actor 0, Actor 1, Actor 2, Actor 3, Actor 4, Actor 5, Actor 6, Actor 7",United Kingdom,"January 6, 2012",2012,PG-13,109 min,Drama,A generic description of the show content.,83.7
s1927,Movie,Show Title 1927,Director 27,"Actor 0, Actor 1, Actor 2, Actor 3, Actor 4, Actor 5, Actor 6, Actor 7, Actor 8",United States,"January 10, 2019",2018,TV-MA,134 min,"Romance, Sci-Fi",A generic description of the show content.,100.0
s1928,TV Show,Show Title 1928,Director 28,"Actor 0, Actor 1, Actor 2, Actor 3",United Kingdom,"January 9, 2016",2014,PG-13,1 Season,Drama,A generic description of the show content.,100.0
s1929,Movie,Show Title 1929,Director 29,"Actor 0, Actor 1",South Korea,"January 1, 2024",2022,PG-13,112 min,"Sci-Fi, Documentary, Thriller",A generic description of the show content.,100.0
s1930,Movie,Show Title 1930,Director 30,"Actor 0, Actor 1, Actor 2, Actor 3, Actor 4",India,"January 28, 2015",2015,TV-MA,141 min,"Thriller, Documentary, Comedy",A generic description of the show content.,90.2
s1931,Movie,Show Title 1931,Director 31,"Actor 0, Actor 1, Actor 2, Actor 3, Actor 4, Actor 5",Japan,"January 15, 2012",2012,R,136 min,Sci-Fi,A generic description of the show content.,100.0
s1932,TV Show,Show Title 1932,Director 32,"Actor 0, Actor 1, Actor 2",Japan,"January 6, 2017",2017,TV-MA,2 Season,Romance,A generic description of the show content.,96.8
s1933,Movie,Show Title 1933,Director 33,"Actor 0, Actor 1, Actor 2, Actor 3, Actor 4, Actor 5, Actor 6",United States,"January 23, 2022",2020,R,123 min,Thriller,A generic description of the show content.,100.0
s1934,TV Show,Show Title 1934,Director 34,"Actor 0, Actor 1, Actor 2, Actor 3",India,"January 12, 2020",2019,TV-PG,9 Season,"Sci-Fi, Romance",A generic description of the show content.,100.0
s1935,Movie,Show Title 1935,Director 35,"Actor 0, Actor 1, Actor 2, Actor 3, Actor 4, Actor 5",United States,"January 2, 2004",2004,R,144 min,"Action, Sci-Fi",A generic description of the show content.,78.0
s1936,Movie,Show Title 1936,Director 36,"Actor 0, Actor 1, Actor 2, Actor 3",United Kingdom,"January 28, 2008",2008,PG-13,163 min,"Action, Romance",A generic description of the show content.,97.5
s1937,Movie,Show Title 1937,Director 37,"Actor 0, Actor 1, Actor 2, Actor 3, Actor 4, Actor 5, Actor 6, Actor 7, Actor 8",South Korea,"January 22, 2001",1999,PG-13,171 min,"Action, Documentary",A generic description of the show content.,96.2
s1938,Movie,Show Title 1938,Director 38,"Actor 0, Actor 1, Actor 2, Actor 3, Actor 4, Actor 5",South Korea,"January 21, 2017",2015,TV-MA,177 min,Comedy,A generic description of the show content.,100.0
s1939,Movie,Show Title 1939,Director 39,"Actor 0, Actor 1, Actor 2, Actor 3, Actor 4, Actor 5, Actor 6",United States,"January 23, 2024",2024,TV-PG,128 min,"Comedy, Drama, Thriller",A generic description of the show content.,100.0
s1940,Movie,Show Title 1940,Director 40,"Actor 0, Actor 1, Actor 2, Actor 3, Actor 4, Actor 5, Actor 6",Japan,"January 23, 2016",2014,TV-MA,111 min,Action,A generic description of the show content.,100.0
s1941,Movie,Show Title 1941,Director 41,"Actor 0, Actor 1, Actor 2, Actor 3, Actor 4, Actor 5",United Kingdom,"January 20, 2004",2004,TV-14,121 min,"Documentary, Sci-Fi, Comedy",A generic description of the show content.,84.1
s1942,TV Show,Show Title 1942,Director 42,"Actor 0, Actor 1, Actor 2, Actor 3, Actor 4, Actor 5, Actor 6, Actor 7, Actor 8, Actor 9",Japan,"January 3, 1992",1990,R,1 Season,"Sci-Fi, Romance, Drama",A generic description of the show content.,82.7
s1943,Movie,Show Title 1943,Director 43,"Actor 0, Actor 1, Actor 2, Actor 3, Actor 4, Actor 5",India,"January 9, 2023",2022,TV-14,88 min,"Action, Comedy",A generic description of the show content.,100.0
s1944,Movie,Show Title 1944,Director 44,"Actor 0, Actor 1, Actor 2, Actor 3, Actor 4, Actor 5, Actor 6, Actor 7, Actor 8",India,"January 20, 2026",2024,TV-MA,106 min,"Action, Romance, Drama",A generic description of the show content.,100.0
s1945,Movie,Show Title 1945,Director 45,"Actor 0, Actor 1, Actor 2, Actor 3, Actor 4",United Kingdom,"January 21, 1998",1996,PG-13,81 min,"Romance, Sci-Fi, Action",A generic description of the show content.,75.3
s1946,Movie,Show Title 1946,Director 46,"Actor 0, Actor 1, Actor 2, Actor 3, Actor 4, Actor 5, Actor 6, Actor 7",India,"January 19, 2024",2022,TV-PG,145 min,"Action, Documentary, Thriller",A generic description of the show content.,100.0
s1947,TV Show,Show Title 1947,Director 47,"Actor 0, Actor 1, Actor 2, Actor 3",Japan,"January 27, 1994",1993,PG-13,5 Season,"Thriller, Documentary",A generic description of the show content.,67.2
s1948,Movie,Show Title 1948,Director 48,"Actor 0, Actor 1, Actor 2",India,"January 28, 2000",1998,TV-PG,112 min,"Comedy, Drama",A generic description of the show content.,89.3
s1949,Movie,Show Title 1949,Director 49,"Actor 0, Actor 1, Actor 2, Actor 3, Actor 4, Actor 5, Actor 6, Actor 7, Actor 8, Actor 9",South Korea,"January 21, 2006",2006,TV-PG,102 min,"Comedy, Sci-Fi",A generic description of the show content.,98.5
s1950,Movie,Show Title 1950,Director 50,"Actor 0, Actor 1, Actor 2",India,"January 21, 2007",2005,TV-PG,152 min,Comedy,A generic description of the show content.,65.8
s1951,Movie,Show Title 1951,Director 51,"Actor 0, Actor 1, Actor 2, Actor 3, Actor 4, Actor 5, Actor 6, Actor 7, Actor 8, Actor 9",United States,"January 28, 2002",2000,PG-13,152 min,Comedy,A generic description of the show content.,100.0
s1952,TV Show,Show Title 1952,Director 52,"Actor 0, Actor 1",India,"January 27, 2003",2003,PG-13,3 Season,Drama,A generic description of the show content.,74.4
s1953,Movie,Show Title 1953,Director 53,"Actor 0, Actor 1, Actor 2, Actor 3, Actor 4, Actor 5, Actor 6, Actor 7, Actor 8, Actor 9",United States,"January 13, 1991",1990,R,82 min,Romance,A generic description of the show content.,68.5
s1954,Movie,Show Title 1954,Director 54,"Actor 0, Actor 1, Actor 2, Actor 3, Actor 4, Actor 5, Actor 6, Actor 7, Actor 8",United States,"January 23, 1992",1991,PG-13,145 min,"Documentary, Romance, Sci-Fi",A generic description of the show content.,68.5
s1955,Movie,Show Title 1955,Director 55,"Actor 0, Actor 1, Actor 2, Actor 3, Actor 4, Actor 5",United States,"January 2, 2010",2008,TV-MA,104 min,"Thriller, Drama",A generic description of the show content.,100.0
s1956,TV Show,Show Title 1956,Director 56,"Actor 0, Actor 1",United States,"January 26, 2011",2010,TV-14,4 Season,"Drama, Documentary, Romance",A generic description of the show content.,72.6
s1957,Movie,Show Title 1957,Director 57,"Actor 0, Actor 1, Actor 2, Actor 3, Actor 4, Actor 5, Actor 6",United Kingdom,"January 27, 2000",1998,PG-13,104 min,"Action, Thriller",A generic description of the show content.,100.0
s1958,Movie,Show Title 1958,Director 58,"Actor 0, Actor 1, Actor 2, Actor 3, Actor 4, Actor 5, Actor 6",United States,"January 27, 1992",1991,TV-14,138 min,"Comedy, Drama",A generic description of the show content.,86.1
s1959,TV Show,Show Title 1959,Director 59,"Actor 0, Actor 1",India,"January 14, 2019",2018,R,2 Season,"Drama, Romance",A generic description of the show content.,100.0
s1960,Movie,Show Title 1960,Director 60,"Actor 0, Actor 1, Actor 2",United States,"January 23, 1990",1990,TV-MA,162 min,"Action, Sci-Fi",A generic description of the show content.,65.5
s1961,TV Show,Show Title 1961,Director 61,"Actor 0, Actor 1, Actor 2, Actor 3, Actor 4, Actor 5",United States,"January 25, 2020",2018,R,9 Season,"Drama, Thriller",A generic description of the show content.,100.0
s1962,Movie,Show Title 1962,Director 62,"Actor 0, Actor 1, Actor 2, Actor 3, Actor 4, Actor 5, Actor 6, Actor 7",United Kingdom,"January 18, 2013",2013,TV-14,178 min,"Sci-Fi, Comedy, Thriller",A generic description of the show content.,100.0
s1963,Movie,Show Title 1963,Director 63,"Actor 0, Actor 1",United States,"January 17, 2015",2015,TV-PG,100 min,"Documentary, Thriller",A generic description of the show content.,100.0
s1964,Movie,Show Title 1964,Director 64,"Actor 0, Actor 1, Actor 2",India,"January 12, 1997",1997,TV-14,140 min,"Romance, Sci-Fi, Thriller",A generic description of the show content.,77.1
s1965,TV Show,Show Title 1965,Director 65,"Actor 0, Actor 1, Actor 2, Actor 3, Actor 4, Actor 5, Actor 6, Actor 7, Actor 8",India,"January 13, 2013",2013,TV-PG,8 Season,Documentary,A generic description of the show content.,100.0
s1966,Movie,Show Title 1966,Director 66,"Actor 0, Actor 1, Actor 2, Actor 3, Actor 4, Actor 5, Actor 6, Actor 7, Actor 8",United States,"January 28, 1997",1995,TV-PG,96 min,"Romance, Action",A generic description of the show content.,83.5
s1967,Movie,Show Title 1967,Director 67,"Actor 0, Actor 1, Actor 2",Japan,"January 18, 2001",2001,TV-PG,128 min,Action,A generic description of the show content.,81.0
s1968,Movie,Show Title 1968,Director 68,"Actor 0, Actor 1, Actor 2, Actor 3, Actor 4, Actor 5, Actor 6, Actor 7, Actor 8, Actor 9",United States,"January 11, 1994",1994,R,180 min,"Action, Sci-Fi",A generic description of the show content.,84.1
s1969,Movie,Show Title 1969,Director 69,"Actor 0, Actor 1, Actor 2, Actor 3, Actor 4, Actor 5, Actor 6, Actor 7",United States,"January 20, 1995",1995,PG-13,165 min,"Comedy, Thriller, Action",A generic description of the show content.,94.8
s1970,Movie,Show Title 1970,Director 70,"Actor 0, Actor 1, Actor 2, Actor 3, Actor 4, Actor 5, Actor 6, Actor 7",United Kingdom,"January 5, 2000",1999,TV-14,115 min,Documentary,A generic description of the show content.,90.4
s1971,Movie,Show Title 1971,Director 71,"Actor 0, Actor 1",United States,"January 26, 2022",2020,TV-14,122 min,"Documentary, Drama, Thriller",A generic description of the show content.,79.6
s1972,TV Show,Show Title 1972,Director 72,"Actor 0, Actor 1, Actor 2, Actor 3, Actor 4, Actor 5, Actor 6",United States,"January 16, 1998",1998,TV-14,2 Season,"Action, Romance, Sci-Fi",A generic description of the show content.,92.6
s1973,Movie,Show Title 1973,Director 73,"Actor 0, Actor 1, Actor 2, Actor 3, Actor 4, Actor 5, Actor 6",India,"January 16, 1990",1990,TV-PG,153 min,Comedy,A generic description of the show content.,70.9
s1974,Movie,Show Title 1974,Director 74,"Actor 0, Actor 1, Actor 2, Actor 3, Actor 4, Actor 5, Actor 6",United Kingdom,"January 14, 1995",1994,PG-13,160 min,"Comedy, Romance",A generic description of the show content.,74.8
s1975,Movie,Show Title 1975,Director 75,"Actor 0, Actor 1, Actor 2, Actor 3",United States,"January 18, 2000",1998,TV-14,115 min,"Comedy, Documentary",A generic description of the show content.,71.1
s1976,TV Show,Show Title 1976,Director 76,"Actor 0, Actor 1, Actor 2, Actor 3, Actor 4, Actor 5, Actor 6, Actor 7, Actor 8",Japan,"January 17, 2009",2007,TV-PG,1 Season,Drama,A generic description of the show content.,100.0
s1977,Movie,Show Title 1977,Director 77,"Actor 0, Actor 1, Actor 2, Actor 3, Actor 4, Actor 5, Actor 6, Actor 7",United Kingdom,"January 3, 2019",2018,TV-PG,110 min,Comedy,A generic description of the show content.,100.0
s1978,TV Show,Show Title 1978,Director 78,"Actor 0, Actor 1, Actor 2, Actor 3, Actor 4, Actor 5, Actor 6",United Kingdom,"January 18, 2015",2013,PG-13,1 Season,"Drama, Sci-Fi",A generic description of the show content.,100.0
s1979,Movie,Show Title 1979,Director 79,"Actor 0, Actor 1, Actor 2, Actor 3, Actor 4, Actor 5, Actor 6, Actor 7, Actor 8",India,"January 26, 1990",1990,PG-13,158 min,Sci-Fi,A generic description of the show content.,77.1
s1980,Movie,Show Title 1980,Director 80,"Actor 0, Actor 1",India,"January 27, 1994",1992,TV-MA,175 min,"Comedy, Thriller",A generic description of the show content.,52.3
s1981,Movie,Show Title 1981,Director 81,"Actor 0, Actor 1",United States,"January 16, 1995",1994,PG-13,135 min,"Action, Romance, Drama",A generic description of the show content.,56.2
s1982,TV Show,Show Title 1982,Director 82,"Actor 0, Actor 1, Actor 2, Actor 3, Actor 4",India,"January 26, 2011",2009,TV-MA,9 Season,"Action, Romance, Sci-Fi",A generic description of the show content.,92.2
s1983,TV Show,Show Title 1983,Director 83,"Actor 0, Actor 1, Actor 2, Actor 3, Actor 4, Actor 5, Actor 6",India,"January 5, 2018",2016,TV-14,10 Season,"Documentary, Comedy, Thriller",A generic description of the show content.,100.0
s1984,Movie,Show Title 1984,Director 84,"Actor 0, Actor 1, Actor 2, Actor 3",India,"January 16, 1997",1997,TV-14,132 min,"Drama, Documentary, Romance",A generic description of the show content.,88.0
s1985,TV Show,Show Title 1985,Director 85,"Actor 0, Actor 1, Actor 2, Actor 3",United States,"January 12, 1996",1994,TV-PG,1 Season,"Action, Drama",A generic description of the show content.,79.1
s1986,Movie,Show Title 1986,Director 86,"Actor 0, Actor 1, Actor 2, Actor 3, Actor 4, Actor 5, Actor 6",United Kingdom,"January 15, 1995",1994,TV-PG,139 min,"Comedy, Romance",A generic description of the show content.,82.3
s1987,TV Show,Show Title 1987,Director 87,"Actor 0, Actor 1, Actor 2, Actor 3, Actor 4, Actor 5, Actor 6, Actor 7",Japan,"January 28, 2012",2011,TV-PG,3 Season,"Documentary, Drama",A generic description of the show content.,100.0
s1988,Movie,Show Title 1988,Director 88,"Actor 0, Actor 1, Actor 2, Actor 3, Actor 4, Actor 5",United Kingdom,"January 18, 2020",2018,TV-MA,104 min,"Documentary, Comedy, Action",A generic description of the show content.,100.0
s1989,Movie,Show Title 1989,Director 89,"Actor 0, Actor 1, Actor 2, Actor 3, Actor 4, Actor 5",South Korea,"January 13, 2010",2010,TV-PG,109 min,"Sci-Fi, Romance",A generic description of the show content.,100.0
s1990,Movie,Show Title 1990,Director 90,"Actor 0, Actor 1, Actor 2, Actor 3, Actor 4, Actor 5, Actor 6, Actor 7",United States,"January 12, 2019",2018,TV-PG,136 min,"Romance, Drama",A generic description of the show content.,100.0
s1991,Movie,Show Title 1991,Director 91,"Actor 0, Actor 1, Actor 2, Actor 3",United States,"January 24, 2015",2015,TV-PG,100 min,Documentary,A generic description of the show content.,100.0
s1992,Movie,Show Title 1992,Director 92,"Actor 0, Actor 1, Actor 2, Actor 3, Actor 4, Actor 5",South Korea,"January 24, 2010",2010,TV-PG,93 min,Thriller,A generic description of the show content.,100.0
s1993,Movie,Show Title 1993,Director 93,"Actor 0, Actor 1, Actor 2, Actor 3, Actor 4, Actor 5, Actor 6, Actor 7",United States,"January 4, 1997",1995,PG-13,92 min,"Sci-Fi, Documentary",A generic description of the show content.,85.6
s1994,Movie,Show Title 1994,Director 94,"Actor 0, Actor 1, Actor 2, Actor 3",Japan,"January 6, 2020",2018,PG-13,167 min,"Drama, Romance",A generic description of the show content.,100.0
s1995,Movie,Show Title 1995,Director 95,"Actor 0, Actor 1, Actor 2, Actor 3",United Kingdom,"January 1, 2004",2004,TV-MA,120 min,"Romance, Drama",A generic description of the show content.,99.7
s1996,Movie,Show Title 1996,Director 96,"Actor 0, Actor 1, Actor 2, Actor 3, Actor 4, Actor 5, Actor 6, Actor 7",South Korea,"January 25, 2014",2012,PG-13,87 min,Comedy,A generic description of the show content.,100.0
s1997,Movie,Show Title 1997,Director 97,"Actor 0, Actor 1, Actor 2, Actor 3, Actor 4, Actor 5",United States,"January 15, 2005",2003,TV-PG,172 min,Action,A generic description of the show content.,82.7
s1998,Movie,Show Title 1998,Director 98,"Actor 0, Actor 1, Actor 2, Actor 3, Actor 4, Actor 5, Actor 6, Actor 7, Actor 8",India,"January 23, 1992",1992,TV-MA,143 min,Sci-Fi,A generic description of the show content.,74.4
s1999,Movie,Show Title 1999,Director 99,"Actor 0, Actor 1",India,"January 8, 2014",2012,PG-13,170 min,"Documentary, Romance, Action",A generic description of the show content.,89.6
